timestamp,test_id,test_name,face_detected,landmark_count,face_width_px,face_height_px,face_area_percent,face_center_x_percent,face_center_y_percent,yaw_deg,pitch_deg,roll_deg,fps
2026-08-14 16:06:15,1,FRONT,1,478,238,263,6.792,41.484,67.431,,,,0.25
2026-08-14 16:06:15,1,FRONT,1,478,242,274,7.195,41.719,68.611,,,,0.25
2026-08-14 16:06:15,1,FRONT,1,478,243,277,7.304,41.758,68.819,,,,0.25
2026-08-14 16:06:15,1,FRONT,1,478,242,278,7.3,41.719,68.889,,,,0.25
2026-08-14 16:06:15,1,FRONT,1,478,242,280,7.352,41.719,68.889,,,,0.25
2026-08-14 16:06:15,1,FRONT,1,478,243,280,7.383,41.758,68.889,,,,0.25
2026-08-14 16:06:15,1,FRONT,1,478,243,280,7.383,41.68,68.889,,,,0.25
2026-08-14 16:06:15,1,FRONT,1,478,244,282,7.466,41.719,68.75,,,,0.25
2026-08-14 16:06:15,1,FRONT,1,478,244,280,7.413,41.719,68.472,,,,0.25
2026-08-14 16:06:15,1,FRONT,1,478,242,280,7.352,41.875,68.333,,,,0.25
2026-08-14 16:06:16,1,FRONT,1,478,243,280,7.383,41.992,68.056,,,,0.25
2026-08-14 16:06:16,1,FRONT,1,478,243,281,7.409,41.992,67.986,,,,10.58
2026-08-14 16:06:16,1,FRONT,1,478,242,278,7.3,41.953,67.222,,,,10.58
2026-08-14 16:06:16,1,FRONT,1,478,242,280,7.352,41.953,67.222,,,,10.58
2026-08-14 16:06:16,1,FRONT,1,478,244,276,7.307,41.875,66.528,,,,10.58
2026-08-14 16:06:16,1,FRONT,1,478,240,276,7.187,41.562,66.667,,,,10.58
2026-08-14 16:06:16,1,FRONT,1,478,234,275,6.982,40.547,66.597,,,,10.58
2026-08-14 16:06:16,1,FRONT,1,478,248,279,7.508,38.984,64.375,,,,10.58
2026-08-14 16:06:16,1,FRONT,1,478,265,293,8.425,38.477,61.042,,,,10.58
2026-08-14 16:06:16,1,FRONT,1,478,291,309,9.757,37.695,57.569,,,,10.58
2026-08-14 16:06:17,1,FRONT,1,478,289,307,9.627,37.852,52.153,,,,10.58
2026-08-14 16:06:17,1,FRONT,1,478,305,331,10.954,38.633,47.847,,,,10.58
2026-08-14 16:06:17,1,FRONT,1,478,307,335,11.159,38.242,49.097,,,,10.01
2026-08-14 16:06:17,1,FRONT,0,0,0,0,0.0,0.0,0.0,,,,10.01
2026-08-14 16:06:17,1,FRONT,0,0,0,0,0.0,0.0,0.0,,,,10.01
2026-08-14 16:06:17,1,FRONT,0,0,0,0,0.0,0.0,0.0,,,,10.01
2026-08-14 16:06:17,1,FRONT,0,0,0,0,0.0,0.0,0.0,,,,10.01
2026-08-14 16:06:17,1,FRONT,0,0,0,0,0.0,0.0,0.0,,,,10.01
2026-08-14 16:06:17,1,FRONT,0,0,0,0,0.0,0.0,0.0,,,,10.01
2026-08-14 16:06:17,1,FRONT,0,0,0,0,0.0,0.0,0.0,,,,10.01
2026-08-14 16:06:18,1,FRONT,0,0,0,0,0.0,0.0,0.0,,,,10.01
2026-08-14 16:06:18,1,FRONT,0,0,0,0,0.0,0.0,0.0,,,,10.01
2026-08-14 16:06:18,1,FRONT,0,0,0,0,0.0,0.0,0.0,,,,10.01
2026-08-14 16:06:18,1,FRONT,0,0,0,0,0.0,0.0,0.0,,,,10.08
2026-08-14 16:06:18,1,FRONT,0,0,0,0,0.0,0.0,0.0,,,,10.08
2026-08-14 16:06:18,1,FRONT,0,0,0,0,0.0,0.0,0.0,,,,10.08
2026-08-14 16:06:18,1,FRONT,0,0,0,0,0.0,0.0,0.0,,,,10.08
2026-08-14 16:06:18,1,FRONT,0,0,0,0,0.0,0.0,0.0,,,,10.08
2026-08-14 16:06:18,1,FRONT,0,0,0,0,0.0,0.0,0.0,,,,10.08
2026-08-14 16:06:18,1,FRONT,0,0,0,0,0.0,0.0,0.0,,,,10.08
2026-08-14 16:06:19,1,FRONT,0,0,0,0,0.0,0.0,0.0,,,,10.08
2026-08-14 16:06:19,1,FRONT,0,0,0,0,0.0,0.0,0.0,,,,10.08
2026-08-14 16:06:19,1,FRONT,0,0,0,0,0.0,0.0,0.0,,,,10.08
2026-08-14 16:06:19,1,FRONT,0,0,0,0,0.0,0.0,0.0,,,,9.9
2026-08-14 16:06:19,1,FRONT,0,0,0,0,0.0,0.0,0.0,,,,9.9
2026-08-14 16:06:19,1,FRONT,0,0,0,0,0.0,0.0,0.0,,,,9.9
2026-08-14 16:06:19,1,FRONT,0,0,0,0,0.0,0.0,0.0,,,,9.9
2026-08-14 16:06:19,1,FRONT,0,0,0,0,0.0,0.0,0.0,,,,9.9
2026-08-14 16:06:19,1,FRONT,0,0,0,0,0.0,0.0,0.0,,,,9.9
2026-08-14 16:06:19,1,FRONT,1,478,352,364,13.903,28.906,45.556,,,,9.9
2026-08-14 16:06:20,1,FRONT,0,0,0,0,0.0,0.0,0.0,,,,9.9
2026-08-14 16:06:20,1,FRONT,0,0,0,0,0.0,0.0,0.0,,,,9.9
2026-08-14 16:06:20,1,FRONT,0,0,0,0,0.0,0.0,0.0,,,,9.9
2026-08-14 16:06:20,1,FRONT,0,0,0,0,0.0,0.0,0.0,,,,9.9
2026-08-14 16:06:20,1,FRONT,0,0,0,0,0.0,0.0,0.0,,,,10.12
2026-08-14 16:06:20,1,FRONT,0,0,0,0,0.0,0.0,0.0,,,,10.12
2026-08-14 16:06:20,1,FRONT,0,0,0,0,0.0,0.0,0.0,,,,10.12
2026-08-14 16:06:20,1,FRONT,0,0,0,0,0.0,0.0,0.0,,,,10.12
2026-08-14 16:06:20,1,FRONT,0,0,0,0,0.0,0.0,0.0,,,,10.12
2026-08-14 16:06:20,1,FRONT,1,478,271,297,8.733,44.18,50.486,,,,10.12
2026-08-14 16:06:21,1,FRONT,0,0,0,0,0.0,0.0,0.0,,,,10.12
2026-08-14 16:06:21,1,FRONT,1,478,252,286,7.82,43.359,55.972,,,,10.12
2026-08-14 16:06:21,1,FRONT,1,478,257,297,8.282,43.633,52.847,,,,10.12
2026-08-14 16:06:21,1,FRONT,1,478,259,300,8.431,43.867,53.333,,,,10.12
2026-08-14 16:06:21,1,FRONT,1,478,260,309,8.717,43.75,54.236,,,,9.92
2026-08-14 16:06:21,1,FRONT,1,478,262,311,8.841,43.594,54.653,,,,9.92
2026-08-14 16:06:21,1,FRONT,1,478,263,312,8.904,43.555,54.722,,,,9.92
2026-08-14 16:06:21,1,FRONT,1,478,264,311,8.909,43.75,54.653,,,,9.92
2026-08-14 16:06:21,1,FRONT,1,478,265,309,8.885,44.57,54.792,,,,9.92
2026-08-14 16:06:21,1,FRONT,1,478,272,310,9.149,45.312,54.722,,,,9.92
2026-08-14 16:06:22,1,FRONT,1,478,276,312,9.344,46.328,54.583,,,,9.92
2026-08-14 16:06:22,1,FRONT,1,478,276,314,9.404,46.953,53.611,,,,9.92
2026-08-14 16:06:22,1,FRONT,1,478,269,311,9.078,47.539,52.986,,,,9.92
2026-08-14 16:06:22,1,FRONT,1,478,269,310,9.048,47.617,53.056,,,,9.92
2026-08-14 16:06:22,1,FRONT,1,478,267,310,8.981,47.695,52.917,,,,9.92
2026-08-14 16:06:22,1,FRONT,1,478,265,302,8.684,47.539,52.5,,,,10.06
2026-08-14 16:06:22,1,FRONT,1,478,262,296,8.415,45.703,52.083,,,,10.06
2026-08-14 16:06:22,1,FRONT,1,478,276,300,8.984,44.219,51.944,,,,10.06
2026-08-14 16:06:22,1,FRONT,1,478,271,300,8.822,44.023,51.667,,,,10.06
2026-08-14 16:06:22,1,FRONT,1,478,272,301,8.884,44.141,51.875,,,,10.06
2026-08-14 16:06:23,1,FRONT,1,478,271,305,8.969,44.18,52.014,,,,10.06
2026-08-14 16:06:23,1,FRONT,1,478,272,306,9.031,44.219,52.083,,,,10.06
2026-08-14 16:06:23,1,FRONT,1,478,273,310,9.183,44.258,51.944,,,,10.06
2026-08-14 16:06:23,1,FRONT,1,478,274,315,9.365,44.375,51.319,,,,10.06
2026-08-14 16:06:23,1,FRONT,1,478,275,318,9.489,44.414,51.111,,,,10.06
2026-08-14 16:06:23,1,FRONT,1,478,274,320,9.514,44.453,51.111,,,,10.06
2026-08-14 16:06:23,1,FRONT,1,478,275,318,9.489,44.414,51.111,,,,10.04
2026-08-14 16:06:23,1,FRONT,1,478,277,319,9.588,44.414,51.042,,,,10.04
2026-08-14 16:06:23,1,FRONT,1,478,276,320,9.583,44.375,50.972,,,,10.04
2026-08-14 16:06:23,1,FRONT,1,478,277,320,9.618,44.336,50.833,,,,10.04
2026-08-14 16:06:24,1,FRONT,1,478,279,322,9.748,44.258,50.833,,,,10.04
2026-08-14 16:06:24,8,NEAR_CAMERA,1,478,278,321,9.683,44.297,50.764,,,,10.04
2026-08-14 16:06:24,8,NEAR_CAMERA,1,478,278,321,9.683,44.297,50.764,,,,10.04
2026-08-14 16:06:24,8,NEAR_CAMERA,1,478,278,322,9.713,44.297,50.694,,,,10.04
2026-08-14 16:06:24,8,NEAR_CAMERA,1,478,278,322,9.713,44.297,50.694,,,,10.04
2026-08-14 16:06:24,8,NEAR_CAMERA,1,478,278,322,9.713,44.297,50.694,,,,10.04
2026-08-14 16:06:24,8,NEAR_CAMERA,1,478,278,322,9.713,44.297,50.694,,,,10.04
2026-08-14 16:06:24,8,NEAR_CAMERA,1,478,278,322,9.713,44.297,50.694,,,,10.11
2026-08-14 16:06:24,8,NEAR_CAMERA,1,478,278,321,9.683,44.297,50.764,,,,10.11
2026-08-14 16:06:24,8,NEAR_CAMERA,1,478,278,321,9.683,44.297,50.764,,,,10.11
2026-08-14 16:06:25,8,NEAR_CAMERA,1,478,278,320,9.653,44.297,50.694,,,,10.11
2026-08-14 16:06:25,8,NEAR_CAMERA,1,478,277,320,9.618,44.258,50.694,,,,10.11
2026-08-14 16:06:25,8,NEAR_CAMERA,1,478,277,322,9.678,44.258,50.694,,,,10.11
2026-08-14 16:06:25,8,NEAR_CAMERA,1,478,277,325,9.768,44.258,50.764,,,,10.11
2026-08-14 16:06:25,8,NEAR_CAMERA,1,478,277,325,9.768,44.258,50.764,,,,10.11
2026-08-14 16:06:25,8,NEAR_CAMERA,1,478,277,325,9.768,44.258,50.764,,,,10.11
2026-08-14 16:06:25,8,NEAR_CAMERA,1,478,277,324,9.738,44.258,50.694,,,,10.11
2026-08-14 16:06:25,8,NEAR_CAMERA,1,478,277,324,9.738,44.258,50.833,,,,9.91
2026-08-14 16:06:25,8,NEAR_CAMERA,1,478,277,324,9.738,44.258,50.833,,,,9.91
2026-08-14 16:06:25,8,NEAR_CAMERA,1,478,277,323,9.708,44.258,50.764,,,,9.91
2026-08-14 16:06:25,8,NEAR_CAMERA,1,478,277,323,9.708,44.258,50.764,,,,9.91
2026-08-14 16:06:26,8,NEAR_CAMERA,1,478,276,321,9.613,44.375,50.903,,,,9.91
2026-08-14 16:06:26,8,NEAR_CAMERA,1,478,272,316,9.326,44.453,51.25,,,,9.91
2026-08-14 16:06:26,8,NEAR_CAMERA,0,0,0,0,0.0,0.0,0.0,,,,9.91
2026-08-14 16:06:26,8,NEAR_CAMERA,0,0,0,0,0.0,0.0,0.0,,,,9.91
2026-08-14 16:06:26,8,NEAR_CAMERA,0,0,0,0,0.0,0.0,0.0,,,,9.91
2026-08-14 16:06:26,8,NEAR_CAMERA,0,0,0,0,0.0,0.0,0.0,,,,9.91
2026-08-14 16:06:26,8,NEAR_CAMERA,0,0,0,0,0.0,0.0,0.0,,,,9.91
2026-08-14 16:06:26,8,NEAR_CAMERA,0,0,0,0,0.0,0.0,0.0,,,,10.09
2026-08-14 16:06:26,8,NEAR_CAMERA,0,0,0,0,0.0,0.0,0.0,,,,10.09
2026-08-14 16:06:27,8,NEAR_CAMERA,0,0,0,0,0.0,0.0,0.0,,,,10.09
2026-08-14 16:06:27,8,NEAR_CAMERA,0,0,0,0,0.0,0.0,0.0,,,,10.09
2026-08-14 16:06:27,8,NEAR_CAMERA,0,0,0,0,0.0,0.0,0.0,,,,10.09
2026-08-14 16:06:27,8,NEAR_CAMERA,0,0,0,0,0.0,0.0,0.0,,,,10.09
2026-08-14 16:06:27,8,NEAR_CAMERA,0,0,0,0,0.0,0.0,0.0,,,,10.09
2026-08-14 16:06:27,8,NEAR_CAMERA,0,0,0,0,0.0,0.0,0.0,,,,10.09
2026-08-14 16:06:27,8,NEAR_CAMERA,0,0,0,0,0.0,0.0,0.0,,,,10.09
2026-08-14 16:06:27,8,NEAR_CAMERA,0,0,0,0,0.0,0.0,0.0,,,,10.09
2026-08-14 16:06:27,8,NEAR_CAMERA,0,0,0,0,0.0,0.0,0.0,,,,9.9
2026-08-14 16:06:27,8,NEAR_CAMERA,0,0,0,0,0.0,0.0,0.0,,,,9.9
2026-08-14 16:06:27,8,NEAR_CAMERA,0,0,0,0,0.0,0.0,0.0,,,,9.9
2026-08-14 16:06:28,8,NEAR_CAMERA,0,0,0,0,0.0,0.0,0.0,,,,9.9
2026-08-14 16:06:28,8,NEAR_CAMERA,0,0,0,0,0.0,0.0,0.0,,,,9.9
2026-08-14 16:06:28,8,NEAR_CAMERA,0,0,0,0,0.0,0.0,0.0,,,,9.9
2026-08-14 16:06:28,8,NEAR_CAMERA,0,0,0,0,0.0,0.0,0.0,,,,9.9
2026-08-14 16:06:28,8,NEAR_CAMERA,0,0,0,0,0.0,0.0,0.0,,,,9.9
2026-08-14 16:06:28,8,NEAR_CAMERA,0,0,0,0,0.0,0.0,0.0,,,,9.9
2026-08-14 16:06:28,8,NEAR_CAMERA,0,0,0,0,0.0,0.0,0.0,,,,9.9
2026-08-14 16:06:28,8,NEAR_CAMERA,0,0,0,0,0.0,0.0,0.0,,,,9.9
2026-08-14 16:06:28,8,NEAR_CAMERA,0,0,0,0,0.0,0.0,0.0,,,,10.13
2026-08-14 16:06:28,8,NEAR_CAMERA,0,0,0,0,0.0,0.0,0.0,,,,10.13
2026-08-14 16:06:29,8,NEAR_CAMERA,0,0,0,0,0.0,0.0,0.0,,,,10.13
2026-08-14 16:06:29,8,NEAR_CAMERA,0,0,0,0,0.0,0.0,0.0,,,,10.13
2026-08-14 16:06:29,8,NEAR_CAMERA,0,0,0,0,0.0,0.0,0.0,,,,10.13
2026-08-14 16:06:29,8,NEAR_CAMERA,0,0,0,0,0.0,0.0,0.0,,,,10.13
2026-08-14 16:06:29,8,NEAR_CAMERA,0,0,0,0,0.0,0.0,0.0,,,,10.13
2026-08-14 16:06:29,8,NEAR_CAMERA,0,0,0,0,0.0,0.0,0.0,,,,10.13
2026-08-14 16:06:29,8,NEAR_CAMERA,0,0,0,0,0.0,0.0,0.0,,,,10.13
2026-08-14 16:06:29,8,NEAR_CAMERA,0,0,0,0,0.0,0.0,0.0,,,,10.13
2026-08-14 16:06:29,8,NEAR_CAMERA,0,0,0,0,0.0,0.0,0.0,,,,9.87
2026-08-14 16:06:29,8,NEAR_CAMERA,0,0,0,0,0.0,0.0,0.0,,,,9.87
2026-08-14 16:06:30,8,NEAR_CAMERA,0,0,0,0,0.0,0.0,0.0,,,,9.87
2026-08-14 16:06:30,8,NEAR_CAMERA,0,0,0,0,0.0,0.0,0.0,,,,9.87
2026-08-14 16:06:30,8,NEAR_CAMERA,0,0,0,0,0.0,0.0,0.0,,,,9.87
2026-08-14 16:06:30,8,NEAR_CAMERA,0,0,0,0,0.0,0.0,0.0,,,,9.87
2026-08-14 16:06:30,8,NEAR_CAMERA,0,0,0,0,0.0,0.0,0.0,,,,9.87
2026-08-14 16:06:30,8,NEAR_CAMERA,0,0,0,0,0.0,0.0,0.0,,,,9.87
2026-08-14 16:06:30,8,NEAR_CAMERA,0,0,0,0,0.0,0.0,0.0,,,,9.87
2026-08-14 16:06:30,8,NEAR_CAMERA,0,0,0,0,0.0,0.0,0.0,,,,9.87
2026-08-14 16:06:30,8,NEAR_CAMERA,0,0,0,0,0.0,0.0,0.0,,,,9.87
2026-08-14 16:06:30,8,NEAR_CAMERA,0,0,0,0,0.0,0.0,0.0,,,,10.21
2026-08-14 16:06:31,8,NEAR_CAMERA,0,0,0,0,0.0,0.0,0.0,,,,10.21
2026-08-14 16:06:31,8,NEAR_CAMERA,0,0,0,0,0.0,0.0,0.0,,,,10.21
2026-08-14 16:06:31,8,NEAR_CAMERA,0,0,0,0,0.0,0.0,0.0,,,,10.21
2026-08-14 16:06:31,8,NEAR_CAMERA,0,0,0,0,0.0,0.0,0.0,,,,10.21
2026-08-14 16:06:31,8,NEAR_CAMERA,0,0,0,0,0.0,0.0,0.0,,,,10.21
2026-08-14 16:06:31,8,NEAR_CAMERA,0,0,0,0,0.0,0.0,0.0,,,,10.21
2026-08-14 16:06:31,8,NEAR_CAMERA,0,0,0,0,0.0,0.0,0.0,,,,10.21
2026-08-14 16:06:31,8,NEAR_CAMERA,0,0,0,0,0.0,0.0,0.0,,,,10.21
2026-08-14 16:06:31,8,NEAR_CAMERA,0,0,0,0,0.0,0.0,0.0,,,,10.21
2026-08-14 16:06:31,8,NEAR_CAMERA,0,0,0,0,0.0,0.0,0.0,,,,10.21
2026-08-14 16:06:32,8,NEAR_CAMERA,0,0,0,0,0.0,0.0,0.0,,,,9.92
2026-08-14 16:06:32,8,NEAR_CAMERA,0,0,0,0,0.0,0.0,0.0,,,,9.92
2026-08-14 16:06:32,8,NEAR_CAMERA,0,0,0,0,0.0,0.0,0.0,,,,9.92
2026-08-14 16:06:32,8,NEAR_CAMERA,0,0,0,0,0.0,0.0,0.0,,,,9.92
2026-08-14 16:06:32,8,NEAR_CAMERA,0,0,0,0,0.0,0.0,0.0,,,,9.92
2026-08-14 16:06:32,8,NEAR_CAMERA,0,0,0,0,0.0,0.0,0.0,,,,9.92
2026-08-14 16:06:32,8,NEAR_CAMERA,0,0,0,0,0.0,0.0,0.0,,,,9.92
2026-08-14 16:06:32,8,NEAR_CAMERA,0,0,0,0,0.0,0.0,0.0,,,,9.92
2026-08-14 16:06:32,8,NEAR_CAMERA,0,0,0,0,0.0,0.0,0.0,,,,9.92
2026-08-14 16:06:32,8,NEAR_CAMERA,0,0,0,0,0.0,0.0,0.0,,,,9.92
2026-08-14 16:06:33,8,NEAR_CAMERA,0,0,0,0,0.0,0.0,0.0,,,,9.92
2026-08-14 16:06:33,8,NEAR_CAMERA,0,0,0,0,0.0,0.0,0.0,,,,10.12
2026-08-14 16:06:33,8,NEAR_CAMERA,0,0,0,0,0.0,0.0,0.0,,,,10.12
2026-08-14 16:06:33,8,NEAR_CAMERA,0,0,0,0,0.0,0.0,0.0,,,,10.12
2026-08-14 16:06:33,8,NEAR_CAMERA,0,0,0,0,0.0,0.0,0.0,,,,10.12
2026-08-14 16:06:33,8,NEAR_CAMERA,0,0,0,0,0.0,0.0,0.0,,,,10.12
2026-08-14 16:06:33,8,NEAR_CAMERA,0,0,0,0,0.0,0.0,0.0,,,,10.12
2026-08-14 16:06:33,8,NEAR_CAMERA,0,0,0,0,0.0,0.0,0.0,,,,10.12
2026-08-14 16:06:33,8,NEAR_CAMERA,0,0,0,0,0.0,0.0,0.0,,,,10.12
2026-08-14 16:06:33,8,NEAR_CAMERA,0,0,0,0,0.0,0.0,0.0,,,,10.12
2026-08-14 16:06:34,8,NEAR_CAMERA,0,0,0,0,0.0,0.0,0.0,,,,10.12
2026-08-14 16:06:34,8,NEAR_CAMERA,0,0,0,0,0.0,0.0,0.0,,,,9.91
2026-08-14 16:06:34,8,NEAR_CAMERA,0,0,0,0,0.0,0.0,0.0,,,,9.91
2026-08-14 16:06:34,8,NEAR_CAMERA,0,0,0,0,0.0,0.0,0.0,,,,9.91
2026-08-14 16:06:34,8,NEAR_CAMERA,0,0,0,0,0.0,0.0,0.0,,,,9.91
2026-08-14 16:06:34,8,NEAR_CAMERA,0,0,0,0,0.0,0.0,0.0,,,,9.91
2026-08-14 16:06:34,8,NEAR_CAMERA,0,0,0,0,0.0,0.0,0.0,,,,9.91
2026-08-14 16:06:34,8,NEAR_CAMERA,1,478,202,203,4.449,60.938,69.792,,,,9.91
2026-08-14 16:06:34,8,NEAR_CAMERA,0,0,0,0,0.0,0.0,0.0,,,,9.91
2026-08-14 16:06:34,8,NEAR_CAMERA,1,478,189,208,4.266,62.852,69.861,,,,9.91
2026-08-14 16:06:35,8,NEAR_CAMERA,1,478,203,216,4.758,63.008,70.0,,,,9.91
2026-08-14 16:06:35,8,NEAR_CAMERA,1,478,208,222,5.01,62.734,70.417,,,,9.91
2026-08-14 16:06:35,8,NEAR_CAMERA,1,478,210,227,5.173,62.734,69.931,,,,10.11
2026-08-14 16:06:35,8,NEAR_CAMERA,1,478,204,229,5.069,62.578,69.792,,,,10.11
2026-08-14 16:06:35,8,NEAR_CAMERA,1,478,211,230,5.266,62.852,69.583,,,,10.11
2026-08-14 16:06:35,8,NEAR_CAMERA,1,478,206,230,5.141,62.734,69.583,,,,10.11
2026-08-14 16:06:35,8,NEAR_CAMERA,1,478,205,227,5.049,62.617,69.792,,,,10.11
2026-08-14 16:06:35,8,NEAR_CAMERA,1,478,202,220,4.822,62.5,70.556,,,,10.11
2026-08-14 16:06:35,8,NEAR_CAMERA,1,478,195,219,4.634,62.07,71.319,,,,10.11
2026-08-14 16:06:35,8,NEAR_CAMERA,1,478,202,221,4.844,61.953,72.153,,,,10.11
2026-08-14 16:06:36,8,NEAR_CAMERA,1,478,200,218,4.731,61.875,72.083,,,,10.11
2026-08-14 16:06:36,8,NEAR_CAMERA,1,478,200,222,4.818,61.875,72.083,,,,10.11
2026-08-14 16:06:36,8,NEAR_CAMERA,1,478,199,223,4.815,61.914,72.153,,,,9.94
2026-08-14 16:06:36,8,NEAR_CAMERA,1,478,198,226,4.855,61.875,72.222,,,,9.94
2026-08-14 16:06:36,8,NEAR_CAMERA,1,478,201,227,4.951,62.07,72.292,,,,9.94
2026-08-14 16:06:36,8,NEAR_CAMERA,1,478,199,226,4.88,61.992,72.083,,,,9.94
2026-08-14 16:06:36,8,NEAR_CAMERA,1,478,199,228,4.923,61.992,72.083,,,,9.94
2026-08-14 16:06:36,8,NEAR_CAMERA,1,478,200,227,4.926,62.031,71.736,,,,9.94
2026-08-14 16:06:36,8,NEAR_CAMERA,1,478,199,225,4.858,62.07,71.875,,,,9.94
2026-08-14 16:06:36,8,NEAR_CAMERA,1,478,198,231,4.963,62.109,72.569,,,,9.94
2026-08-14 16:06:37,8,NEAR_CAMERA,1,478,195,227,4.803,62.148,72.292,,,,9.94
2026-08-14 16:06:37,8,NEAR_CAMERA,1,478,195,220,4.655,62.227,72.083,,,,9.94
2026-08-14 16:06:37,8,NEAR_CAMERA,1,478,196,217,4.615,62.344,72.708,,,,9.94
2026-08-14 16:06:37,8,NEAR_CAMERA,1,478,191,210,4.352,62.383,73.889,,,,10.1
2026-08-14 16:06:37,8,NEAR_CAMERA,1,478,174,189,3.568,62.266,74.931,,,,10.1
2026-08-14 16:06:37,8,NEAR_CAMERA,0,0,0,0,0.0,0.0,0.0,,,,10.1
2026-08-14 16:06:37,8,NEAR_CAMERA,0,0,0,0,0.0,0.0,0.0,,,,10.1
2026-08-14 16:06:37,8,NEAR_CAMERA,0,0,0,0,0.0,0.0,0.0,,,,10.1
2026-08-14 16:06:37,8,NEAR_CAMERA,0,0,0,0,0.0,0.0,0.0,,,,10.1
2026-08-14 16:06:37,8,NEAR_CAMERA,0,0,0,0,0.0,0.0,0.0,,,,10.1
2026-08-14 16:06:38,8,NEAR_CAMERA,0,0,0,0,0.0,0.0,0.0,,,,10.1
2026-08-14 16:06:38,8,NEAR_CAMERA,0,0,0,0,0.0,0.0,0.0,,,,10.1
2026-08-14 16:06:38,8,NEAR_CAMERA,0,0,0,0,0.0,0.0,0.0,,,,10.1
2026-08-14 16:06:38,8,NEAR_CAMERA,0,0,0,0,0.0,0.0,0.0,,,,9.91
2026-08-14 16:06:38,8,NEAR_CAMERA,0,0,0,0,0.0,0.0,0.0,,,,9.91
2026-08-14 16:06:38,8,NEAR_CAMERA,0,0,0,0,0.0,0.0,0.0,,,,9.91
2026-08-14 16:06:38,8,NEAR_CAMERA,0,0,0,0,0.0,0.0,0.0,,,,9.91
2026-08-14 16:06:38,8,NEAR_CAMERA,0,0,0,0,0.0,0.0,0.0,,,,9.91
2026-08-14 16:06:38,8,NEAR_CAMERA,0,0,0,0,0.0,0.0,0.0,,,,9.91
2026-08-14 16:06:38,8,NEAR_CAMERA,0,0,0,0,0.0,0.0,0.0,,,,9.91
2026-08-14 16:06:39,8,NEAR_CAMERA,0,0,0,0,0.0,0.0,0.0,,,,9.91
2026-08-14 16:06:39,8,NEAR_CAMERA,0,0,0,0,0.0,0.0,0.0,,,,9.91
2026-08-14 16:06:39,8,NEAR_CAMERA,0,0,0,0,0.0,0.0,0.0,,,,9.91
2026-08-14 16:06:39,8,NEAR_CAMERA,0,0,0,0,0.0,0.0,0.0,,,,9.91
2026-08-14 16:06:39,8,NEAR_CAMERA,1,478,148,110,1.766,65.0,68.194,,,,10.1
2026-08-14 16:06:39,8,NEAR_CAMERA,0,0,0,0,0.0,0.0,0.0,,,,10.1
2026-08-14 16:06:39,8,NEAR_CAMERA,0,0,0,0,0.0,0.0,0.0,,,,10.1
2026-08-14 16:06:39,8,NEAR_CAMERA,0,0,0,0,0.0,0.0,0.0,,,,10.1
2026-08-14 16:06:39,8,NEAR_CAMERA,0,0,0,0,0.0,0.0,0.0,,,,10.1
2026-08-14 16:06:39,8,NEAR_CAMERA,0,0,0,0,0.0,0.0,0.0,,,,10.1
2026-08-14 16:06:40,8,NEAR_CAMERA,0,0,0,0,0.0,0.0,0.0,,,,10.1
2026-08-14 16:06:40,8,NEAR_CAMERA,0,0,0,0,0.0,0.0,0.0,,,,10.1
2026-08-14 16:06:40,8,NEAR_CAMERA,0,0,0,0,0.0,0.0,0.0,,,,10.1
2026-08-14 16:06:40,8,NEAR_CAMERA,0,0,0,0,0.0,0.0,0.0,,,,10.1
2026-08-14 16:06:40,8,NEAR_CAMERA,0,0,0,0,0.0,0.0,0.0,,,,10.1
2026-08-14 16:06:40,8,NEAR_CAMERA,0,0,0,0,0.0,0.0,0.0,,,,9.95
2026-08-14 16:06:40,8,NEAR_CAMERA,0,0,0,0,0.0,0.0,0.0,,,,9.95
2026-08-14 16:06:40,8,NEAR_CAMERA,0,0,0,0,0.0,0.0,0.0,,,,9.95
2026-08-14 16:06:40,8,NEAR_CAMERA,0,0,0,0,0.0,0.0,0.0,,,,9.95
2026-08-14 16:06:40,8,NEAR_CAMERA,0,0,0,0,0.0,0.0,0.0,,,,9.95
2026-08-14 16:06:41,8,NEAR_CAMERA,0,0,0,0,0.0,0.0,0.0,,,,9.95
2026-08-14 16:06:41,8,NEAR_CAMERA,0,0,0,0,0.0,0.0,0.0,,,,9.95
2026-08-14 16:06:41,8,NEAR_CAMERA,0,0,0,0,0.0,0.0,0.0,,,,9.95
2026-08-14 16:06:41,8,NEAR_CAMERA,0,0,0,0,0.0,0.0,0.0,,,,9.95
2026-08-14 16:06:41,8,NEAR_CAMERA,0,0,0,0,0.0,0.0,0.0,,,,9.95
2026-08-14 16:06:41,8,NEAR_CAMERA,0,0,0,0,0.0,0.0,0.0,,,,9.95
2026-08-14 16:06:41,8,NEAR_CAMERA,0,0,0,0,0.0,0.0,0.0,,,,10.14
2026-08-14 16:06:41,8,NEAR_CAMERA,0,0,0,0,0.0,0.0,0.0,,,,10.14
2026-08-14 16:06:41,8,NEAR_CAMERA,0,0,0,0,0.0,0.0,0.0,,,,10.14
2026-08-14 16:06:41,8,NEAR_CAMERA,0,0,0,0,0.0,0.0,0.0,,,,10.14
2026-08-14 16:06:42,8,NEAR_CAMERA,0,0,0,0,0.0,0.0,0.0,,,,10.14
2026-08-14 16:06:42,8,NEAR_CAMERA,0,0,0,0,0.0,0.0,0.0,,,,10.14
2026-08-14 16:06:42,8,NEAR_CAMERA,0,0,0,0,0.0,0.0,0.0,,,,10.14
2026-08-14 16:06:42,8,NEAR_CAMERA,0,0,0,0,0.0,0.0,0.0,,,,10.14
2026-08-14 16:06:42,8,NEAR_CAMERA,0,0,0,0,0.0,0.0,0.0,,,,10.14
2026-08-14 16:06:42,8,NEAR_CAMERA,0,0,0,0,0.0,0.0,0.0,,,,10.14
2026-08-14 16:06:42,8,NEAR_CAMERA,0,0,0,0,0.0,0.0,0.0,,,,9.85
2026-08-14 16:06:42,8,NEAR_CAMERA,0,0,0,0,0.0,0.0,0.0,,,,9.85
2026-08-14 16:06:42,8,NEAR_CAMERA,0,0,0,0,0.0,0.0,0.0,,,,9.85
2026-08-14 16:06:42,8,NEAR_CAMERA,0,0,0,0,0.0,0.0,0.0,,,,9.85
2026-08-14 16:06:43,8,NEAR_CAMERA,0,0,0,0,0.0,0.0,0.0,,,,9.85
2026-08-14 16:06:43,8,NEAR_CAMERA,0,0,0,0,0.0,0.0,0.0,,,,9.85
2026-08-14 16:06:43,8,NEAR_CAMERA,0,0,0,0,0.0,0.0,0.0,,,,9.85
2026-08-14 16:06:43,8,NEAR_CAMERA,0,0,0,0,0.0,0.0,0.0,,,,9.85
2026-08-14 16:06:43,8,NEAR_CAMERA,0,0,0,0,0.0,0.0,0.0,,,,9.85
2026-08-14 16:06:43,8,NEAR_CAMERA,0,0,0,0,0.0,0.0,0.0,,,,9.85
2026-08-14 16:06:43,8,NEAR_CAMERA,0,0,0,0,0.0,0.0,0.0,,,,9.85
2026-08-14 16:06:43,8,NEAR_CAMERA,0,0,0,0,0.0,0.0,0.0,,,,10.18
2026-08-14 16:06:43,8,NEAR_CAMERA,0,0,0,0,0.0,0.0,0.0,,,,10.18
2026-08-14 16:06:43,8,NEAR_CAMERA,0,0,0,0,0.0,0.0,0.0,,,,10.18
2026-08-14 16:06:44,8,NEAR_CAMERA,0,0,0,0,0.0,0.0,0.0,,,,10.18
2026-08-14 16:06:44,8,NEAR_CAMERA,0,0,0,0,0.0,0.0,0.0,,,,10.18
2026-08-14 16:06:44,8,NEAR_CAMERA,0,0,0,0,0.0,0.0,0.0,,,,10.18
2026-08-14 16:06:44,8,NEAR_CAMERA,0,0,0,0,0.0,0.0,0.0,,,,10.18
2026-08-14 16:06:44,8,NEAR_CAMERA,0,0,0,0,0.0,0.0,0.0,,,,10.18
2026-08-14 16:06:44,8,NEAR_CAMERA,0,0,0,0,0.0,0.0,0.0,,,,10.18
2026-08-14 16:06:44,8,NEAR_CAMERA,0,0,0,0,0.0,0.0,0.0,,,,10.18
2026-08-14 16:06:44,8,NEAR_CAMERA,0,0,0,0,0.0,0.0,0.0,,,,9.87
2026-08-14 16:06:44,8,NEAR_CAMERA,0,0,0,0,0.0,0.0,0.0,,,,9.87
2026-08-14 16:06:44,8,NEAR_CAMERA,0,0,0,0,0.0,0.0,0.0,,,,9.87
2026-08-14 16:06:45,8,NEAR_CAMERA,0,0,0,0,0.0,0.0,0.0,,,,9.87
2026-08-14 16:06:45,8,NEAR_CAMERA,0,0,0,0,0.0,0.0,0.0,,,,9.87
2026-08-14 16:06:45,8,NEAR_CAMERA,0,0,0,0,0.0,0.0,0.0,,,,9.87
2026-08-14 16:06:45,8,NEAR_CAMERA,0,0,0,0,0.0,0.0,0.0,,,,9.87
2026-08-14 16:06:45,8,NEAR_CAMERA,1,478,166,170,3.062,63.281,70.417,,,,9.87
2026-08-14 16:06:45,8,NEAR_CAMERA,1,478,156,165,2.793,63.125,69.514,,,,9.87
2026-08-14 16:06:45,8,NEAR_CAMERA,1,478,143,156,2.421,62.773,67.222,,,,9.87
2026-08-14 16:06:45,8,NEAR_CAMERA,0,0,0,0,0.0,0.0,0.0,,,,9.87
2026-08-14 16:06:45,8,NEAR_CAMERA,0,0,0,0,0.0,0.0,0.0,,,,10.16
2026-08-14 16:06:45,8,NEAR_CAMERA,0,0,0,0,0.0,0.0,0.0,,,,10.16
2026-08-14 16:06:46,8,NEAR_CAMERA,0,0,0,0,0.0,0.0,0.0,,,,10.16
2026-08-14 16:06:46,8,NEAR_CAMERA,0,0,0,0,0.0,0.0,0.0,,,,10.16
2026-08-14 16:06:46,8,NEAR_CAMERA,1,478,184,194,3.873,65.312,64.028,,,,10.16
2026-08-14 16:06:46,8,NEAR_CAMERA,1,478,183,192,3.812,65.273,63.889,,,,10.16
2026-08-14 16:06:46,8,NEAR_CAMERA,1,478,186,198,3.996,65.312,64.722,,,,10.16
2026-08-14 16:06:46,8,NEAR_CAMERA,1,478,182,197,3.89,64.688,65.347,,,,10.16
2026-08-14 16:06:46,8,NEAR_CAMERA,1,478,183,201,3.991,64.57,65.625,,,,10.16
2026-08-14 16:06:46,8,NEAR_CAMERA,1,478,186,208,4.198,64.531,66.111,,,,10.16
2026-08-14 16:06:46,8,NEAR_CAMERA,1,478,189,209,4.286,64.492,65.903,,,,9.87
2026-08-14 16:06:46,8,NEAR_CAMERA,1,478,189,204,4.184,64.492,66.389,,,,9.87
2026-08-14 16:06:47,8,NEAR_CAMERA,1,478,192,208,4.333,64.297,66.944,,,,9.87
2026-08-14 16:06:47,8,NEAR_CAMERA,1,478,183,208,4.13,63.789,67.083,,,,9.87
2026-08-14 16:06:47,8,NEAR_CAMERA,1,478,186,213,4.299,63.906,66.597,,,,9.87
2026-08-14 16:06:47,8,NEAR_CAMERA,1,478,188,222,4.529,64.062,66.806,,,,9.87
2026-08-14 16:06:47,8,NEAR_CAMERA,1,478,190,224,4.618,64.219,66.806,,,,9.87
2026-08-14 16:06:47,8,NEAR_CAMERA,1,478,194,226,4.757,64.766,66.806,,,,9.87
2026-08-14 16:06:47,8,NEAR_CAMERA,1,478,192,223,4.646,65.156,67.153,,,,9.87
2026-08-14 16:06:47,8,NEAR_CAMERA,1,478,200,224,4.861,65.547,67.222,,,,9.87
2026-08-14 16:06:47,8,NEAR_CAMERA,1,478,203,229,5.044,65.742,67.292,,,,9.87
2026-08-14 16:06:47,8,NEAR_CAMERA,1,478,200,229,4.97,65.625,67.292,,,,10.18
2026-08-14 16:06:48,8,NEAR_CAMERA,1,478,199,229,4.945,65.586,67.292,,,,10.18
2026-08-14 16:06:48,8,NEAR_CAMERA,1,478,198,226,4.855,65.547,67.361,,,,10.18
2026-08-14 16:06:48,8,NEAR_CAMERA,1,478,196,227,4.828,65.469,67.431,,,,10.18
2026-08-14 16:06:48,8,NEAR_CAMERA,1,478,196,227,4.828,65.469,67.569,,,,10.18
2026-08-14 16:06:48,8,NEAR_CAMERA,1,478,196,227,4.828,65.469,67.569,,,,10.18
2026-08-14 16:06:48,8,NEAR_CAMERA,1,478,197,228,4.874,65.508,67.639,,,,10.18
2026-08-14 16:06:48,8,NEAR_CAMERA,1,478,197,228,4.874,65.508,67.639,,,,10.18
2026-08-14 16:06:48,8,NEAR_CAMERA,1,478,197,227,4.852,65.508,67.569,,,,10.18
2026-08-14 16:06:48,8,NEAR_CAMERA,1,478,197,226,4.831,65.508,67.5,,,,10.18
2026-08-14 16:06:48,8,NEAR_CAMERA,1,478,198,227,4.877,65.547,67.569,,,,9.98
2026-08-14 16:06:49,8,NEAR_CAMERA,1,478,198,227,4.877,65.547,67.569,,,,9.98
2026-08-14 16:06:49,8,NEAR_CAMERA,1,478,198,227,4.877,65.547,67.569,,,,9.98
2026-08-14 16:06:49,8,NEAR_CAMERA,1,478,197,225,4.81,65.508,67.569,,,,9.98
2026-08-14 16:06:49,8,NEAR_CAMERA,1,478,198,225,4.834,65.547,67.569,,,,9.98
2026-08-14 16:06:49,8,NEAR_CAMERA,1,478,198,225,4.834,65.625,67.431,,,,9.98
2026-08-14 16:06:49,8,NEAR_CAMERA,1,478,198,226,4.855,65.625,67.5,,,,9.98
2026-08-14 16:06:49,8,NEAR_CAMERA,1,478,198,227,4.877,65.625,67.431,,,,9.98
2026-08-14 16:06:49,8,NEAR_CAMERA,1,478,197,228,4.874,65.664,67.083,,,,9.98
2026-08-14 16:06:49,8,NEAR_CAMERA,1,478,197,227,4.852,65.742,66.736,,,,9.98
2026-08-14 16:06:49,8,NEAR_CAMERA,1,478,190,221,4.556,65.938,67.431,,,,9.98
2026-08-14 16:06:50,8,NEAR_CAMERA,1,478,187,212,4.302,65.977,69.722,,,,9.98
2026-08-14 16:06:50,8,NEAR_CAMERA,1,478,176,202,3.858,66.328,72.361,,,,9.98
2026-08-14 16:06:50,8,NEAR_CAMERA,1,478,167,190,3.443,66.992,74.167,,,,9.98
2026-08-14 16:06:50,8,NEAR_CAMERA,1,478,150,178,2.897,68.516,76.111,,,,9.98
2026-08-14 16:06:50,8,NEAR_CAMERA,1,478,142,163,2.512,69.531,77.708,,,,9.98
2026-08-14 16:06:50,8,NEAR_CAMERA,1,478,132,154,2.206,69.453,75.694,,,,9.98
2026-08-14 16:06:50,8,NEAR_CAMERA,1,478,135,149,2.183,69.258,74.792,,,,9.98
2026-08-14 16:06:50,8,NEAR_CAMERA,1,478,128,140,1.944,68.828,76.111,,,,9.98
2026-08-14 16:06:50,8,NEAR_CAMERA,1,478,129,142,1.988,68.789,77.778,,,,9.98
2026-08-14 16:06:50,8,NEAR_CAMERA,1,478,128,143,1.986,68.594,76.736,,,,9.98
2026-08-14 16:06:51,8,NEAR_CAMERA,1,478,131,149,2.118,68.008,75.208,,,,10.12
2026-08-14 16:06:51,8,NEAR_CAMERA,1,478,135,148,2.168,67.383,75.417,,,,10.12
2026-08-14 16:06:51,8,NEAR_CAMERA,1,478,134,147,2.137,65.938,76.181,,,,10.12
2026-08-14 16:06:51,8,NEAR_CAMERA,1,478,136,153,2.258,65.312,76.736,,,,10.12
2026-08-14 16:06:51,8,NEAR_CAMERA,1,478,135,153,2.241,65.43,76.736,,,,10.12
2026-08-14 16:06:51,8,NEAR_CAMERA,1,478,134,156,2.268,65.625,76.389,,,,10.12
2026-08-14 16:06:51,8,NEAR_CAMERA,1,478,134,160,2.326,65.703,76.111,,,,10.12
2026-08-14 16:06:51,8,NEAR_CAMERA,1,478,136,161,2.376,65.781,76.042,,,,10.12
2026-08-14 16:06:51,8,NEAR_CAMERA,1,478,139,162,2.443,66.133,75.972,,,,10.12
2026-08-14 16:06:51,8,NEAR_CAMERA,1,478,139,160,2.413,66.523,75.972,,,,10.12
2026-08-14 16:06:52,8,NEAR_CAMERA,1,478,140,159,2.415,66.875,76.042,,,,9.88
2026-08-14 16:06:52,8,NEAR_CAMERA,1,478,141,160,2.448,67.07,76.111,,,,9.88
2026-08-14 16:06:52,8,NEAR_CAMERA,1,478,141,161,2.463,67.227,76.181,,,,9.88
2026-08-14 16:06:52,8,NEAR_CAMERA,1,478,139,161,2.428,67.305,76.181,,,,9.88
2026-08-14 16:06:52,8,NEAR_CAMERA,1,478,139,160,2.413,67.227,76.25,,,,9.88
2026-08-14 16:06:52,8,NEAR_CAMERA,1,478,139,161,2.428,67.227,76.319,,,,9.88
2026-08-14 16:06:52,8,NEAR_CAMERA,1,478,139,161,2.428,66.992,76.458,,,,9.88
2026-08-14 16:06:52,8,NEAR_CAMERA,1,478,141,160,2.448,66.758,76.528,,,,9.88
2026-08-14 16:06:52,8,NEAR_CAMERA,1,478,140,159,2.415,66.562,76.597,,,,9.88
2026-08-14 16:06:52,8,NEAR_CAMERA,1,478,140,160,2.431,66.484,76.667,,,,9.88
2026-08-14 16:06:53,8,NEAR_CAMERA,1,478,140,161,2.446,66.484,76.736,,,,9.88
2026-08-14 16:06:53,8,NEAR_CAMERA,1,478,139,163,2.458,66.445,76.597,,,,10.15
2026-08-14 16:06:53,8,NEAR_CAMERA,1,478,139,162,2.443,66.445,76.528,,,,10.15
2026-08-14 16:06:53,8,NEAR_CAMERA,1,478,139,157,2.368,66.445,77.708,,,,10.15
2026-08-14 16:06:53,8,NEAR_CAMERA,1,478,137,149,2.215,66.602,79.931,,,,10.15
2026-08-14 16:06:53,8,NEAR_CAMERA,1,478,129,149,2.086,66.992,81.875,,,,10.15
2026-08-14 16:06:53,8,NEAR_CAMERA,1,478,124,139,1.87,67.734,83.681,,,,10.15
2026-08-14 16:06:53,8,NEAR_CAMERA,1,478,118,133,1.703,68.516,85.486,,,,10.15
2026-08-14 16:06:53,8,NEAR_CAMERA,1,478,110,129,1.54,68.75,84.653,,,,10.15
2026-08-14 16:06:53,8,NEAR_CAMERA,1,478,109,125,1.478,69.023,84.097,,,,10.15
2026-08-14 16:06:54,8,NEAR_CAMERA,1,478,108,126,1.477,69.609,85.139,,,,10.15
2026-08-14 16:06:54,8,NEAR_CAMERA,1,478,112,125,1.519,70.234,85.208,,,,9.88
2026-08-14 16:06:54,8,NEAR_CAMERA,1,478,116,125,1.573,70.781,83.819,,,,9.88
2026-08-14 16:06:54,8,NEAR_CAMERA,1,478,117,128,1.625,71.055,82.361,,,,9.88
2026-08-14 16:06:54,8,NEAR_CAMERA,1,478,118,130,1.664,71.25,82.361,,,,9.88
2026-08-14 16:06:54,8,NEAR_CAMERA,1,478,118,133,1.703,71.016,82.431,,,,9.88
2026-08-14 16:06:54,8,NEAR_CAMERA,1,478,120,133,1.732,70.859,82.569,,,,9.88
2026-08-14 16:06:54,8,NEAR_CAMERA,1,478,125,134,1.817,70.508,82.639,,,,9.88
2026-08-14 16:06:54,8,NEAR_CAMERA,1,478,128,136,1.889,69.688,84.028,,,,9.88
2026-08-14 16:06:54,8,NEAR_CAMERA,1,478,125,137,1.858,69.336,85.069,,,,9.88
2026-08-14 16:06:55,8,NEAR_CAMERA,1,478,123,140,1.868,69.102,84.861,,,,9.88
2026-08-14 16:06:55,8,NEAR_CAMERA,1,478,124,139,1.87,68.672,84.514,,,,9.88
2026-08-14 16:06:55,8,NEAR_CAMERA,1,478,123,139,1.855,68.477,84.514,,,,10.19
2026-08-14 16:06:55,8,NEAR_CAMERA,1,478,123,140,1.868,68.398,84.444,,,,10.19
2026-08-14 16:06:55,8,NEAR_CAMERA,1,478,124,141,1.897,68.359,84.514,,,,10.19
2026-08-14 16:06:55,8,NEAR_CAMERA,1,478,125,141,1.912,68.32,84.375,,,,10.19
2026-08-14 16:06:55,8,NEAR_CAMERA,1,478,124,141,1.897,68.281,84.375,,,,10.19
2026-08-14 16:06:55,8,NEAR_CAMERA,1,478,124,141,1.897,68.281,84.375,,,,10.19
2026-08-14 16:06:55,8,NEAR_CAMERA,1,478,124,141,1.897,68.281,84.375,,,,10.19
2026-08-14 16:06:55,8,NEAR_CAMERA,1,478,125,142,1.926,68.242,84.444,,,,10.19
2026-08-14 16:06:56,8,NEAR_CAMERA,1,478,125,143,1.94,68.164,84.653,,,,10.19
2026-08-14 16:06:56,8,NEAR_CAMERA,1,478,125,143,1.94,68.164,84.653,,,,10.19
2026-08-14 16:06:56,8,NEAR_CAMERA,1,478,126,143,1.955,68.203,84.653,,,,9.82
2026-08-14 16:06:56,8,NEAR_CAMERA,1,478,125,143,1.94,68.242,84.653,,,,9.82
2026-08-14 16:06:56,8,NEAR_CAMERA,1,478,125,144,1.953,68.242,84.583,,,,9.82
2026-08-14 16:06:56,8,NEAR_CAMERA,1,478,126,144,1.969,68.203,84.583,,,,9.82
2026-08-14 16:06:56,8,NEAR_CAMERA,1,478,126,142,1.941,68.125,84.583,,,,9.82
2026-08-14 16:06:56,8,NEAR_CAMERA,1,478,126,141,1.928,68.125,84.653,,,,9.82
2026-08-14 16:06:56,8,NEAR_CAMERA,1,478,128,141,1.958,68.047,84.653,,,,9.82
2026-08-14 16:06:56,8,NEAR_CAMERA,1,478,127,141,1.943,67.461,83.681,,,,9.82
2026-08-14 16:06:57,8,NEAR_CAMERA,1,478,124,141,1.897,66.953,83.264,,,,9.82
2026-08-14 16:06:57,8,NEAR_CAMERA,1,478,117,142,1.803,66.758,83.194,,,,9.82
2026-08-14 16:06:57,8,NEAR_CAMERA,1,478,117,139,1.765,66.992,83.125,,,,9.82
2026-08-14 16:06:57,8,NEAR_CAMERA,1,478,120,140,1.823,67.266,83.194,,,,10.16
2026-08-14 16:06:57,8,NEAR_CAMERA,1,478,120,141,1.836,67.812,83.125,,,,10.16
2026-08-14 16:06:57,8,NEAR_CAMERA,1,478,125,139,1.885,67.93,82.986,,,,10.16
2026-08-14 16:06:57,8,NEAR_CAMERA,1,478,126,138,1.887,68.047,83.056,,,,10.16
2026-08-14 16:06:57,8,NEAR_CAMERA,1,478,125,139,1.885,67.93,83.125,,,,10.16
2026-08-14 16:06:57,8,NEAR_CAMERA,1,478,121,138,1.812,67.852,83.194,,,,10.16
2026-08-14 16:06:57,8,NEAR_CAMERA,1,478,125,138,1.872,68.242,84.167,,,,10.16
2026-08-14 16:06:58,8,NEAR_CAMERA,1,478,125,136,1.845,68.711,84.306,,,,10.16
2026-08-14 16:06:58,8,NEAR_CAMERA,1,478,121,136,1.786,69.023,84.722,,,,10.16
2026-08-14 16:06:58,8,NEAR_CAMERA,1,478,122,138,1.827,69.375,85.0,,,,10.16
2026-08-14 16:06:58,8,NEAR_CAMERA,1,478,123,138,1.842,69.492,85.417,,,,9.88
2026-08-14 16:06:58,8,NEAR_CAMERA,1,478,122,139,1.84,69.453,86.181,,,,9.88
2026-08-14 16:06:58,8,NEAR_CAMERA,1,478,123,136,1.815,69.18,87.361,,,,9.88
2026-08-14 16:06:58,8,NEAR_CAMERA,1,478,123,131,1.748,68.555,88.681,,,,9.88
2026-08-14 16:06:58,8,NEAR_CAMERA,1,478,117,129,1.638,68.008,89.792,,,,9.88
2026-08-14 16:06:58,8,NEAR_CAMERA,1,478,112,124,1.507,67.891,90.556,,,,9.88
2026-08-14 16:06:58,8,NEAR_CAMERA,1,478,110,118,1.408,68.203,91.389,,,,9.88
2026-08-14 16:06:59,8,NEAR_CAMERA,1,478,108,122,1.43,68.828,90.694,,,,9.88
2026-08-14 16:06:59,8,NEAR_CAMERA,1,478,114,126,1.559,68.906,90.278,,,,9.88
2026-08-14 16:06:59,8,NEAR_CAMERA,1,478,114,127,1.571,68.828,90.208,,,,9.88
2026-08-14 16:06:59,8,NEAR_CAMERA,1,478,116,128,1.611,68.594,89.861,,,,9.88
2026-08-14 16:06:59,8,NEAR_CAMERA,1,478,118,128,1.639,68.438,89.722,,,,10.15
2026-08-14 16:06:59,8,NEAR_CAMERA,1,478,118,130,1.664,68.438,89.722,,,,10.15
2026-08-14 16:06:59,8,NEAR_CAMERA,1,478,119,131,1.692,68.555,89.653,,,,10.15
2026-08-14 16:06:59,8,NEAR_CAMERA,1,478,119,131,1.692,68.633,89.653,,,,10.15
2026-08-14 16:06:59,8,NEAR_CAMERA,1,478,118,132,1.69,68.672,89.583,,,,10.15
2026-08-14 16:06:59,8,NEAR_CAMERA,1,478,117,133,1.688,68.711,89.514,,,,10.15
2026-08-14 16:07:00,8,NEAR_CAMERA,1,478,118,132,1.69,68.75,89.444,,,,10.15
2026-08-14 16:07:00,8,NEAR_CAMERA,1,478,118,131,1.677,68.438,89.375,,,,10.15
2026-08-14 16:07:00,8,NEAR_CAMERA,1,478,114,130,1.608,68.125,88.056,,,,10.15
2026-08-14 16:07:00,8,NEAR_CAMERA,0,0,0,0,0.0,0.0,0.0,,,,10.15
2026-08-14 16:07:00,8,NEAR_CAMERA,1,478,230,244,6.089,24.688,24.583,,,,9.88
2026-08-14 16:07:00,8,NEAR_CAMERA,1,478,228,248,6.135,24.609,24.861,,,,9.88
2026-08-14 16:07:00,8,NEAR_CAMERA,1,478,228,255,6.309,24.609,24.931,,,,9.88
2026-08-14 16:07:00,8,NEAR_CAMERA,1,478,235,261,6.655,24.492,24.514,,,,9.88
2026-08-14 16:07:00,8,NEAR_CAMERA,1,478,234,258,6.551,24.531,24.444,,,,9.88
2026-08-14 16:07:00,8,NEAR_CAMERA,1,478,235,255,6.502,24.336,24.653,,,,9.88
2026-08-14 16:07:01,8,NEAR_CAMERA,1,478,229,253,6.287,24.102,24.653,,,,9.88
2026-08-14 16:07:01,8,NEAR_CAMERA,0,0,0,0,0.0,0.0,0.0,,,,9.88
2026-08-14 16:07:01,8,NEAR_CAMERA,0,0,0,0,0.0,0.0,0.0,,,,9.88
2026-08-14 16:07:01,8,NEAR_CAMERA,1,478,137,165,2.453,64.336,71.458,,,,9.88
2026-08-14 16:07:01,8,NEAR_CAMERA,1,478,139,160,2.413,65.586,71.806,,,,9.88
2026-08-14 16:07:01,8,NEAR_CAMERA,1,478,141,159,2.433,66.836,71.736,,,,10.15
2026-08-14 16:07:01,8,NEAR_CAMERA,1,478,137,159,2.364,66.836,72.153,,,,10.15
2026-08-14 16:07:01,8,NEAR_CAMERA,1,478,137,156,2.319,66.914,72.5,,,,10.15
2026-08-14 16:07:01,8,NEAR_CAMERA,1,478,138,154,2.306,66.797,73.056,,,,10.15
2026-08-14 16:07:01,8,NEAR_CAMERA,1,478,137,153,2.274,66.68,73.403,,,,10.15
2026-08-14 16:07:02,8,NEAR_CAMERA,1,478,136,156,2.302,66.719,73.472,,,,10.15
2026-08-14 16:07:02,8,NEAR_CAMERA,1,478,135,156,2.285,66.758,73.75,,,,10.15
2026-08-14 16:07:02,8,NEAR_CAMERA,1,478,134,155,2.254,66.797,74.097,,,,10.15
2026-08-14 16:07:02,8,NEAR_CAMERA,1,478,134,154,2.239,66.875,74.444,,,,10.15
2026-08-14 16:07:02,8,NEAR_CAMERA,1,478,131,152,2.161,66.914,74.583,,,,10.15
2026-08-14 16:07:02,8,NEAR_CAMERA,1,478,134,152,2.21,67.031,74.583,,,,10.15
2026-08-14 16:07:02,8,NEAR_CAMERA,1,478,135,153,2.241,67.07,74.514,,,,9.96
2026-08-14 16:07:02,8,NEAR_CAMERA,1,478,135,153,2.241,67.07,74.514,,,,9.96
2026-08-14 16:07:02,8,NEAR_CAMERA,1,478,135,155,2.271,67.07,74.514,,,,9.96
2026-08-14 16:07:02,8,NEAR_CAMERA,1,478,137,156,2.319,67.148,74.444,,,,9.96
2026-08-14 16:07:03,8,NEAR_CAMERA,1,478,136,157,2.317,67.109,74.514,,,,9.96
2026-08-14 16:07:03,8,NEAR_CAMERA,1,478,134,158,2.297,67.031,74.444,,,,9.96
2026-08-14 16:07:03,8,NEAR_CAMERA,1,478,135,159,2.329,66.992,74.375,,,,9.96
2026-08-14 16:07:03,8,NEAR_CAMERA,1,478,135,159,2.329,66.992,74.375,,,,9.96
2026-08-14 16:07:03,8,NEAR_CAMERA,1,478,135,158,2.314,66.992,74.306,,,,9.96
2026-08-14 16:07:03,8,NEAR_CAMERA,1,478,136,158,2.332,67.031,74.167,,,,9.96
2026-08-14 16:07:03,8,NEAR_CAMERA,1,478,137,158,2.349,67.227,74.167,,,,9.96
2026-08-14 16:07:03,8,NEAR_CAMERA,1,478,137,157,2.334,67.227,74.097,,,,10.12
2026-08-14 16:07:03,8,NEAR_CAMERA,1,478,136,157,2.317,67.266,74.097,,,,10.12
2026-08-14 16:07:03,8,NEAR_CAMERA,1,478,136,158,2.332,67.266,74.028,,,,10.12
2026-08-14 16:07:04,8,NEAR_CAMERA,1,478,136,158,2.332,67.266,74.028,,,,10.12
2026-08-14 16:07:04,8,NEAR_CAMERA,1,478,137,160,2.378,67.227,74.028,,,,10.12
2026-08-14 16:07:04,8,NEAR_CAMERA,1,478,138,159,2.381,67.266,74.097,,,,10.12
2026-08-14 16:07:04,8,NEAR_CAMERA,1,478,138,159,2.381,67.266,74.375,,,,10.12
2026-08-14 16:07:04,8,NEAR_CAMERA,1,478,138,159,2.381,67.344,74.375,,,,10.12
2026-08-14 16:07:04,8,NEAR_CAMERA,1,478,138,160,2.396,67.422,74.583,,,,10.12
2026-08-14 16:07:04,8,NEAR_CAMERA,1,478,138,159,2.381,67.5,74.653,,,,10.12
2026-08-14 16:07:04,8,NEAR_CAMERA,1,478,138,160,2.396,67.5,74.722,,,,9.93
2026-08-14 16:07:04,8,NEAR_CAMERA,1,478,138,160,2.396,67.5,74.861,,,,9.93
2026-08-14 16:07:04,8,NEAR_CAMERA,1,478,138,162,2.426,67.5,75.0,,,,9.93
2026-08-14 16:07:05,8,NEAR_CAMERA,1,478,138,162,2.426,67.5,75.0,,,,9.93
2026-08-14 16:07:05,8,NEAR_CAMERA,1,478,139,162,2.443,67.539,75.139,,,,9.93
2026-08-14 16:07:05,8,NEAR_CAMERA,1,478,138,161,2.411,67.5,75.069,,,,9.93
2026-08-14 16:07:05,8,NEAR_CAMERA,1,478,138,160,2.396,67.5,75.139,,,,9.93
2026-08-14 16:07:05,8,NEAR_CAMERA,1,478,138,160,2.396,67.5,75.139,,,,9.93
2026-08-14 16:07:05,8,NEAR_CAMERA,1,478,138,160,2.396,67.5,75.139,,,,9.93
2026-08-14 16:07:05,8,NEAR_CAMERA,1,478,138,160,2.396,67.5,75.139,,,,9.93
2026-08-14 16:07:05,8,NEAR_CAMERA,1,478,137,160,2.378,67.461,75.139,,,,9.93
2026-08-14 16:07:05,8,NEAR_CAMERA,1,478,137,160,2.378,67.539,75.139,,,,10.11
2026-08-14 16:07:05,8,NEAR_CAMERA,1,478,139,161,2.428,67.617,75.069,,,,10.11
2026-08-14 16:07:06,8,NEAR_CAMERA,1,478,139,160,2.413,67.617,75.0,,,,10.11
2026-08-14 16:07:06,8,NEAR_CAMERA,1,478,138,160,2.396,67.656,75.0,,,,10.11
2026-08-14 16:07:06,8,NEAR_CAMERA,1,478,138,158,2.366,67.656,75.0,,,,10.11
2026-08-14 16:07:06,8,NEAR_CAMERA,1,478,138,157,2.351,67.656,74.931,,,,10.11
2026-08-14 16:07:06,8,NEAR_CAMERA,1,478,137,157,2.334,67.617,74.931,,,,10.11
2026-08-14 16:07:06,8,NEAR_CAMERA,1,478,137,156,2.319,67.617,74.861,,,,10.11
2026-08-14 16:07:06,8,NEAR_CAMERA,1,478,139,156,2.353,67.617,74.861,,,,10.11
2026-08-14 16:07:06,8,NEAR_CAMERA,1,478,138,156,2.336,67.578,74.861,,,,10.11
2026-08-14 16:07:06,8,NEAR_CAMERA,1,478,138,156,2.336,67.578,74.861,,,,9.92
2026-08-14 16:07:06,8,NEAR_CAMERA,1,478,139,154,2.323,67.539,75.278,,,,9.92
2026-08-14 16:07:07,8,NEAR_CAMERA,1,478,140,156,2.37,67.422,75.694,,,,9.92
2026-08-14 16:07:07,8,NEAR_CAMERA,1,478,137,154,2.289,67.227,75.694,,,,9.92
2026-08-14 16:07:07,8,NEAR_CAMERA,1,478,140,155,2.355,67.266,75.625,,,,9.92
2026-08-14 16:07:07,8,NEAR_CAMERA,1,478,140,153,2.324,67.188,75.764,,,,9.92
2026-08-14 16:07:07,8,NEAR_CAMERA,1,478,140,153,2.324,67.188,75.764,,,,9.92
2026-08-14 16:07:07,8,NEAR_CAMERA,1,478,142,153,2.357,67.109,76.319,,,,9.92
2026-08-14 16:07:07,8,NEAR_CAMERA,1,478,147,151,2.409,67.148,77.153,,,,9.92
2026-08-14 16:07:07,8,NEAR_CAMERA,0,0,0,0,0.0,0.0,0.0,,,,9.92
2026-08-14 16:07:07,8,NEAR_CAMERA,0,0,0,0,0.0,0.0,0.0,,,,9.92
2026-08-14 16:07:07,8,NEAR_CAMERA,0,0,0,0,0.0,0.0,0.0,,,,10.06
2026-08-14 16:07:07,8,NEAR_CAMERA,0,0,0,0,0.0,0.0,0.0,,,,10.06
2026-08-14 16:07:08,8,NEAR_CAMERA,0,0,0,0,0.0,0.0,0.0,,,,10.06
2026-08-14 16:07:08,8,NEAR_CAMERA,0,0,0,0,0.0,0.0,0.0,,,,10.06
2026-08-14 16:07:08,8,NEAR_CAMERA,0,0,0,0,0.0,0.0,0.0,,,,10.06
2026-08-14 16:07:08,8,NEAR_CAMERA,0,0,0,0,0.0,0.0,0.0,,,,10.06
2026-08-14 16:07:08,8,NEAR_CAMERA,0,0,0,0,0.0,0.0,0.0,,,,10.06
2026-08-14 16:07:08,8,NEAR_CAMERA,0,0,0,0,0.0,0.0,0.0,,,,10.06
2026-08-14 16:07:08,8,NEAR_CAMERA,0,0,0,0,0.0,0.0,0.0,,,,10.06
2026-08-14 16:07:08,8,NEAR_CAMERA,0,0,0,0,0.0,0.0,0.0,,,,10.06
2026-08-14 16:07:08,8,NEAR_CAMERA,0,0,0,0,0.0,0.0,0.0,,,,9.97
2026-08-14 16:07:09,8,NEAR_CAMERA,0,0,0,0,0.0,0.0,0.0,,,,9.97
2026-08-14 16:07:09,8,NEAR_CAMERA,0,0,0,0,0.0,0.0,0.0,,,,9.97
2026-08-14 16:07:09,8,NEAR_CAMERA,0,0,0,0,0.0,0.0,0.0,,,,9.97
2026-08-14 16:07:09,8,NEAR_CAMERA,0,0,0,0,0.0,0.0,0.0,,,,9.97
2026-08-14 16:07:09,8,NEAR_CAMERA,0,0,0,0,0.0,0.0,0.0,,,,9.97
2026-08-14 16:07:09,8,NEAR_CAMERA,0,0,0,0,0.0,0.0,0.0,,,,9.97
2026-08-14 16:07:09,8,NEAR_CAMERA,0,0,0,0,0.0,0.0,0.0,,,,9.97
2026-08-14 16:07:09,8,NEAR_CAMERA,0,0,0,0,0.0,0.0,0.0,,,,9.97
2026-08-14 16:07:09,8,NEAR_CAMERA,0,0,0,0,0.0,0.0,0.0,,,,9.97
2026-08-14 16:07:09,8,NEAR_CAMERA,0,0,0,0,0.0,0.0,0.0,,,,9.97
2026-08-14 16:07:09,8,NEAR_CAMERA,0,0,0,0,0.0,0.0,0.0,,,,10.06
2026-08-14 16:07:10,8,NEAR_CAMERA,0,0,0,0,0.0,0.0,0.0,,,,10.06
2026-08-14 16:07:10,8,NEAR_CAMERA,0,0,0,0,0.0,0.0,0.0,,,,10.06
2026-08-14 16:07:10,8,NEAR_CAMERA,0,0,0,0,0.0,0.0,0.0,,,,10.06
2026-08-14 16:07:10,8,NEAR_CAMERA,0,0,0,0,0.0,0.0,0.0,,,,10.06
2026-08-14 16:07:10,8,NEAR_CAMERA,0,0,0,0,0.0,0.0,0.0,,,,10.06
2026-08-14 16:07:10,8,NEAR_CAMERA,0,0,0,0,0.0,0.0,0.0,,,,10.06
2026-08-14 16:07:10,8,NEAR_CAMERA,0,0,0,0,0.0,0.0,0.0,,,,10.06
2026-08-14 16:07:10,8,NEAR_CAMERA,0,0,0,0,0.0,0.0,0.0,,,,10.06
2026-08-14 16:07:10,8,NEAR_CAMERA,0,0,0,0,0.0,0.0,0.0,,,,10.06
2026-08-14 16:07:10,8,NEAR_CAMERA,0,0,0,0,0.0,0.0,0.0,,,,10.06
2026-08-14 16:07:11,8,NEAR_CAMERA,1,478,137,166,2.468,68.789,79.861,,,,10.02
2026-08-14 16:07:11,8,NEAR_CAMERA,1,478,135,159,2.329,68.633,79.792,,,,10.02
2026-08-14 16:07:11,8,NEAR_CAMERA,1,478,136,156,2.302,68.672,79.722,,,,10.02
2026-08-14 16:07:11,8,NEAR_CAMERA,1,478,136,155,2.287,68.672,79.653,,,,10.02
2026-08-14 16:07:11,8,NEAR_CAMERA,1,478,136,155,2.287,68.75,79.653,,,,10.02
2026-08-14 16:07:11,8,NEAR_CAMERA,1,478,137,153,2.274,68.789,79.653,,,,10.02
2026-08-14 16:07:11,8,NEAR_CAMERA,1,478,136,153,2.258,68.828,79.653,,,,10.02
2026-08-14 16:07:11,8,NEAR_CAMERA,1,478,136,153,2.258,68.906,79.653,,,,10.02
2026-08-14 16:07:11,8,NEAR_CAMERA,1,478,136,153,2.258,68.906,79.514,,,,10.02
2026-08-14 16:07:12,8,NEAR_CAMERA,1,478,136,154,2.273,68.984,79.444,,,,10.02
2026-08-14 16:07:12,8,NEAR_CAMERA,1,478,137,155,2.304,69.023,79.514,,,,10.02
2026-08-14 16:07:12,8,NEAR_CAMERA,1,478,137,155,2.304,69.023,79.514,,,,10.09
2026-08-14 16:07:12,8,NEAR_CAMERA,1,478,138,156,2.336,68.984,79.444,,,,10.09
2026-08-14 16:07:12,8,NEAR_CAMERA,1,478,139,156,2.353,68.945,79.444,,,,10.09
2026-08-14 16:07:12,8,NEAR_CAMERA,1,478,138,156,2.336,68.906,79.444,,,,10.09
2026-08-14 16:07:12,8,NEAR_CAMERA,1,478,138,154,2.306,68.906,79.167,,,,10.09
2026-08-14 16:07:12,8,NEAR_CAMERA,1,478,139,153,2.308,68.867,78.958,,,,10.09
2026-08-14 16:07:12,8,NEAR_CAMERA,1,478,139,154,2.323,68.789,79.028,,,,10.09
2026-08-14 16:07:12,8,NEAR_CAMERA,1,478,138,154,2.306,68.75,79.028,,,,10.09
2026-08-14 16:07:12,8,NEAR_CAMERA,1,478,137,154,2.289,68.711,79.028,,,,10.09
2026-08-14 16:07:13,8,NEAR_CAMERA,1,478,138,152,2.276,68.75,79.028,,,,10.09
2026-08-14 16:07:13,8,NEAR_CAMERA,1,478,137,150,2.23,68.867,78.889,,,,9.85
2026-08-14 16:07:13,8,NEAR_CAMERA,1,478,132,149,2.134,69.141,79.375,,,,9.85
2026-08-14 16:07:13,8,NEAR_CAMERA,1,478,133,149,2.15,69.258,79.514,,,,9.85
2026-08-14 16:07:13,8,NEAR_CAMERA,1,478,136,149,2.199,69.375,79.375,,,,9.85
2026-08-14 16:07:13,8,NEAR_CAMERA,1,478,138,147,2.201,69.375,79.653,,,,9.85
2026-08-14 16:07:13,8,NEAR_CAMERA,1,478,140,148,2.248,69.141,79.583,,,,9.85
2026-08-14 16:07:13,8,NEAR_CAMERA,1,478,136,147,2.169,68.75,79.653,,,,9.85
2026-08-14 16:07:13,8,NEAR_CAMERA,1,478,137,146,2.17,68.633,79.861,,,,9.85
2026-08-14 16:07:14,8,NEAR_CAMERA,1,478,138,146,2.186,68.516,80.417,,,,9.85
2026-08-14 16:07:14,8,NEAR_CAMERA,1,478,132,140,2.005,68.359,81.667,,,,9.85
2026-08-14 16:07:14,8,NEAR_CAMERA,1,478,133,139,2.006,68.711,83.264,,,,9.85
2026-08-14 16:07:14,8,NEAR_CAMERA,1,478,126,136,1.859,69.062,83.611,,,,10.18
2026-08-14 16:07:14,8,NEAR_CAMERA,1,478,118,132,1.69,69.844,82.639,,,,10.18
2026-08-14 16:07:14,8,NEAR_CAMERA,1,478,122,130,1.721,70.391,81.806,,,,10.18
2026-08-14 16:07:14,8,NEAR_CAMERA,1,478,118,129,1.652,70.703,82.708,,,,10.18
2026-08-14 16:07:14,8,NEAR_CAMERA,1,478,121,127,1.667,70.664,84.097,,,,10.18
2026-08-14 16:07:14,8,NEAR_CAMERA,1,478,115,127,1.585,69.727,83.681,,,,10.18
2026-08-14 16:07:14,8,NEAR_CAMERA,1,478,123,128,1.708,69.023,83.056,,,,10.18
2026-08-14 16:07:14,8,NEAR_CAMERA,1,478,120,123,1.602,68.359,83.542,,,,10.18
2026-08-14 16:07:15,8,NEAR_CAMERA,1,478,121,122,1.602,68.086,83.889,,,,10.18
2026-08-14 16:07:15,8,NEAR_CAMERA,1,478,120,127,1.654,68.047,84.375,,,,10.18
2026-08-14 16:07:15,8,NEAR_CAMERA,1,478,115,127,1.585,67.93,84.931,,,,9.87
2026-08-14 16:07:15,8,NEAR_CAMERA,1,478,120,125,1.628,67.891,85.069,,,,9.87
2026-08-14 16:07:15,8,NEAR_CAMERA,1,478,117,121,1.536,67.93,86.597,,,,9.87
2026-08-14 16:07:15,8,NEAR_CAMERA,1,478,110,118,1.408,67.656,86.806,,,,9.87
2026-08-14 16:07:15,8,NEAR_CAMERA,1,478,108,119,1.395,68.125,86.319,,,,9.87
2026-08-14 16:07:15,8,NEAR_CAMERA,1,478,115,114,1.423,68.398,85.417,,,,9.87
2026-08-14 16:07:15,8,NEAR_CAMERA,1,478,111,116,1.397,68.242,85.556,,,,9.87
2026-08-14 16:07:15,8,NEAR_CAMERA,1,478,112,121,1.47,68.203,85.208,,,,9.87
2026-08-14 16:07:16,8,NEAR_CAMERA,1,478,113,124,1.52,68.242,85.278,,,,9.87
2026-08-14 16:07:16,8,NEAR_CAMERA,1,478,117,126,1.6,68.398,85.417,,,,9.87
2026-08-14 16:07:16,8,NEAR_CAMERA,1,478,116,128,1.611,68.359,85.417,,,,9.87
2026-08-14 16:07:16,8,NEAR_CAMERA,1,478,116,129,1.624,68.359,85.764,,,,10.17
2026-08-14 16:07:16,8,NEAR_CAMERA,1,478,117,129,1.638,68.32,85.625,,,,10.17
2026-08-14 16:07:16,8,NEAR_CAMERA,1,478,113,124,1.52,68.008,85.278,,,,10.17
2026-08-14 16:07:16,8,NEAR_CAMERA,1,478,109,118,1.396,68.164,84.861,,,,10.17
2026-08-14 16:07:16,8,NEAR_CAMERA,0,0,0,0,0.0,0.0,0.0,,,,10.17
2026-08-14 16:07:16,8,NEAR_CAMERA,0,0,0,0,0.0,0.0,0.0,,,,10.17
2026-08-14 16:07:16,8,NEAR_CAMERA,0,0,0,0,0.0,0.0,0.0,,,,10.17
2026-08-14 16:07:17,8,NEAR_CAMERA,0,0,0,0,0.0,0.0,0.0,,,,10.17
2026-08-14 16:07:17,8,NEAR_CAMERA,0,0,0,0,0.0,0.0,0.0,,,,10.17
2026-08-14 16:07:17,8,NEAR_CAMERA,0,0,0,0,0.0,0.0,0.0,,,,10.17
2026-08-14 16:07:17,8,NEAR_CAMERA,0,0,0,0,0.0,0.0,0.0,,,,9.88
2026-08-14 16:07:17,8,NEAR_CAMERA,0,0,0,0,0.0,0.0,0.0,,,,9.88
2026-08-14 16:07:17,8,NEAR_CAMERA,0,0,0,0,0.0,0.0,0.0,,,,9.88
2026-08-14 16:07:17,8,NEAR_CAMERA,0,0,0,0,0.0,0.0,0.0,,,,9.88
2026-08-14 16:07:17,8,NEAR_CAMERA,0,0,0,0,0.0,0.0,0.0,,,,9.88
2026-08-14 16:07:17,8,NEAR_CAMERA,0,0,0,0,0.0,0.0,0.0,,,,9.88
2026-08-14 16:07:17,8,NEAR_CAMERA,0,0,0,0,0.0,0.0,0.0,,,,9.88
2026-08-14 16:07:18,8,NEAR_CAMERA,0,0,0,0,0.0,0.0,0.0,,,,9.88
2026-08-14 16:07:18,8,NEAR_CAMERA,0,0,0,0,0.0,0.0,0.0,,,,9.88
2026-08-14 16:07:18,8,NEAR_CAMERA,0,0,0,0,0.0,0.0,0.0,,,,9.88
2026-08-14 16:07:18,8,NEAR_CAMERA,1,478,147,166,2.648,68.008,73.611,,,,9.88
2026-08-14 16:07:18,8,NEAR_CAMERA,1,478,127,157,2.164,68.164,73.403,,,,10.15
2026-08-14 16:07:18,8,NEAR_CAMERA,1,478,126,150,2.051,68.516,74.028,,,,10.15
2026-08-14 16:07:18,8,NEAR_CAMERA,1,478,124,146,1.964,68.828,75.139,,,,10.15
2026-08-14 16:07:18,8,NEAR_CAMERA,1,478,123,146,1.949,68.945,77.639,,,,10.15
2026-08-14 16:07:18,8,NEAR_CAMERA,1,478,122,141,1.867,68.906,79.097,,,,10.15
2026-08-14 16:07:18,8,NEAR_CAMERA,1,478,122,133,1.761,68.906,80.764,,,,10.15
2026-08-14 16:07:19,8,NEAR_CAMERA,1,478,112,129,1.568,68.203,82.431,,,,10.15
2026-08-14 16:07:19,8,NEAR_CAMERA,0,0,0,0,0.0,0.0,0.0,,,,10.15
2026-08-14 16:07:19,8,NEAR_CAMERA,0,0,0,0,0.0,0.0,0.0,,,,10.15
2026-08-14 16:07:19,8,NEAR_CAMERA,0,0,0,0,0.0,0.0,0.0,,,,10.15
2026-08-14 16:07:19,8,NEAR_CAMERA,0,0,0,0,0.0,0.0,0.0,,,,10.15
2026-08-14 16:07:19,8,NEAR_CAMERA,0,0,0,0,0.0,0.0,0.0,,,,9.96
2026-08-14 16:07:19,8,NEAR_CAMERA,0,0,0,0,0.0,0.0,0.0,,,,9.96
2026-08-14 16:07:19,8,NEAR_CAMERA,0,0,0,0,0.0,0.0,0.0,,,,9.96
2026-08-14 16:07:19,8,NEAR_CAMERA,0,0,0,0,0.0,0.0,0.0,,,,9.96
2026-08-14 16:07:19,8,NEAR_CAMERA,0,0,0,0,0.0,0.0,0.0,,,,9.96
2026-08-14 16:07:20,8,NEAR_CAMERA,0,0,0,0,0.0,0.0,0.0,,,,9.96
2026-08-14 16:07:20,8,NEAR_CAMERA,0,0,0,0,0.0,0.0,0.0,,,,9.96
2026-08-14 16:07:20,8,NEAR_CAMERA,0,0,0,0,0.0,0.0,0.0,,,,9.96
2026-08-14 16:07:20,8,NEAR_CAMERA,0,0,0,0,0.0,0.0,0.0,,,,9.96
2026-08-14 16:07:20,8,NEAR_CAMERA,0,0,0,0,0.0,0.0,0.0,,,,9.96
2026-08-14 16:07:20,8,NEAR_CAMERA,0,0,0,0,0.0,0.0,0.0,,,,9.96
2026-08-14 16:07:20,8,NEAR_CAMERA,0,0,0,0,0.0,0.0,0.0,,,,10.11
2026-08-14 16:07:20,8,NEAR_CAMERA,0,0,0,0,0.0,0.0,0.0,,,,10.11
2026-08-14 16:07:20,8,NEAR_CAMERA,0,0,0,0,0.0,0.0,0.0,,,,10.11
2026-08-14 16:07:20,8,NEAR_CAMERA,0,0,0,0,0.0,0.0,0.0,,,,10.11
2026-08-14 16:07:21,8,NEAR_CAMERA,0,0,0,0,0.0,0.0,0.0,,,,10.11
2026-08-14 16:07:21,8,NEAR_CAMERA,0,0,0,0,0.0,0.0,0.0,,,,10.11
2026-08-14 16:07:21,8,NEAR_CAMERA,0,0,0,0,0.0,0.0,0.0,,,,10.11
2026-08-14 16:07:21,8,NEAR_CAMERA,0,0,0,0,0.0,0.0,0.0,,,,10.11
2026-08-14 16:07:21,8,NEAR_CAMERA,0,0,0,0,0.0,0.0,0.0,,,,10.11
2026-08-14 16:07:21,8,NEAR_CAMERA,0,0,0,0,0.0,0.0,0.0,,,,10.11
2026-08-14 16:07:21,8,NEAR_CAMERA,0,0,0,0,0.0,0.0,0.0,,,,9.92
2026-08-14 16:07:21,8,NEAR_CAMERA,0,0,0,0,0.0,0.0,0.0,,,,9.92
2026-08-14 16:07:21,8,NEAR_CAMERA,0,0,0,0,0.0,0.0,0.0,,,,9.92
2026-08-14 16:07:21,8,NEAR_CAMERA,0,0,0,0,0.0,0.0,0.0,,,,9.92
2026-08-14 16:07:22,8,NEAR_CAMERA,0,0,0,0,0.0,0.0,0.0,,,,9.92
2026-08-14 16:07:22,8,NEAR_CAMERA,0,0,0,0,0.0,0.0,0.0,,,,9.92
2026-08-14 16:07:22,8,NEAR_CAMERA,0,0,0,0,0.0,0.0,0.0,,,,9.92
2026-08-14 16:07:22,8,NEAR_CAMERA,0,0,0,0,0.0,0.0,0.0,,,,9.92
2026-08-14 16:07:22,8,NEAR_CAMERA,0,0,0,0,0.0,0.0,0.0,,,,9.92
2026-08-14 16:07:22,8,NEAR_CAMERA,0,0,0,0,0.0,0.0,0.0,,,,9.92
2026-08-14 16:07:22,8,NEAR_CAMERA,0,0,0,0,0.0,0.0,0.0,,,,9.92
2026-08-14 16:07:22,8,NEAR_CAMERA,0,0,0,0,0.0,0.0,0.0,,,,10.11
2026-08-14 16:07:22,8,NEAR_CAMERA,0,0,0,0,0.0,0.0,0.0,,,,10.11
2026-08-14 16:07:22,8,NEAR_CAMERA,0,0,0,0,0.0,0.0,0.0,,,,10.11
2026-08-14 16:07:23,8,NEAR_CAMERA,0,0,0,0,0.0,0.0,0.0,,,,10.11
2026-08-14 16:07:23,8,NEAR_CAMERA,0,0,0,0,0.0,0.0,0.0,,,,10.11
2026-08-14 16:07:23,8,NEAR_CAMERA,0,0,0,0,0.0,0.0,0.0,,,,10.11
2026-08-14 16:07:23,8,NEAR_CAMERA,0,0,0,0,0.0,0.0,0.0,,,,10.11
2026-08-14 16:07:23,8,NEAR_CAMERA,0,0,0,0,0.0,0.0,0.0,,,,10.11
2026-08-14 16:07:23,8,NEAR_CAMERA,0,0,0,0,0.0,0.0,0.0,,,,10.11
2026-08-14 16:07:23,8,NEAR_CAMERA,0,0,0,0,0.0,0.0,0.0,,,,10.11
2026-08-14 16:07:23,8,NEAR_CAMERA,1,478,133,153,2.208,70.039,80.764,,,,9.98
2026-08-14 16:07:23,8,NEAR_CAMERA,1,478,138,157,2.351,70.0,79.931,,,,9.98
2026-08-14 16:07:23,8,NEAR_CAMERA,1,478,139,158,2.383,70.117,79.444,,,,9.98
2026-08-14 16:07:24,8,NEAR_CAMERA,1,478,138,157,2.351,70.078,79.097,,,,9.98
2026-08-14 16:07:24,8,NEAR_CAMERA,1,478,137,159,2.364,70.117,79.097,,,,9.98
2026-08-14 16:07:24,8,NEAR_CAMERA,1,478,138,159,2.381,70.234,78.819,,,,9.98
2026-08-14 16:07:24,8,NEAR_CAMERA,1,478,139,159,2.398,70.273,78.542,,,,9.98
2026-08-14 16:07:24,8,NEAR_CAMERA,1,478,136,158,2.332,70.234,78.333,,,,9.98
2026-08-14 16:07:24,8,NEAR_CAMERA,1,478,136,157,2.317,70.234,78.264,,,,9.98
2026-08-14 16:07:24,8,NEAR_CAMERA,1,478,137,158,2.349,70.273,78.056,,,,9.98
2026-08-14 16:07:24,8,NEAR_CAMERA,1,478,137,158,2.349,70.273,78.056,,,,9.98
2026-08-14 16:07:24,8,NEAR_CAMERA,1,478,136,158,2.332,70.234,78.056,,,,10.04
2026-08-14 16:07:24,8,NEAR_CAMERA,1,478,136,157,2.317,70.234,77.986,,,,10.04
2026-08-14 16:07:25,8,NEAR_CAMERA,1,478,136,157,2.317,70.234,77.986,,,,10.04
2026-08-14 16:07:25,8,NEAR_CAMERA,1,478,136,157,2.317,70.156,77.986,,,,10.04
2026-08-14 16:07:25,8,NEAR_CAMERA,1,478,136,158,2.332,70.156,77.917,,,,10.04
2026-08-14 16:07:25,8,NEAR_CAMERA,1,478,136,158,2.332,70.078,77.917,,,,10.04
2026-08-14 16:07:25,8,NEAR_CAMERA,1,478,137,158,2.349,70.117,77.917,,,,10.04
2026-08-14 16:07:25,8,NEAR_CAMERA,1,478,137,158,2.349,70.117,77.917,,,,10.04
2026-08-14 16:07:25,8,NEAR_CAMERA,1,478,137,157,2.334,70.117,77.847,,,,10.04
2026-08-14 16:07:25,8,NEAR_CAMERA,1,478,137,157,2.334,70.117,77.847,,,,10.04
2026-08-14 16:07:25,8,NEAR_CAMERA,1,478,138,157,2.351,70.234,77.847,,,,9.97
2026-08-14 16:07:25,8,NEAR_CAMERA,1,478,138,156,2.336,70.234,77.917,,,,9.97
2026-08-14 16:07:26,8,NEAR_CAMERA,1,478,140,157,2.385,70.078,77.986,,,,9.97
2026-08-14 16:07:26,8,NEAR_CAMERA,1,478,144,154,2.406,69.844,78.194,,,,9.97
2026-08-14 16:07:26,8,NEAR_CAMERA,1,478,135,149,2.183,69.102,78.681,,,,9.97
2026-08-14 16:07:26,8,NEAR_CAMERA,1,478,133,148,2.136,69.023,79.028,,,,9.97
2026-08-14 16:07:26,8,NEAR_CAMERA,1,478,133,145,2.093,68.945,80.208,,,,9.97
2026-08-14 16:07:26,8,NEAR_CAMERA,1,478,132,145,2.077,68.906,81.458,,,,9.97
2026-08-14 16:07:26,8,NEAR_CAMERA,1,478,127,143,1.971,69.023,82.569,,,,9.97
2026-08-14 16:07:26,8,NEAR_CAMERA,1,478,124,138,1.857,69.062,84.444,,,,9.97
2026-08-14 16:07:26,8,NEAR_CAMERA,1,478,121,136,1.786,68.945,84.861,,,,9.97
2026-08-14 16:07:26,8,NEAR_CAMERA,1,478,124,138,1.857,68.906,84.861,,,,10.04
2026-08-14 16:07:27,8,NEAR_CAMERA,1,478,125,136,1.845,68.867,85.556,,,,10.04
2026-08-14 16:07:27,8,NEAR_CAMERA,1,478,126,135,1.846,68.984,85.486,,,,10.04
2026-08-14 16:07:27,8,NEAR_CAMERA,1,478,117,134,1.701,69.258,85.417,,,,10.04
2026-08-14 16:07:27,8,NEAR_CAMERA,1,478,118,129,1.652,70.234,85.764,,,,10.04
2026-08-14 16:07:27,8,NEAR_CAMERA,1,478,123,130,1.735,70.898,85.972,,,,10.04
2026-08-14 16:07:27,8,NEAR_CAMERA,1,478,126,133,1.818,70.938,86.319,,,,10.04
2026-08-14 16:07:27,8,NEAR_CAMERA,1,478,111,128,1.542,70.195,85.833,,,,10.04
2026-08-14 16:07:27,8,NEAR_CAMERA,1,478,114,129,1.596,69.688,85.208,,,,10.04
2026-08-14 16:07:27,8,NEAR_CAMERA,1,478,115,124,1.547,69.258,85.694,,,,10.04
2026-08-14 16:07:27,8,NEAR_CAMERA,1,478,117,125,1.587,68.867,87.847,,,,10.04
2026-08-14 16:07:28,8,NEAR_CAMERA,1,478,119,126,1.627,68.242,88.75,,,,9.95
2026-08-14 16:07:28,8,NEAR_CAMERA,1,478,116,128,1.611,68.281,88.194,,,,9.95
2026-08-14 16:07:28,8,NEAR_CAMERA,1,478,114,130,1.608,68.516,87.917,,,,9.95
2026-08-14 16:07:28,8,NEAR_CAMERA,1,478,121,128,1.681,68.945,87.5,,,,9.95
2026-08-14 16:07:28,8,NEAR_CAMERA,1,478,109,127,1.502,69.18,87.014,,,,9.95
2026-08-14 16:07:28,8,NEAR_CAMERA,1,478,114,128,1.583,69.609,86.528,,,,9.95
2026-08-14 16:07:28,8,NEAR_CAMERA,1,478,112,129,1.568,69.688,86.181,,,,9.95
2026-08-14 16:07:28,8,NEAR_CAMERA,1,478,117,129,1.638,69.883,86.042,,,,9.95
2026-08-14 16:07:28,8,NEAR_CAMERA,1,478,116,129,1.624,69.844,86.181,,,,9.95
2026-08-14 16:07:28,8,NEAR_CAMERA,1,478,114,129,1.596,69.688,86.181,,,,9.95
2026-08-14 16:07:29,8,NEAR_CAMERA,1,478,115,129,1.61,69.648,86.458,,,,9.95
2026-08-14 16:07:29,8,NEAR_CAMERA,1,478,114,127,1.571,69.531,86.736,,,,10.17
2026-08-14 16:07:29,8,NEAR_CAMERA,1,478,112,127,1.543,69.375,86.736,,,,10.17
2026-08-14 16:07:29,8,NEAR_CAMERA,1,478,112,129,1.568,69.375,86.875,,,,10.17
2026-08-14 16:07:29,8,NEAR_CAMERA,1,478,112,129,1.568,69.453,86.875,,,,10.17
2026-08-14 16:07:29,8,NEAR_CAMERA,1,478,115,130,1.622,69.57,86.806,,,,10.17
2026-08-14 16:07:29,8,NEAR_CAMERA,1,478,115,129,1.61,69.727,86.875,,,,10.17
2026-08-14 16:07:29,8,NEAR_CAMERA,1,478,111,128,1.542,69.727,86.806,,,,10.17
2026-08-14 16:07:29,8,NEAR_CAMERA,1,478,109,126,1.49,69.648,86.389,,,,10.17
2026-08-14 16:07:29,8,NEAR_CAMERA,1,478,115,127,1.585,69.805,86.181,,,,10.17
2026-08-14 16:07:30,8,NEAR_CAMERA,1,478,118,126,1.613,69.766,86.111,,,,10.17
2026-08-14 16:07:30,8,NEAR_CAMERA,1,478,117,126,1.6,69.727,86.111,,,,9.88
2026-08-14 16:07:30,8,NEAR_CAMERA,1,478,115,127,1.585,69.57,86.181,,,,9.88
2026-08-14 16:07:30,8,NEAR_CAMERA,1,478,113,128,1.569,69.414,86.528,,,,9.88
2026-08-14 16:07:30,8,NEAR_CAMERA,1,478,107,126,1.463,69.102,86.806,,,,9.88
2026-08-14 16:07:30,8,NEAR_CAMERA,1,478,88,121,1.155,70.078,87.292,,,,9.88
2026-08-14 16:07:30,8,NEAR_CAMERA,0,0,0,0,0.0,0.0,0.0,,,,9.88
2026-08-14 16:07:30,8,NEAR_CAMERA,0,0,0,0,0.0,0.0,0.0,,,,9.88
2026-08-14 16:07:30,8,NEAR_CAMERA,0,0,0,0,0.0,0.0,0.0,,,,9.88
2026-08-14 16:07:30,8,NEAR_CAMERA,0,0,0,0,0.0,0.0,0.0,,,,9.88
2026-08-14 16:07:31,8,NEAR_CAMERA,0,0,0,0,0.0,0.0,0.0,,,,9.88
2026-08-14 16:07:31,8,NEAR_CAMERA,0,0,0,0,0.0,0.0,0.0,,,,9.88
2026-08-14 16:07:31,8,NEAR_CAMERA,0,0,0,0,0.0,0.0,0.0,,,,10.14
2026-08-14 16:07:31,8,NEAR_CAMERA,0,0,0,0,0.0,0.0,0.0,,,,10.14
2026-08-14 16:07:31,8,NEAR_CAMERA,0,0,0,0,0.0,0.0,0.0,,,,10.14
2026-08-14 16:07:31,8,NEAR_CAMERA,0,0,0,0,0.0,0.0,0.0,,,,10.14
2026-08-14 16:07:31,8,NEAR_CAMERA,0,0,0,0,0.0,0.0,0.0,,,,10.14
2026-08-14 16:07:31,8,NEAR_CAMERA,0,0,0,0,0.0,0.0,0.0,,,,10.14
2026-08-14 16:07:31,8,NEAR_CAMERA,0,0,0,0,0.0,0.0,0.0,,,,10.14
2026-08-14 16:07:31,8,NEAR_CAMERA,0,0,0,0,0.0,0.0,0.0,,,,10.14
2026-08-14 16:07:32,8,NEAR_CAMERA,0,0,0,0,0.0,0.0,0.0,,,,10.14
2026-08-14 16:07:32,8,NEAR_CAMERA,0,0,0,0,0.0,0.0,0.0,,,,10.14
2026-08-14 16:07:32,8,NEAR_CAMERA,0,0,0,0,0.0,0.0,0.0,,,,9.9
2026-08-14 16:07:32,8,NEAR_CAMERA,0,0,0,0,0.0,0.0,0.0,,,,9.9
2026-08-14 16:07:32,8,NEAR_CAMERA,0,0,0,0,0.0,0.0,0.0,,,,9.9
2026-08-14 16:07:32,8,NEAR_CAMERA,0,0,0,0,0.0,0.0,0.0,,,,9.9
2026-08-14 16:07:32,8,NEAR_CAMERA,0,0,0,0,0.0,0.0,0.0,,,,9.9
2026-08-14 16:07:32,8,NEAR_CAMERA,0,0,0,0,0.0,0.0,0.0,,,,9.9
2026-08-14 16:07:32,8,NEAR_CAMERA,0,0,0,0,0.0,0.0,0.0,,,,9.9
2026-08-14 16:07:32,8,NEAR_CAMERA,0,0,0,0,0.0,0.0,0.0,,,,9.9
2026-08-14 16:07:33,8,NEAR_CAMERA,0,0,0,0,0.0,0.0,0.0,,,,9.9
2026-08-14 16:07:33,8,NEAR_CAMERA,0,0,0,0,0.0,0.0,0.0,,,,9.9
2026-08-14 16:07:33,8,NEAR_CAMERA,0,0,0,0,0.0,0.0,0.0,,,,9.9
2026-08-14 16:07:33,8,NEAR_CAMERA,0,0,0,0,0.0,0.0,0.0,,,,10.13
2026-08-14 16:07:33,8,NEAR_CAMERA,0,0,0,0,0.0,0.0,0.0,,,,10.13
2026-08-14 16:07:33,8,NEAR_CAMERA,0,0,0,0,0.0,0.0,0.0,,,,10.13
2026-08-14 16:07:33,8,NEAR_CAMERA,0,0,0,0,0.0,0.0,0.0,,,,10.13
2026-08-14 16:07:33,8,NEAR_CAMERA,0,0,0,0,0.0,0.0,0.0,,,,10.13
2026-08-14 16:07:33,8,NEAR_CAMERA,0,0,0,0,0.0,0.0,0.0,,,,10.13
2026-08-14 16:07:33,8,NEAR_CAMERA,0,0,0,0,0.0,0.0,0.0,,,,10.13
2026-08-14 16:07:34,8,NEAR_CAMERA,0,0,0,0,0.0,0.0,0.0,,,,10.13
2026-08-14 16:07:34,8,NEAR_CAMERA,0,0,0,0,0.0,0.0,0.0,,,,10.13
2026-08-14 16:07:34,8,NEAR_CAMERA,0,0,0,0,0.0,0.0,0.0,,,,10.13
2026-08-14 16:07:34,8,NEAR_CAMERA,0,0,0,0,0.0,0.0,0.0,,,,9.86
2026-08-14 16:07:34,8,NEAR_CAMERA,0,0,0,0,0.0,0.0,0.0,,,,9.86
2026-08-14 16:07:34,8,NEAR_CAMERA,0,0,0,0,0.0,0.0,0.0,,,,9.86
2026-08-14 16:07:34,8,NEAR_CAMERA,0,0,0,0,0.0,0.0,0.0,,,,9.86
2026-08-14 16:07:34,8,NEAR_CAMERA,0,0,0,0,0.0,0.0,0.0,,,,9.86
2026-08-14 16:07:34,8,NEAR_CAMERA,0,0,0,0,0.0,0.0,0.0,,,,9.86
2026-08-14 16:07:34,8,NEAR_CAMERA,0,0,0,0,0.0,0.0,0.0,,,,9.86
2026-08-14 16:07:35,8,NEAR_CAMERA,0,0,0,0,0.0,0.0,0.0,,,,9.86
2026-08-14 16:07:35,8,NEAR_CAMERA,0,0,0,0,0.0,0.0,0.0,,,,9.86
2026-08-14 16:07:35,8,NEAR_CAMERA,0,0,0,0,0.0,0.0,0.0,,,,9.86
2026-08-14 16:07:35,8,NEAR_CAMERA,0,0,0,0,0.0,0.0,0.0,,,,9.86
2026-08-14 16:07:35,8,NEAR_CAMERA,0,0,0,0,0.0,0.0,0.0,,,,10.18
2026-08-14 16:07:35,8,NEAR_CAMERA,0,0,0,0,0.0,0.0,0.0,,,,10.18
2026-08-14 16:07:35,8,NEAR_CAMERA,0,0,0,0,0.0,0.0,0.0,,,,10.18
2026-08-14 16:07:35,8,NEAR_CAMERA,0,0,0,0,0.0,0.0,0.0,,,,10.18
2026-08-14 16:07:35,8,NEAR_CAMERA,0,0,0,0,0.0,0.0,0.0,,,,10.18
2026-08-14 16:07:35,8,NEAR_CAMERA,0,0,0,0,0.0,0.0,0.0,,,,10.18
2026-08-14 16:07:36,8,NEAR_CAMERA,0,0,0,0,0.0,0.0,0.0,,,,10.18
2026-08-14 16:07:36,8,NEAR_CAMERA,0,0,0,0,0.0,0.0,0.0,,,,10.18
2026-08-14 16:07:36,8,NEAR_CAMERA,0,0,0,0,0.0,0.0,0.0,,,,10.18
2026-08-14 16:07:36,8,NEAR_CAMERA,0,0,0,0,0.0,0.0,0.0,,,,10.18
2026-08-14 16:07:36,8,NEAR_CAMERA,0,0,0,0,0.0,0.0,0.0,,,,10.18
2026-08-14 16:07:36,8,NEAR_CAMERA,0,0,0,0,0.0,0.0,0.0,,,,9.96
2026-08-14 16:07:36,8,NEAR_CAMERA,0,0,0,0,0.0,0.0,0.0,,,,9.96
2026-08-14 16:07:36,8,NEAR_CAMERA,0,0,0,0,0.0,0.0,0.0,,,,9.96
2026-08-14 16:07:36,8,NEAR_CAMERA,0,0,0,0,0.0,0.0,0.0,,,,9.96
2026-08-14 16:07:36,8,NEAR_CAMERA,0,0,0,0,0.0,0.0,0.0,,,,9.96
2026-08-14 16:07:37,8,NEAR_CAMERA,0,0,0,0,0.0,0.0,0.0,,,,9.96
2026-08-14 16:07:37,8,NEAR_CAMERA,0,0,0,0,0.0,0.0,0.0,,,,9.96
2026-08-14 16:07:37,8,NEAR_CAMERA,0,0,0,0,0.0,0.0,0.0,,,,9.96
2026-08-14 16:07:37,8,NEAR_CAMERA,0,0,0,0,0.0,0.0,0.0,,,,9.96
2026-08-14 16:07:37,8,NEAR_CAMERA,0,0,0,0,0.0,0.0,0.0,,,,9.96
2026-08-14 16:07:37,8,NEAR_CAMERA,0,0,0,0,0.0,0.0,0.0,,,,9.96
2026-08-14 16:07:37,8,NEAR_CAMERA,0,0,0,0,0.0,0.0,0.0,,,,10.11
2026-08-14 16:07:37,8,NEAR_CAMERA,0,0,0,0,0.0,0.0,0.0,,,,10.11
2026-08-14 16:07:37,8,NEAR_CAMERA,0,0,0,0,0.0,0.0,0.0,,,,10.11
2026-08-14 16:07:37,8,NEAR_CAMERA,0,0,0,0,0.0,0.0,0.0,,,,10.11
2026-08-14 16:07:38,8,NEAR_CAMERA,0,0,0,0,0.0,0.0,0.0,,,,10.11
2026-08-14 16:07:38,8,NEAR_CAMERA,0,0,0,0,0.0,0.0,0.0,,,,10.11
2026-08-14 16:07:38,8,NEAR_CAMERA,0,0,0,0,0.0,0.0,0.0,,,,10.11
2026-08-14 16:07:38,8,NEAR_CAMERA,0,0,0,0,0.0,0.0,0.0,,,,10.11
2026-08-14 16:07:38,8,NEAR_CAMERA,0,0,0,0,0.0,0.0,0.0,,,,10.11
2026-08-14 16:07:38,8,NEAR_CAMERA,0,0,0,0,0.0,0.0,0.0,,,,10.11
2026-08-14 16:07:38,8,NEAR_CAMERA,0,0,0,0,0.0,0.0,0.0,,,,9.92
2026-08-14 16:07:38,8,NEAR_CAMERA,0,0,0,0,0.0,0.0,0.0,,,,9.92
2026-08-14 16:07:38,8,NEAR_CAMERA,0,0,0,0,0.0,0.0,0.0,,,,9.92
2026-08-14 16:07:38,8,NEAR_CAMERA,0,0,0,0,0.0,0.0,0.0,,,,9.92
2026-08-14 16:07:39,8,NEAR_CAMERA,0,0,0,0,0.0,0.0,0.0,,,,9.92
2026-08-14 16:07:39,8,NEAR_CAMERA,0,0,0,0,0.0,0.0,0.0,,,,9.92
2026-08-14 16:07:39,8,NEAR_CAMERA,0,0,0,0,0.0,0.0,0.0,,,,9.92
2026-08-14 16:07:39,8,NEAR_CAMERA,0,0,0,0,0.0,0.0,0.0,,,,9.92
2026-08-14 16:07:39,8,NEAR_CAMERA,0,0,0,0,0.0,0.0,0.0,,,,9.92
2026-08-14 16:07:39,8,NEAR_CAMERA,0,0,0,0,0.0,0.0,0.0,,,,9.92
2026-08-14 16:07:39,8,NEAR_CAMERA,0,0,0,0,0.0,0.0,0.0,,,,9.92
2026-08-14 16:07:39,8,NEAR_CAMERA,0,0,0,0,0.0,0.0,0.0,,,,10.11
2026-08-14 16:07:39,8,NEAR_CAMERA,0,0,0,0,0.0,0.0,0.0,,,,10.11
2026-08-14 16:07:39,8,NEAR_CAMERA,0,0,0,0,0.0,0.0,0.0,,,,10.11
2026-08-14 16:07:40,8,NEAR_CAMERA,0,0,0,0,0.0,0.0,0.0,,,,10.11
2026-08-14 16:07:40,8,NEAR_CAMERA,0,0,0,0,0.0,0.0,0.0,,,,10.11
2026-08-14 16:07:40,8,NEAR_CAMERA,0,0,0,0,0.0,0.0,0.0,,,,10.11
2026-08-14 16:07:40,8,NEAR_CAMERA,0,0,0,0,0.0,0.0,0.0,,,,10.11
2026-08-14 16:07:40,8,NEAR_CAMERA,0,0,0,0,0.0,0.0,0.0,,,,10.11
2026-08-14 16:07:40,8,NEAR_CAMERA,0,0,0,0,0.0,0.0,0.0,,,,10.11
2026-08-14 16:07:40,8,NEAR_CAMERA,0,0,0,0,0.0,0.0,0.0,,,,10.11
2026-08-14 16:07:40,8,NEAR_CAMERA,0,0,0,0,0.0,0.0,0.0,,,,9.94
2026-08-14 16:07:40,8,NEAR_CAMERA,0,0,0,0,0.0,0.0,0.0,,,,9.94
2026-08-14 16:07:40,8,NEAR_CAMERA,0,0,0,0,0.0,0.0,0.0,,,,9.94
2026-08-14 16:07:41,8,NEAR_CAMERA,0,0,0,0,0.0,0.0,0.0,,,,9.94
2026-08-14 16:07:41,8,NEAR_CAMERA,0,0,0,0,0.0,0.0,0.0,,,,9.94
2026-08-14 16:07:41,8,NEAR_CAMERA,0,0,0,0,0.0,0.0,0.0,,,,9.94
2026-08-14 16:07:41,8,NEAR_CAMERA,0,0,0,0,0.0,0.0,0.0,,,,9.94
2026-08-14 16:07:41,8,NEAR_CAMERA,0,0,0,0,0.0,0.0,0.0,,,,9.94
2026-08-14 16:07:41,8,NEAR_CAMERA,0,0,0,0,0.0,0.0,0.0,,,,9.94
2026-08-14 16:07:41,8,NEAR_CAMERA,0,0,0,0,0.0,0.0,0.0,,,,9.94
2026-08-14 16:07:41,8,NEAR_CAMERA,0,0,0,0,0.0,0.0,0.0,,,,9.94
2026-08-14 16:07:41,8,NEAR_CAMERA,0,0,0,0,0.0,0.0,0.0,,,,10.12
2026-08-14 16:07:41,8,NEAR_CAMERA,0,0,0,0,0.0,0.0,0.0,,,,10.12
2026-08-14 16:07:42,8,NEAR_CAMERA,0,0,0,0,0.0,0.0,0.0,,,,10.12
2026-08-14 16:07:42,8,NEAR_CAMERA,0,0,0,0,0.0,0.0,0.0,,,,10.12
2026-08-14 16:07:42,8,NEAR_CAMERA,0,0,0,0,0.0,0.0,0.0,,,,10.12
2026-08-14 16:07:42,8,NEAR_CAMERA,0,0,0,0,0.0,0.0,0.0,,,,10.12
2026-08-14 16:07:42,8,NEAR_CAMERA,0,0,0,0,0.0,0.0,0.0,,,,10.12
2026-08-14 16:07:42,8,NEAR_CAMERA,0,0,0,0,0.0,0.0,0.0,,,,10.12
2026-08-14 16:07:42,8,NEAR_CAMERA,0,0,0,0,0.0,0.0,0.0,,,,10.12
2026-08-14 16:07:42,8,NEAR_CAMERA,0,0,0,0,0.0,0.0,0.0,,,,10.12
2026-08-14 16:07:42,8,NEAR_CAMERA,0,0,0,0,0.0,0.0,0.0,,,,9.9
2026-08-14 16:07:42,8,NEAR_CAMERA,0,0,0,0,0.0,0.0,0.0,,,,9.9
2026-08-14 16:07:43,8,NEAR_CAMERA,0,0,0,0,0.0,0.0,0.0,,,,9.9
2026-08-14 16:07:43,8,NEAR_CAMERA,0,0,0,0,0.0,0.0,0.0,,,,9.9
2026-08-14 16:07:43,8,NEAR_CAMERA,0,0,0,0,0.0,0.0,0.0,,,,9.9
2026-08-14 16:07:43,8,NEAR_CAMERA,0,0,0,0,0.0,0.0,0.0,,,,9.9
2026-08-14 16:07:43,8,NEAR_CAMERA,0,0,0,0,0.0,0.0,0.0,,,,9.9
2026-08-14 16:07:43,8,NEAR_CAMERA,0,0,0,0,0.0,0.0,0.0,,,,9.9
2026-08-14 16:07:43,8,NEAR_CAMERA,0,0,0,0,0.0,0.0,0.0,,,,9.9
2026-08-14 16:07:43,8,NEAR_CAMERA,0,0,0,0,0.0,0.0,0.0,,,,9.9
2026-08-14 16:07:43,8,NEAR_CAMERA,0,0,0,0,0.0,0.0,0.0,,,,9.9
2026-08-14 16:07:43,8,NEAR_CAMERA,0,0,0,0,0.0,0.0,0.0,,,,10.06
2026-08-14 16:07:44,8,NEAR_CAMERA,0,0,0,0,0.0,0.0,0.0,,,,10.06
2026-08-14 16:07:44,8,NEAR_CAMERA,0,0,0,0,0.0,0.0,0.0,,,,10.06
2026-08-14 16:07:44,8,NEAR_CAMERA,0,0,0,0,0.0,0.0,0.0,,,,10.06
2026-08-14 16:07:44,8,NEAR_CAMERA,0,0,0,0,0.0,0.0,0.0,,,,10.06
2026-08-14 16:07:44,8,NEAR_CAMERA,0,0,0,0,0.0,0.0,0.0,,,,10.06
2026-08-14 16:07:44,8,NEAR_CAMERA,0,0,0,0,0.0,0.0,0.0,,,,10.06
2026-08-14 16:07:44,8,NEAR_CAMERA,0,0,0,0,0.0,0.0,0.0,,,,10.06
2026-08-14 16:07:44,8,NEAR_CAMERA,0,0,0,0,0.0,0.0,0.0,,,,10.06
2026-08-14 16:07:44,8,NEAR_CAMERA,0,0,0,0,0.0,0.0,0.0,,,,10.06
2026-08-14 16:07:44,8,NEAR_CAMERA,0,0,0,0,0.0,0.0,0.0,,,,10.06
2026-08-14 16:07:45,8,NEAR_CAMERA,0,0,0,0,0.0,0.0,0.0,,,,9.92
2026-08-14 16:07:45,8,NEAR_CAMERA,0,0,0,0,0.0,0.0,0.0,,,,9.92
2026-08-14 16:07:45,8,NEAR_CAMERA,0,0,0,0,0.0,0.0,0.0,,,,9.92
2026-08-14 16:07:45,8,NEAR_CAMERA,0,0,0,0,0.0,0.0,0.0,,,,9.92
2026-08-14 16:07:45,8,NEAR_CAMERA,0,0,0,0,0.0,0.0,0.0,,,,9.92
2026-08-14 16:07:45,8,NEAR_CAMERA,0,0,0,0,0.0,0.0,0.0,,,,9.92
2026-08-14 16:07:45,8,NEAR_CAMERA,0,0,0,0,0.0,0.0,0.0,,,,9.92
2026-08-14 16:07:45,8,NEAR_CAMERA,0,0,0,0,0.0,0.0,0.0,,,,9.92
2026-08-14 16:07:45,8,NEAR_CAMERA,0,0,0,0,0.0,0.0,0.0,,,,9.92
2026-08-14 16:07:45,8,NEAR_CAMERA,0,0,0,0,0.0,0.0,0.0,,,,9.92
2026-08-14 16:07:46,8,NEAR_CAMERA,0,0,0,0,0.0,0.0,0.0,,,,9.92
2026-08-14 16:07:46,8,NEAR_CAMERA,0,0,0,0,0.0,0.0,0.0,,,,10.2
2026-08-14 16:07:46,8,NEAR_CAMERA,0,0,0,0,0.0,0.0,0.0,,,,10.2
2026-08-14 16:07:46,8,NEAR_CAMERA,0,0,0,0,0.0,0.0,0.0,,,,10.2
2026-08-14 16:07:46,8,NEAR_CAMERA,0,0,0,0,0.0,0.0,0.0,,,,10.2
2026-08-14 16:07:46,8,NEAR_CAMERA,0,0,0,0,0.0,0.0,0.0,,,,10.2
2026-08-14 16:07:46,8,NEAR_CAMERA,0,0,0,0,0.0,0.0,0.0,,,,10.2
2026-08-14 16:07:46,8,NEAR_CAMERA,0,0,0,0,0.0,0.0,0.0,,,,10.2
2026-08-14 16:07:46,8,NEAR_CAMERA,0,0,0,0,0.0,0.0,0.0,,,,10.2
2026-08-14 16:07:46,8,NEAR_CAMERA,0,0,0,0,0.0,0.0,0.0,,,,10.2
2026-08-14 16:07:47,8,NEAR_CAMERA,0,0,0,0,0.0,0.0,0.0,,,,10.2
2026-08-14 16:07:47,8,NEAR_CAMERA,0,0,0,0,0.0,0.0,0.0,,,,9.88
2026-08-14 16:07:47,8,NEAR_CAMERA,0,0,0,0,0.0,0.0,0.0,,,,9.88
2026-08-14 16:07:47,8,NEAR_CAMERA,0,0,0,0,0.0,0.0,0.0,,,,9.88
2026-08-14 16:07:47,8,NEAR_CAMERA,0,0,0,0,0.0,0.0,0.0,,,,9.88
2026-08-14 16:07:47,8,NEAR_CAMERA,0,0,0,0,0.0,0.0,0.0,,,,9.88
2026-08-14 16:07:47,8,NEAR_CAMERA,0,0,0,0,0.0,0.0,0.0,,,,9.88
2026-08-14 16:07:47,8,NEAR_CAMERA,0,0,0,0,0.0,0.0,0.0,,,,9.88
2026-08-14 16:07:47,8,NEAR_CAMERA,0,0,0,0,0.0,0.0,0.0,,,,9.88
2026-08-14 16:07:47,8,NEAR_CAMERA,0,0,0,0,0.0,0.0,0.0,,,,9.88
2026-08-14 16:07:48,8,NEAR_CAMERA,0,0,0,0,0.0,0.0,0.0,,,,9.88
2026-08-14 16:07:48,8,NEAR_CAMERA,0,0,0,0,0.0,0.0,0.0,,,,9.88
2026-08-14 16:07:48,8,NEAR_CAMERA,0,0,0,0,0.0,0.0,0.0,,,,10.13
2026-08-14 16:07:48,8,NEAR_CAMERA,0,0,0,0,0.0,0.0,0.0,,,,10.13
2026-08-14 16:07:48,8,NEAR_CAMERA,0,0,0,0,0.0,0.0,0.0,,,,10.13
2026-08-14 16:07:48,8,NEAR_CAMERA,0,0,0,0,0.0,0.0,0.0,,,,10.13
2026-08-14 16:07:48,8,NEAR_CAMERA,0,0,0,0,0.0,0.0,0.0,,,,10.13
2026-08-14 16:07:48,8,NEAR_CAMERA,0,0,0,0,0.0,0.0,0.0,,,,10.13
2026-08-14 16:07:48,8,NEAR_CAMERA,0,0,0,0,0.0,0.0,0.0,,,,10.13
2026-08-14 16:07:48,8,NEAR_CAMERA,0,0,0,0,0.0,0.0,0.0,,,,10.13
2026-08-14 16:07:49,8,NEAR_CAMERA,0,0,0,0,0.0,0.0,0.0,,,,10.13
2026-08-14 16:07:49,8,NEAR_CAMERA,0,0,0,0,0.0,0.0,0.0,,,,10.13
2026-08-14 16:07:49,8,NEAR_CAMERA,0,0,0,0,0.0,0.0,0.0,,,,9.91
2026-08-14 16:07:49,8,NEAR_CAMERA,0,0,0,0,0.0,0.0,0.0,,,,9.91
2026-08-14 16:07:49,8,NEAR_CAMERA,0,0,0,0,0.0,0.0,0.0,,,,9.91
2026-08-14 16:07:49,8,NEAR_CAMERA,0,0,0,0,0.0,0.0,0.0,,,,9.91
2026-08-14 16:07:49,8,NEAR_CAMERA,0,0,0,0,0.0,0.0,0.0,,,,9.91
2026-08-14 16:07:49,8,NEAR_CAMERA,0,0,0,0,0.0,0.0,0.0,,,,9.91
2026-08-14 16:07:49,8,NEAR_CAMERA,0,0,0,0,0.0,0.0,0.0,,,,9.91
2026-08-14 16:07:49,8,NEAR_CAMERA,0,0,0,0,0.0,0.0,0.0,,,,9.91
2026-08-14 16:07:49,8,NEAR_CAMERA,0,0,0,0,0.0,0.0,0.0,,,,9.91
2026-08-14 16:07:50,8,NEAR_CAMERA,0,0,0,0,0.0,0.0,0.0,,,,9.91
2026-08-14 16:07:50,8,NEAR_CAMERA,0,0,0,0,0.0,0.0,0.0,,,,9.91
2026-08-14 16:07:50,8,NEAR_CAMERA,0,0,0,0,0.0,0.0,0.0,,,,10.12
2026-08-14 16:07:50,8,NEAR_CAMERA,0,0,0,0,0.0,0.0,0.0,,,,10.12
2026-08-14 16:07:50,8,NEAR_CAMERA,0,0,0,0,0.0,0.0,0.0,,,,10.12
2026-08-14 16:07:50,8,NEAR_CAMERA,0,0,0,0,0.0,0.0,0.0,,,,10.12
2026-08-14 16:07:50,8,NEAR_CAMERA,0,0,0,0,0.0,0.0,0.0,,,,10.12
2026-08-14 16:07:50,8,NEAR_CAMERA,0,0,0,0,0.0,0.0,0.0,,,,10.12
2026-08-14 16:07:50,8,NEAR_CAMERA,0,0,0,0,0.0,0.0,0.0,,,,10.12
2026-08-14 16:07:51,8,NEAR_CAMERA,0,0,0,0,0.0,0.0,0.0,,,,10.12
2026-08-14 16:07:51,8,NEAR_CAMERA,0,0,0,0,0.0,0.0,0.0,,,,10.12
2026-08-14 16:07:51,8,NEAR_CAMERA,0,0,0,0,0.0,0.0,0.0,,,,10.12
2026-08-14 16:07:51,8,NEAR_CAMERA,0,0,0,0,0.0,0.0,0.0,,,,9.91
2026-08-14 16:07:51,8,NEAR_CAMERA,0,0,0,0,0.0,0.0,0.0,,,,9.91
2026-08-14 16:07:51,8,NEAR_CAMERA,0,0,0,0,0.0,0.0,0.0,,,,9.91
2026-08-14 16:07:51,8,NEAR_CAMERA,0,0,0,0,0.0,0.0,0.0,,,,9.91
2026-08-14 16:07:51,8,NEAR_CAMERA,0,0,0,0,0.0,0.0,0.0,,,,9.91
2026-08-14 16:07:51,8,NEAR_CAMERA,0,0,0,0,0.0,0.0,0.0,,,,9.91
2026-08-14 16:07:51,8,NEAR_CAMERA,0,0,0,0,0.0,0.0,0.0,,,,9.91
2026-08-14 16:07:51,8,NEAR_CAMERA,0,0,0,0,0.0,0.0,0.0,,,,9.91
2026-08-14 16:07:52,8,NEAR_CAMERA,0,0,0,0,0.0,0.0,0.0,,,,9.91
2026-08-14 16:07:52,8,NEAR_CAMERA,0,0,0,0,0.0,0.0,0.0,,,,9.91
2026-08-14 16:07:52,8,NEAR_CAMERA,0,0,0,0,0.0,0.0,0.0,,,,9.91
2026-08-14 16:07:52,8,NEAR_CAMERA,0,0,0,0,0.0,0.0,0.0,,,,10.11
2026-08-14 16:07:52,8,NEAR_CAMERA,0,0,0,0,0.0,0.0,0.0,,,,10.11
2026-08-14 16:07:52,8,NEAR_CAMERA,0,0,0,0,0.0,0.0,0.0,,,,10.11
2026-08-14 16:07:52,8,NEAR_CAMERA,0,0,0,0,0.0,0.0,0.0,,,,10.11
2026-08-14 16:07:52,8,NEAR_CAMERA,0,0,0,0,0.0,0.0,0.0,,,,10.11
2026-08-14 16:07:52,8,NEAR_CAMERA,0,0,0,0,0.0,0.0,0.0,,,,10.11
2026-08-14 16:07:53,8,NEAR_CAMERA,0,0,0,0,0.0,0.0,0.0,,,,10.11
2026-08-14 16:07:53,8,NEAR_CAMERA,0,0,0,0,0.0,0.0,0.0,,,,10.11
2026-08-14 16:07:53,8,NEAR_CAMERA,0,0,0,0,0.0,0.0,0.0,,,,10.11
2026-08-14 16:07:53,8,NEAR_CAMERA,0,0,0,0,0.0,0.0,0.0,,,,10.11
2026-08-14 16:07:53,8,NEAR_CAMERA,0,0,0,0,0.0,0.0,0.0,,,,10.11
2026-08-14 16:07:53,8,NEAR_CAMERA,0,0,0,0,0.0,0.0,0.0,,,,9.96
2026-08-14 16:07:53,8,NEAR_CAMERA,0,0,0,0,0.0,0.0,0.0,,,,9.96
2026-08-14 16:07:53,8,NEAR_CAMERA,0,0,0,0,0.0,0.0,0.0,,,,9.96
2026-08-14 16:07:53,8,NEAR_CAMERA,0,0,0,0,0.0,0.0,0.0,,,,9.96
2026-08-14 16:07:53,8,NEAR_CAMERA,0,0,0,0,0.0,0.0,0.0,,,,9.96
2026-08-14 16:07:53,8,NEAR_CAMERA,0,0,0,0,0.0,0.0,0.0,,,,9.96
2026-08-14 16:07:54,8,NEAR_CAMERA,0,0,0,0,0.0,0.0,0.0,,,,9.96
2026-08-14 16:07:54,8,NEAR_CAMERA,0,0,0,0,0.0,0.0,0.0,,,,9.96
2026-08-14 16:07:54,8,NEAR_CAMERA,0,0,0,0,0.0,0.0,0.0,,,,9.96
2026-08-14 16:07:54,8,NEAR_CAMERA,0,0,0,0,0.0,0.0,0.0,,,,9.96
2026-08-14 16:07:54,8,NEAR_CAMERA,0,0,0,0,0.0,0.0,0.0,,,,9.96
2026-08-14 16:07:54,8,NEAR_CAMERA,0,0,0,0,0.0,0.0,0.0,,,,10.11
2026-08-14 16:07:54,8,NEAR_CAMERA,0,0,0,0,0.0,0.0,0.0,,,,10.11
2026-08-14 16:07:54,8,NEAR_CAMERA,0,0,0,0,0.0,0.0,0.0,,,,10.11
2026-08-14 16:07:54,8,NEAR_CAMERA,0,0,0,0,0.0,0.0,0.0,,,,10.11
2026-08-14 16:07:54,8,NEAR_CAMERA,0,0,0,0,0.0,0.0,0.0,,,,10.11
2026-08-14 16:07:55,8,NEAR_CAMERA,0,0,0,0,0.0,0.0,0.0,,,,10.11
2026-08-14 16:07:55,8,NEAR_CAMERA,0,0,0,0,0.0,0.0,0.0,,,,10.11
2026-08-14 16:07:55,8,NEAR_CAMERA,0,0,0,0,0.0,0.0,0.0,,,,10.11
2026-08-14 16:07:55,8,NEAR_CAMERA,0,0,0,0,0.0,0.0,0.0,,,,10.11
2026-08-14 16:07:55,8,NEAR_CAMERA,0,0,0,0,0.0,0.0,0.0,,,,10.11
2026-08-14 16:07:55,8,NEAR_CAMERA,0,0,0,0,0.0,0.0,0.0,,,,9.94
2026-08-14 16:07:55,8,NEAR_CAMERA,0,0,0,0,0.0,0.0,0.0,,,,9.94
2026-08-14 16:07:55,9,FAR_CAMERA,0,0,0,0,0.0,0.0,0.0,,,,9.94
2026-08-14 16:07:55,9,FAR_CAMERA,0,0,0,0,0.0,0.0,0.0,,,,9.94
2026-08-14 16:07:55,9,FAR_CAMERA,0,0,0,0,0.0,0.0,0.0,,,,9.94
2026-08-14 16:07:56,9,FAR_CAMERA,0,0,0,0,0.0,0.0,0.0,,,,9.94
2026-08-14 16:07:56,9,FAR_CAMERA,0,0,0,0,0.0,0.0,0.0,,,,9.94
2026-08-14 16:07:56,9,FAR_CAMERA,0,0,0,0,0.0,0.0,0.0,,,,9.94
2026-08-14 16:07:56,9,FAR_CAMERA,0,0,0,0,0.0,0.0,0.0,,,,9.94
2026-08-14 16:07:56,9,FAR_CAMERA,0,0,0,0,0.0,0.0,0.0,,,,9.94
2026-08-14 16:07:56,9,FAR_CAMERA,0,0,0,0,0.0,0.0,0.0,,,,9.94
2026-08-14 16:07:56,9,FAR_CAMERA,0,0,0,0,0.0,0.0,0.0,,,,10.1
2026-08-14 16:07:56,9,FAR_CAMERA,0,0,0,0,0.0,0.0,0.0,,,,10.1
2026-08-14 16:07:56,9,FAR_CAMERA,0,0,0,0,0.0,0.0,0.0,,,,10.1
2026-08-14 16:07:56,9,FAR_CAMERA,0,0,0,0,0.0,0.0,0.0,,,,10.1
2026-08-14 16:07:57,9,FAR_CAMERA,0,0,0,0,0.0,0.0,0.0,,,,10.1
2026-08-14 16:07:57,9,FAR_CAMERA,0,0,0,0,0.0,0.0,0.0,,,,10.1
2026-08-14 16:07:57,9,FAR_CAMERA,0,0,0,0,0.0,0.0,0.0,,,,10.1
2026-08-14 16:07:57,9,FAR_CAMERA,0,0,0,0,0.0,0.0,0.0,,,,10.1
2026-08-14 16:07:57,9,FAR_CAMERA,0,0,0,0,0.0,0.0,0.0,,,,10.1
2026-08-14 16:07:57,9,FAR_CAMERA,0,0,0,0,0.0,0.0,0.0,,,,10.1
2026-08-14 16:07:57,9,FAR_CAMERA,0,0,0,0,0.0,0.0,0.0,,,,9.96
2026-08-14 16:07:57,9,FAR_CAMERA,0,0,0,0,0.0,0.0,0.0,,,,9.96
2026-08-14 16:07:57,9,FAR_CAMERA,0,0,0,0,0.0,0.0,0.0,,,,9.96
2026-08-14 16:07:57,9,FAR_CAMERA,0,0,0,0,0.0,0.0,0.0,,,,9.96
2026-08-14 16:07:58,9,FAR_CAMERA,0,0,0,0,0.0,0.0,0.0,,,,9.96
2026-08-14 16:07:58,9,FAR_CAMERA,0,0,0,0,0.0,0.0,0.0,,,,9.96
2026-08-14 16:07:58,9,FAR_CAMERA,0,0,0,0,0.0,0.0,0.0,,,,9.96
2026-08-14 16:07:58,9,FAR_CAMERA,0,0,0,0,0.0,0.0,0.0,,,,9.96
2026-08-14 16:07:58,9,FAR_CAMERA,0,0,0,0,0.0,0.0,0.0,,,,9.96
2026-08-14 16:07:58,9,FAR_CAMERA,0,0,0,0,0.0,0.0,0.0,,,,9.96
2026-08-14 16:07:58,9,FAR_CAMERA,0,0,0,0,0.0,0.0,0.0,,,,9.96
2026-08-14 16:07:58,9,FAR_CAMERA,0,0,0,0,0.0,0.0,0.0,,,,10.09
2026-08-14 16:07:58,9,FAR_CAMERA,0,0,0,0,0.0,0.0,0.0,,,,10.09
2026-08-14 16:07:58,9,FAR_CAMERA,0,0,0,0,0.0,0.0,0.0,,,,10.09
2026-08-14 16:07:59,9,FAR_CAMERA,0,0,0,0,0.0,0.0,0.0,,,,10.09
2026-08-14 16:07:59,9,FAR_CAMERA,0,0,0,0,0.0,0.0,0.0,,,,10.09
2026-08-14 16:07:59,9,FAR_CAMERA,0,0,0,0,0.0,0.0,0.0,,,,10.09
2026-08-14 16:07:59,9,FAR_CAMERA,0,0,0,0,0.0,0.0,0.0,,,,10.09
2026-08-14 16:07:59,9,FAR_CAMERA,0,0,0,0,0.0,0.0,0.0,,,,10.09
2026-08-14 16:07:59,9,FAR_CAMERA,0,0,0,0,0.0,0.0,0.0,,,,10.09
2026-08-14 16:07:59,9,FAR_CAMERA,0,0,0,0,0.0,0.0,0.0,,,,10.09
2026-08-14 16:07:59,9,FAR_CAMERA,0,0,0,0,0.0,0.0,0.0,,,,9.9
2026-08-14 16:07:59,9,FAR_CAMERA,0,0,0,0,0.0,0.0,0.0,,,,9.9
2026-08-14 16:07:59,9,FAR_CAMERA,0,0,0,0,0.0,0.0,0.0,,,,9.9
2026-08-14 16:08:00,9,FAR_CAMERA,0,0,0,0,0.0,0.0,0.0,,,,9.9
2026-08-14 16:08:00,9,FAR_CAMERA,0,0,0,0,0.0,0.0,0.0,,,,9.9
2026-08-14 16:08:00,9,FAR_CAMERA,0,0,0,0,0.0,0.0,0.0,,,,9.9
2026-08-14 16:08:00,9,FAR_CAMERA,0,0,0,0,0.0,0.0,0.0,,,,9.9
2026-08-14 16:08:00,9,FAR_CAMERA,0,0,0,0,0.0,0.0,0.0,,,,9.9
2026-08-14 16:08:00,9,FAR_CAMERA,0,0,0,0,0.0,0.0,0.0,,,,9.9
2026-08-14 16:08:00,9,FAR_CAMERA,0,0,0,0,0.0,0.0,0.0,,,,9.9
2026-08-14 16:08:00,9,FAR_CAMERA,0,0,0,0,0.0,0.0,0.0,,,,9.9
2026-08-14 16:08:00,9,FAR_CAMERA,0,0,0,0,0.0,0.0,0.0,,,,10.07
2026-08-14 16:08:00,9,FAR_CAMERA,0,0,0,0,0.0,0.0,0.0,,,,10.07
2026-08-14 16:08:01,9,FAR_CAMERA,0,0,0,0,0.0,0.0,0.0,,,,10.07
2026-08-14 16:08:01,9,FAR_CAMERA,0,0,0,0,0.0,0.0,0.0,,,,10.07
2026-08-14 16:08:01,9,FAR_CAMERA,0,0,0,0,0.0,0.0,0.0,,,,10.07
2026-08-14 16:08:01,9,FAR_CAMERA,0,0,0,0,0.0,0.0,0.0,,,,10.07
2026-08-14 16:08:01,9,FAR_CAMERA,0,0,0,0,0.0,0.0,0.0,,,,10.07
2026-08-14 16:08:01,9,FAR_CAMERA,0,0,0,0,0.0,0.0,0.0,,,,10.07
2026-08-14 16:08:01,9,FAR_CAMERA,0,0,0,0,0.0,0.0,0.0,,,,10.07
2026-08-14 16:08:01,9,FAR_CAMERA,0,0,0,0,0.0,0.0,0.0,,,,10.07
2026-08-14 16:08:01,9,FAR_CAMERA,0,0,0,0,0.0,0.0,0.0,,,,10.07
2026-08-14 16:08:01,9,FAR_CAMERA,0,0,0,0,0.0,0.0,0.0,,,,9.96
2026-08-14 16:08:02,9,FAR_CAMERA,0,0,0,0,0.0,0.0,0.0,,,,9.96
2026-08-14 16:08:02,9,FAR_CAMERA,0,0,0,0,0.0,0.0,0.0,,,,9.96
2026-08-14 16:08:02,9,FAR_CAMERA,0,0,0,0,0.0,0.0,0.0,,,,9.96
2026-08-14 16:08:02,9,FAR_CAMERA,0,0,0,0,0.0,0.0,0.0,,,,9.96
2026-08-14 16:08:02,9,FAR_CAMERA,0,0,0,0,0.0,0.0,0.0,,,,9.96
2026-08-14 16:08:02,9,FAR_CAMERA,0,0,0,0,0.0,0.0,0.0,,,,9.96
2026-08-14 16:08:02,9,FAR_CAMERA,0,0,0,0,0.0,0.0,0.0,,,,9.96
2026-08-14 16:08:02,9,FAR_CAMERA,0,0,0,0,0.0,0.0,0.0,,,,9.96
2026-08-14 16:08:02,9,FAR_CAMERA,0,0,0,0,0.0,0.0,0.0,,,,9.96
2026-08-14 16:08:02,9,FAR_CAMERA,0,0,0,0,0.0,0.0,0.0,,,,9.96
2026-08-14 16:08:03,9,FAR_CAMERA,0,0,0,0,0.0,0.0,0.0,,,,10.16
2026-08-14 16:08:03,9,FAR_CAMERA,0,0,0,0,0.0,0.0,0.0,,,,10.16
2026-08-14 16:08:03,9,FAR_CAMERA,0,0,0,0,0.0,0.0,0.0,,,,10.16
2026-08-14 16:08:03,9,FAR_CAMERA,0,0,0,0,0.0,0.0,0.0,,,,10.16
2026-08-14 16:08:03,9,FAR_CAMERA,0,0,0,0,0.0,0.0,0.0,,,,10.16
2026-08-14 16:08:03,9,FAR_CAMERA,0,0,0,0,0.0,0.0,0.0,,,,10.16
2026-08-14 16:08:03,9,FAR_CAMERA,0,0,0,0,0.0,0.0,0.0,,,,10.16
2026-08-14 16:08:03,9,FAR_CAMERA,0,0,0,0,0.0,0.0,0.0,,,,10.16
2026-08-14 16:08:03,9,FAR_CAMERA,0,0,0,0,0.0,0.0,0.0,,,,10.16
2026-08-14 16:08:03,9,FAR_CAMERA,0,0,0,0,0.0,0.0,0.0,,,,10.16
2026-08-14 16:08:04,9,FAR_CAMERA,0,0,0,0,0.0,0.0,0.0,,,,9.9
2026-08-14 16:08:04,9,FAR_CAMERA,0,0,0,0,0.0,0.0,0.0,,,,9.9
2026-08-14 16:08:04,9,FAR_CAMERA,0,0,0,0,0.0,0.0,0.0,,,,9.9
2026-08-14 16:08:04,9,FAR_CAMERA,0,0,0,0,0.0,0.0,0.0,,,,9.9
2026-08-14 16:08:04,9,FAR_CAMERA,0,0,0,0,0.0,0.0,0.0,,,,9.9
2026-08-14 16:08:04,9,FAR_CAMERA,0,0,0,0,0.0,0.0,0.0,,,,9.9
2026-08-14 16:08:04,9,FAR_CAMERA,0,0,0,0,0.0,0.0,0.0,,,,9.9
2026-08-14 16:08:04,9,FAR_CAMERA,0,0,0,0,0.0,0.0,0.0,,,,9.9
2026-08-14 16:08:04,9,FAR_CAMERA,0,0,0,0,0.0,0.0,0.0,,,,9.9
2026-08-14 16:08:04,9,FAR_CAMERA,0,0,0,0,0.0,0.0,0.0,,,,9.9
2026-08-14 16:08:05,9,FAR_CAMERA,0,0,0,0,0.0,0.0,0.0,,,,9.9
2026-08-14 16:08:05,9,FAR_CAMERA,0,0,0,0,0.0,0.0,0.0,,,,10.13
2026-08-14 16:08:05,9,FAR_CAMERA,0,0,0,0,0.0,0.0,0.0,,,,10.13
2026-08-14 16:08:05,9,FAR_CAMERA,0,0,0,0,0.0,0.0,0.0,,,,10.13
2026-08-14 16:08:05,9,FAR_CAMERA,0,0,0,0,0.0,0.0,0.0,,,,10.13
2026-08-14 16:08:05,9,FAR_CAMERA,0,0,0,0,0.0,0.0,0.0,,,,10.13
2026-08-14 16:08:05,9,FAR_CAMERA,0,0,0,0,0.0,0.0,0.0,,,,10.13
2026-08-14 16:08:05,9,FAR_CAMERA,0,0,0,0,0.0,0.0,0.0,,,,10.13
2026-08-14 16:08:05,9,FAR_CAMERA,0,0,0,0,0.0,0.0,0.0,,,,10.13
2026-08-14 16:08:05,9,FAR_CAMERA,0,0,0,0,0.0,0.0,0.0,,,,10.13
2026-08-14 16:08:06,9,FAR_CAMERA,0,0,0,0,0.0,0.0,0.0,,,,10.13
2026-08-14 16:08:06,9,FAR_CAMERA,0,0,0,0,0.0,0.0,0.0,,,,9.91
2026-08-14 16:08:06,9,FAR_CAMERA,0,0,0,0,0.0,0.0,0.0,,,,9.91
2026-08-14 16:08:06,9,FAR_CAMERA,0,0,0,0,0.0,0.0,0.0,,,,9.91
2026-08-14 16:08:06,9,FAR_CAMERA,0,0,0,0,0.0,0.0,0.0,,,,9.91
2026-08-14 16:08:06,9,FAR_CAMERA,0,0,0,0,0.0,0.0,0.0,,,,9.91
2026-08-14 16:08:06,9,FAR_CAMERA,0,0,0,0,0.0,0.0,0.0,,,,9.91
2026-08-14 16:08:06,9,FAR_CAMERA,0,0,0,0,0.0,0.0,0.0,,,,9.91
2026-08-14 16:08:06,9,FAR_CAMERA,0,0,0,0,0.0,0.0,0.0,,,,9.91
2026-08-14 16:08:06,9,FAR_CAMERA,0,0,0,0,0.0,0.0,0.0,,,,9.91
2026-08-14 16:08:07,9,FAR_CAMERA,0,0,0,0,0.0,0.0,0.0,,,,9.91
2026-08-14 16:08:07,9,FAR_CAMERA,0,0,0,0,0.0,0.0,0.0,,,,9.91
2026-08-14 16:08:07,9,FAR_CAMERA,0,0,0,0,0.0,0.0,0.0,,,,10.12
2026-08-14 16:08:07,9,FAR_CAMERA,0,0,0,0,0.0,0.0,0.0,,,,10.12
2026-08-14 16:08:07,9,FAR_CAMERA,0,0,0,0,0.0,0.0,0.0,,,,10.12
2026-08-14 16:08:07,9,FAR_CAMERA,0,0,0,0,0.0,0.0,0.0,,,,10.12
2026-08-14 16:08:07,9,FAR_CAMERA,0,0,0,0,0.0,0.0,0.0,,,,10.12
2026-08-14 16:08:07,9,FAR_CAMERA,0,0,0,0,0.0,0.0,0.0,,,,10.12
2026-08-14 16:08:07,9,FAR_CAMERA,0,0,0,0,0.0,0.0,0.0,,,,10.12
2026-08-14 16:08:07,9,FAR_CAMERA,0,0,0,0,0.0,0.0,0.0,,,,10.12
2026-08-14 16:08:08,9,FAR_CAMERA,0,0,0,0,0.0,0.0,0.0,,,,10.12
2026-08-14 16:08:08,9,FAR_CAMERA,0,0,0,0,0.0,0.0,0.0,,,,10.12
2026-08-14 16:08:08,9,FAR_CAMERA,0,0,0,0,0.0,0.0,0.0,,,,9.92
2026-08-14 16:08:08,9,FAR_CAMERA,0,0,0,0,0.0,0.0,0.0,,,,9.92
2026-08-14 16:08:08,9,FAR_CAMERA,0,0,0,0,0.0,0.0,0.0,,,,9.92
2026-08-14 16:08:08,9,FAR_CAMERA,0,0,0,0,0.0,0.0,0.0,,,,9.92
2026-08-14 16:08:08,9,FAR_CAMERA,0,0,0,0,0.0,0.0,0.0,,,,9.92
2026-08-14 16:08:08,9,FAR_CAMERA,0,0,0,0,0.0,0.0,0.0,,,,9.92
2026-08-14 16:08:08,9,FAR_CAMERA,0,0,0,0,0.0,0.0,0.0,,,,9.92
2026-08-14 16:08:08,9,FAR_CAMERA,0,0,0,0,0.0,0.0,0.0,,,,9.92
2026-08-14 16:08:09,9,FAR_CAMERA,0,0,0,0,0.0,0.0,0.0,,,,9.92
2026-08-14 16:08:09,9,FAR_CAMERA,0,0,0,0,0.0,0.0,0.0,,,,9.92
2026-08-14 16:08:09,9,FAR_CAMERA,0,0,0,0,0.0,0.0,0.0,,,,9.92
2026-08-14 16:08:09,9,FAR_CAMERA,0,0,0,0,0.0,0.0,0.0,,,,10.13
2026-08-14 16:08:09,9,FAR_CAMERA,0,0,0,0,0.0,0.0,0.0,,,,10.13
2026-08-14 16:08:09,9,FAR_CAMERA,0,0,0,0,0.0,0.0,0.0,,,,10.13
2026-08-14 16:08:09,9,FAR_CAMERA,0,0,0,0,0.0,0.0,0.0,,,,10.13
2026-08-14 16:08:09,9,FAR_CAMERA,0,0,0,0,0.0,0.0,0.0,,,,10.13
2026-08-14 16:08:09,9,FAR_CAMERA,0,0,0,0,0.0,0.0,0.0,,,,10.13
2026-08-14 16:08:09,9,FAR_CAMERA,0,0,0,0,0.0,0.0,0.0,,,,10.13
2026-08-14 16:08:10,9,FAR_CAMERA,0,0,0,0,0.0,0.0,0.0,,,,10.13
2026-08-14 16:08:10,9,FAR_CAMERA,0,0,0,0,0.0,0.0,0.0,,,,10.13
2026-08-14 16:08:10,9,FAR_CAMERA,0,0,0,0,0.0,0.0,0.0,,,,10.13
2026-08-14 16:08:10,9,FAR_CAMERA,0,0,0,0,0.0,0.0,0.0,,,,10.13
2026-08-14 16:08:10,9,FAR_CAMERA,0,0,0,0,0.0,0.0,0.0,,,,9.95
2026-08-14 16:08:10,9,FAR_CAMERA,0,0,0,0,0.0,0.0,0.0,,,,9.95
2026-08-14 16:08:10,9,FAR_CAMERA,0,0,0,0,0.0,0.0,0.0,,,,9.95
2026-08-14 16:08:10,9,FAR_CAMERA,0,0,0,0,0.0,0.0,0.0,,,,9.95
2026-08-14 16:08:10,9,FAR_CAMERA,0,0,0,0,0.0,0.0,0.0,,,,9.95
2026-08-14 16:08:10,9,FAR_CAMERA,0,0,0,0,0.0,0.0,0.0,,,,9.95
2026-08-14 16:08:11,9,FAR_CAMERA,0,0,0,0,0.0,0.0,0.0,,,,9.95
2026-08-14 16:08:11,9,FAR_CAMERA,0,0,0,0,0.0,0.0,0.0,,,,9.95
2026-08-14 16:08:11,9,FAR_CAMERA,0,0,0,0,0.0,0.0,0.0,,,,9.95
2026-08-14 16:08:11,9,FAR_CAMERA,0,0,0,0,0.0,0.0,0.0,,,,9.95
2026-08-14 16:08:11,9,FAR_CAMERA,0,0,0,0,0.0,0.0,0.0,,,,9.95
2026-08-14 16:08:11,9,FAR_CAMERA,0,0,0,0,0.0,0.0,0.0,,,,10.12
2026-08-14 16:08:11,9,FAR_CAMERA,0,0,0,0,0.0,0.0,0.0,,,,10.12
2026-08-14 16:08:11,9,FAR_CAMERA,0,0,0,0,0.0,0.0,0.0,,,,10.12
2026-08-14 16:08:11,9,FAR_CAMERA,0,0,0,0,0.0,0.0,0.0,,,,10.12
2026-08-14 16:08:11,9,FAR_CAMERA,0,0,0,0,0.0,0.0,0.0,,,,10.12
2026-08-14 16:08:12,9,FAR_CAMERA,0,0,0,0,0.0,0.0,0.0,,,,10.12
2026-08-14 16:08:12,9,FAR_CAMERA,0,0,0,0,0.0,0.0,0.0,,,,10.12
2026-08-14 16:08:12,9,FAR_CAMERA,0,0,0,0,0.0,0.0,0.0,,,,10.12
2026-08-14 16:08:12,9,FAR_CAMERA,0,0,0,0,0.0,0.0,0.0,,,,10.12
2026-08-14 16:08:12,9,FAR_CAMERA,0,0,0,0,0.0,0.0,0.0,,,,10.12
2026-08-14 16:08:12,9,FAR_CAMERA,0,0,0,0,0.0,0.0,0.0,,,,9.91
2026-08-14 16:08:12,9,FAR_CAMERA,0,0,0,0,0.0,0.0,0.0,,,,9.91
2026-08-14 16:08:12,9,FAR_CAMERA,0,0,0,0,0.0,0.0,0.0,,,,9.91
2026-08-14 16:08:12,9,FAR_CAMERA,0,0,0,0,0.0,0.0,0.0,,,,9.91
2026-08-14 16:08:12,9,FAR_CAMERA,0,0,0,0,0.0,0.0,0.0,,,,9.91
2026-08-14 16:08:13,9,FAR_CAMERA,0,0,0,0,0.0,0.0,0.0,,,,9.91
2026-08-14 16:08:13,9,FAR_CAMERA,0,0,0,0,0.0,0.0,0.0,,,,9.91
2026-08-14 16:08:13,9,FAR_CAMERA,0,0,0,0,0.0,0.0,0.0,,,,9.91
2026-08-14 16:08:13,9,FAR_CAMERA,0,0,0,0,0.0,0.0,0.0,,,,9.91
2026-08-14 16:08:13,9,FAR_CAMERA,0,0,0,0,0.0,0.0,0.0,,,,9.91
2026-08-14 16:08:13,9,FAR_CAMERA,0,0,0,0,0.0,0.0,0.0,,,,9.91
2026-08-14 16:08:13,9,FAR_CAMERA,0,0,0,0,0.0,0.0,0.0,,,,10.14
2026-08-14 16:08:13,9,FAR_CAMERA,0,0,0,0,0.0,0.0,0.0,,,,10.14
2026-08-14 16:08:13,9,FAR_CAMERA,0,0,0,0,0.0,0.0,0.0,,,,10.14
2026-08-14 16:08:13,9,FAR_CAMERA,0,0,0,0,0.0,0.0,0.0,,,,10.14
2026-08-14 16:08:14,9,FAR_CAMERA,0,0,0,0,0.0,0.0,0.0,,,,10.14
2026-08-14 16:08:14,9,FAR_CAMERA,0,0,0,0,0.0,0.0,0.0,,,,10.14
2026-08-14 16:08:14,9,FAR_CAMERA,0,0,0,0,0.0,0.0,0.0,,,,10.14
2026-08-14 16:08:14,9,FAR_CAMERA,0,0,0,0,0.0,0.0,0.0,,,,10.14
2026-08-14 16:08:14,9,FAR_CAMERA,0,0,0,0,0.0,0.0,0.0,,,,10.14
2026-08-14 16:08:14,9,FAR_CAMERA,0,0,0,0,0.0,0.0,0.0,,,,10.14
2026-08-14 16:08:14,9,FAR_CAMERA,0,0,0,0,0.0,0.0,0.0,,,,9.95
2026-08-14 16:08:14,9,FAR_CAMERA,0,0,0,0,0.0,0.0,0.0,,,,9.95
2026-08-14 16:08:14,9,FAR_CAMERA,0,0,0,0,0.0,0.0,0.0,,,,9.95
2026-08-14 16:08:14,9,FAR_CAMERA,0,0,0,0,0.0,0.0,0.0,,,,9.95
2026-08-14 16:08:15,9,FAR_CAMERA,0,0,0,0,0.0,0.0,0.0,,,,9.95
2026-08-14 16:08:15,9,FAR_CAMERA,0,0,0,0,0.0,0.0,0.0,,,,9.95
2026-08-14 16:08:15,9,FAR_CAMERA,0,0,0,0,0.0,0.0,0.0,,,,9.95
2026-08-14 16:08:15,9,FAR_CAMERA,0,0,0,0,0.0,0.0,0.0,,,,9.95
2026-08-14 16:08:15,9,FAR_CAMERA,0,0,0,0,0.0,0.0,0.0,,,,9.95
2026-08-14 16:08:15,9,FAR_CAMERA,0,0,0,0,0.0,0.0,0.0,,,,9.95
2026-08-14 16:08:15,9,FAR_CAMERA,0,0,0,0,0.0,0.0,0.0,,,,9.95
2026-08-14 16:08:15,9,FAR_CAMERA,0,0,0,0,0.0,0.0,0.0,,,,10.06
2026-08-14 16:08:15,9,FAR_CAMERA,0,0,0,0,0.0,0.0,0.0,,,,10.06
2026-08-14 16:08:15,9,FAR_CAMERA,0,0,0,0,0.0,0.0,0.0,,,,10.06
2026-08-14 16:08:16,9,FAR_CAMERA,0,0,0,0,0.0,0.0,0.0,,,,10.06
2026-08-14 16:08:16,9,FAR_CAMERA,0,0,0,0,0.0,0.0,0.0,,,,10.06
2026-08-14 16:08:16,9,FAR_CAMERA,0,0,0,0,0.0,0.0,0.0,,,,10.06
2026-08-14 16:08:16,9,FAR_CAMERA,0,0,0,0,0.0,0.0,0.0,,,,10.06
2026-08-14 16:08:16,9,FAR_CAMERA,0,0,0,0,0.0,0.0,0.0,,,,10.06
2026-08-14 16:08:16,9,FAR_CAMERA,0,0,0,0,0.0,0.0,0.0,,,,10.06
2026-08-14 16:08:16,9,FAR_CAMERA,0,0,0,0,0.0,0.0,0.0,,,,10.06
2026-08-14 16:08:16,9,FAR_CAMERA,0,0,0,0,0.0,0.0,0.0,,,,9.94
2026-08-14 16:08:16,9,FAR_CAMERA,0,0,0,0,0.0,0.0,0.0,,,,9.94
2026-08-14 16:08:16,9,FAR_CAMERA,0,0,0,0,0.0,0.0,0.0,,,,9.94
2026-08-14 16:08:17,9,FAR_CAMERA,0,0,0,0,0.0,0.0,0.0,,,,9.94
2026-08-14 16:08:17,9,FAR_CAMERA,0,0,0,0,0.0,0.0,0.0,,,,9.94
2026-08-14 16:08:17,9,FAR_CAMERA,0,0,0,0,0.0,0.0,0.0,,,,9.94
2026-08-14 16:08:17,9,FAR_CAMERA,0,0,0,0,0.0,0.0,0.0,,,,9.94
2026-08-14 16:08:17,9,FAR_CAMERA,0,0,0,0,0.0,0.0,0.0,,,,9.94
2026-08-14 16:08:17,9,FAR_CAMERA,0,0,0,0,0.0,0.0,0.0,,,,9.94
2026-08-14 16:08:17,9,FAR_CAMERA,0,0,0,0,0.0,0.0,0.0,,,,9.94
2026-08-14 16:08:17,9,FAR_CAMERA,0,0,0,0,0.0,0.0,0.0,,,,9.94
2026-08-14 16:08:17,9,FAR_CAMERA,0,0,0,0,0.0,0.0,0.0,,,,10.06
2026-08-14 16:08:17,9,FAR_CAMERA,0,0,0,0,0.0,0.0,0.0,,,,10.06
2026-08-14 16:08:18,9,FAR_CAMERA,0,0,0,0,0.0,0.0,0.0,,,,10.06
2026-08-14 16:08:18,9,FAR_CAMERA,0,0,0,0,0.0,0.0,0.0,,,,10.06
2026-08-14 16:08:18,9,FAR_CAMERA,0,0,0,0,0.0,0.0,0.0,,,,10.06
2026-08-14 16:08:18,9,FAR_CAMERA,0,0,0,0,0.0,0.0,0.0,,,,10.06
2026-08-14 16:08:18,9,FAR_CAMERA,0,0,0,0,0.0,0.0,0.0,,,,10.06
2026-08-14 16:08:18,9,FAR_CAMERA,0,0,0,0,0.0,0.0,0.0,,,,10.06
2026-08-14 16:08:18,9,FAR_CAMERA,0,0,0,0,0.0,0.0,0.0,,,,10.06
2026-08-14 16:08:18,9,FAR_CAMERA,0,0,0,0,0.0,0.0,0.0,,,,10.06
2026-08-14 16:08:18,9,FAR_CAMERA,0,0,0,0,0.0,0.0,0.0,,,,10.06
2026-08-14 16:08:18,9,FAR_CAMERA,0,0,0,0,0.0,0.0,0.0,,,,9.97
2026-08-14 16:08:19,9,FAR_CAMERA,0,0,0,0,0.0,0.0,0.0,,,,9.97
2026-08-14 16:08:19,9,FAR_CAMERA,0,0,0,0,0.0,0.0,0.0,,,,9.97
2026-08-14 16:08:19,9,FAR_CAMERA,0,0,0,0,0.0,0.0,0.0,,,,9.97
2026-08-14 16:08:19,9,FAR_CAMERA,0,0,0,0,0.0,0.0,0.0,,,,9.97
2026-08-14 16:08:19,9,FAR_CAMERA,0,0,0,0,0.0,0.0,0.0,,,,9.97
2026-08-14 16:08:19,9,FAR_CAMERA,0,0,0,0,0.0,0.0,0.0,,,,9.97
2026-08-14 16:08:19,9,FAR_CAMERA,0,0,0,0,0.0,0.0,0.0,,,,9.97
2026-08-14 16:08:19,9,FAR_CAMERA,0,0,0,0,0.0,0.0,0.0,,,,9.97
2026-08-14 16:08:19,9,FAR_CAMERA,0,0,0,0,0.0,0.0,0.0,,,,9.97
2026-08-14 16:08:19,9,FAR_CAMERA,0,0,0,0,0.0,0.0,0.0,,,,9.97
2026-08-14 16:08:20,9,FAR_CAMERA,0,0,0,0,0.0,0.0,0.0,,,,10.15
2026-08-14 16:08:20,9,FAR_CAMERA,0,0,0,0,0.0,0.0,0.0,,,,10.15
2026-08-14 16:08:20,9,FAR_CAMERA,0,0,0,0,0.0,0.0,0.0,,,,10.15
2026-08-14 16:08:20,9,FAR_CAMERA,0,0,0,0,0.0,0.0,0.0,,,,10.15
2026-08-14 16:08:20,9,FAR_CAMERA,0,0,0,0,0.0,0.0,0.0,,,,10.15
2026-08-14 16:08:20,9,FAR_CAMERA,0,0,0,0,0.0,0.0,0.0,,,,10.15
2026-08-14 16:08:20,9,FAR_CAMERA,0,0,0,0,0.0,0.0,0.0,,,,10.15
2026-08-14 16:08:20,9,FAR_CAMERA,0,0,0,0,0.0,0.0,0.0,,,,10.15
2026-08-14 16:08:20,9,FAR_CAMERA,0,0,0,0,0.0,0.0,0.0,,,,10.15
2026-08-14 16:08:20,9,FAR_CAMERA,0,0,0,0,0.0,0.0,0.0,,,,10.15
2026-08-14 16:08:21,9,FAR_CAMERA,0,0,0,0,0.0,0.0,0.0,,,,9.93
2026-08-14 16:08:21,9,FAR_CAMERA,0,0,0,0,0.0,0.0,0.0,,,,9.93
2026-08-14 16:08:21,9,FAR_CAMERA,0,0,0,0,0.0,0.0,0.0,,,,9.93
2026-08-14 16:08:21,9,FAR_CAMERA,0,0,0,0,0.0,0.0,0.0,,,,9.93
2026-08-14 16:08:21,9,FAR_CAMERA,0,0,0,0,0.0,0.0,0.0,,,,9.93
2026-08-14 16:08:21,9,FAR_CAMERA,0,0,0,0,0.0,0.0,0.0,,,,9.93
2026-08-14 16:08:21,9,FAR_CAMERA,0,0,0,0,0.0,0.0,0.0,,,,9.93
2026-08-14 16:08:21,9,FAR_CAMERA,0,0,0,0,0.0,0.0,0.0,,,,9.93
2026-08-14 16:08:21,9,FAR_CAMERA,0,0,0,0,0.0,0.0,0.0,,,,9.93
2026-08-14 16:08:21,9,FAR_CAMERA,0,0,0,0,0.0,0.0,0.0,,,,9.93
2026-08-14 16:08:22,9,FAR_CAMERA,0,0,0,0,0.0,0.0,0.0,,,,9.93
2026-08-14 16:08:22,9,FAR_CAMERA,0,0,0,0,0.0,0.0,0.0,,,,10.1
2026-08-14 16:08:22,9,FAR_CAMERA,0,0,0,0,0.0,0.0,0.0,,,,10.1
2026-08-14 16:08:22,9,FAR_CAMERA,0,0,0,0,0.0,0.0,0.0,,,,10.1
2026-08-14 16:08:22,9,FAR_CAMERA,0,0,0,0,0.0,0.0,0.0,,,,10.1
2026-08-14 16:08:22,9,FAR_CAMERA,0,0,0,0,0.0,0.0,0.0,,,,10.1
2026-08-14 16:08:22,9,FAR_CAMERA,0,0,0,0,0.0,0.0,0.0,,,,10.1
2026-08-14 16:08:22,9,FAR_CAMERA,0,0,0,0,0.0,0.0,0.0,,,,10.1
2026-08-14 16:08:22,9,FAR_CAMERA,0,0,0,0,0.0,0.0,0.0,,,,10.1
2026-08-14 16:08:22,9,FAR_CAMERA,0,0,0,0,0.0,0.0,0.0,,,,10.1
2026-08-14 16:08:23,9,FAR_CAMERA,0,0,0,0,0.0,0.0,0.0,,,,10.1
2026-08-14 16:08:23,9,FAR_CAMERA,0,0,0,0,0.0,0.0,0.0,,,,9.91
2026-08-14 16:08:23,9,FAR_CAMERA,0,0,0,0,0.0,0.0,0.0,,,,9.91
2026-08-14 16:08:23,9,FAR_CAMERA,0,0,0,0,0.0,0.0,0.0,,,,9.91
2026-08-14 16:08:23,9,FAR_CAMERA,0,0,0,0,0.0,0.0,0.0,,,,9.91
2026-08-14 16:08:23,9,FAR_CAMERA,0,0,0,0,0.0,0.0,0.0,,,,9.91
2026-08-14 16:08:23,9,FAR_CAMERA,0,0,0,0,0.0,0.0,0.0,,,,9.91
2026-08-14 16:08:23,9,FAR_CAMERA,0,0,0,0,0.0,0.0,0.0,,,,9.91
2026-08-14 16:08:23,9,FAR_CAMERA,0,0,0,0,0.0,0.0,0.0,,,,9.91
2026-08-14 16:08:23,9,FAR_CAMERA,0,0,0,0,0.0,0.0,0.0,,,,9.91
2026-08-14 16:08:24,9,FAR_CAMERA,0,0,0,0,0.0,0.0,0.0,,,,9.91
2026-08-14 16:08:24,9,FAR_CAMERA,0,0,0,0,0.0,0.0,0.0,,,,9.91
2026-08-14 16:08:24,9,FAR_CAMERA,0,0,0,0,0.0,0.0,0.0,,,,10.11
2026-08-14 16:08:24,9,FAR_CAMERA,0,0,0,0,0.0,0.0,0.0,,,,10.11
2026-08-14 16:08:24,9,FAR_CAMERA,0,0,0,0,0.0,0.0,0.0,,,,10.11
2026-08-14 16:08:24,9,FAR_CAMERA,0,0,0,0,0.0,0.0,0.0,,,,10.11
2026-08-14 16:08:24,9,FAR_CAMERA,0,0,0,0,0.0,0.0,0.0,,,,10.11
2026-08-14 16:08:24,9,FAR_CAMERA,0,0,0,0,0.0,0.0,0.0,,,,10.11
2026-08-14 16:08:24,9,FAR_CAMERA,0,0,0,0,0.0,0.0,0.0,,,,10.11
2026-08-14 16:08:24,9,FAR_CAMERA,0,0,0,0,0.0,0.0,0.0,,,,10.11
2026-08-14 16:08:25,9,FAR_CAMERA,0,0,0,0,0.0,0.0,0.0,,,,10.11
2026-08-14 16:08:25,9,FAR_CAMERA,0,0,0,0,0.0,0.0,0.0,,,,10.11
2026-08-14 16:08:25,9,FAR_CAMERA,0,0,0,0,0.0,0.0,0.0,,,,9.87
2026-08-14 16:08:25,9,FAR_CAMERA,0,0,0,0,0.0,0.0,0.0,,,,9.87
2026-08-14 16:08:25,9,FAR_CAMERA,0,0,0,0,0.0,0.0,0.0,,,,9.87
2026-08-14 16:08:25,9,FAR_CAMERA,0,0,0,0,0.0,0.0,0.0,,,,9.87
2026-08-14 16:08:25,9,FAR_CAMERA,0,0,0,0,0.0,0.0,0.0,,,,9.87
2026-08-14 16:08:25,9,FAR_CAMERA,0,0,0,0,0.0,0.0,0.0,,,,9.87
2026-08-14 16:08:25,9,FAR_CAMERA,0,0,0,0,0.0,0.0,0.0,,,,9.87
2026-08-14 16:08:25,9,FAR_CAMERA,0,0,0,0,0.0,0.0,0.0,,,,9.87
2026-08-14 16:08:26,9,FAR_CAMERA,0,0,0,0,0.0,0.0,0.0,,,,9.87
2026-08-14 16:08:26,9,FAR_CAMERA,0,0,0,0,0.0,0.0,0.0,,,,9.87
2026-08-14 16:08:26,9,FAR_CAMERA,0,0,0,0,0.0,0.0,0.0,,,,9.87
2026-08-14 16:08:26,9,FAR_CAMERA,0,0,0,0,0.0,0.0,0.0,,,,10.16
2026-08-14 16:08:26,9,FAR_CAMERA,0,0,0,0,0.0,0.0,0.0,,,,10.16
2026-08-14 16:08:26,9,FAR_CAMERA,0,0,0,0,0.0,0.0,0.0,,,,10.16
2026-08-14 16:08:26,9,FAR_CAMERA,0,0,0,0,0.0,0.0,0.0,,,,10.16
2026-08-14 16:08:26,9,FAR_CAMERA,0,0,0,0,0.0,0.0,0.0,,,,10.16
2026-08-14 16:08:26,9,FAR_CAMERA,0,0,0,0,0.0,0.0,0.0,,,,10.16
2026-08-14 16:08:26,9,FAR_CAMERA,0,0,0,0,0.0,0.0,0.0,,,,10.16
2026-08-14 16:08:27,9,FAR_CAMERA,0,0,0,0,0.0,0.0,0.0,,,,10.16
2026-08-14 16:08:27,9,FAR_CAMERA,0,0,0,0,0.0,0.0,0.0,,,,10.16
2026-08-14 16:08:27,9,FAR_CAMERA,0,0,0,0,0.0,0.0,0.0,,,,10.16
2026-08-14 16:08:27,9,FAR_CAMERA,0,0,0,0,0.0,0.0,0.0,,,,9.87
2026-08-14 16:08:27,9,FAR_CAMERA,0,0,0,0,0.0,0.0,0.0,,,,9.87
2026-08-14 16:08:27,9,FAR_CAMERA,0,0,0,0,0.0,0.0,0.0,,,,9.87
2026-08-14 16:08:27,9,FAR_CAMERA,0,0,0,0,0.0,0.0,0.0,,,,9.87
2026-08-14 16:08:27,9,FAR_CAMERA,0,0,0,0,0.0,0.0,0.0,,,,9.87
2026-08-14 16:08:27,9,FAR_CAMERA,0,0,0,0,0.0,0.0,0.0,,,,9.87
2026-08-14 16:08:27,9,FAR_CAMERA,0,0,0,0,0.0,0.0,0.0,,,,9.87
2026-08-14 16:08:28,9,FAR_CAMERA,0,0,0,0,0.0,0.0,0.0,,,,9.87
2026-08-14 16:08:28,9,FAR_CAMERA,0,0,0,0,0.0,0.0,0.0,,,,9.87
2026-08-14 16:08:28,9,FAR_CAMERA,0,0,0,0,0.0,0.0,0.0,,,,9.87
2026-08-14 16:08:28,9,FAR_CAMERA,0,0,0,0,0.0,0.0,0.0,,,,9.87
2026-08-14 16:08:28,9,FAR_CAMERA,0,0,0,0,0.0,0.0,0.0,,,,10.17
2026-08-14 16:08:28,9,FAR_CAMERA,0,0,0,0,0.0,0.0,0.0,,,,10.17
2026-08-14 16:08:28,9,FAR_CAMERA,0,0,0,0,0.0,0.0,0.0,,,,10.17
2026-08-14 16:08:28,9,FAR_CAMERA,0,0,0,0,0.0,0.0,0.0,,,,10.17
2026-08-14 16:08:28,9,FAR_CAMERA,0,0,0,0,0.0,0.0,0.0,,,,10.17
2026-08-14 16:08:28,9,FAR_CAMERA,0,0,0,0,0.0,0.0,0.0,,,,10.17
2026-08-14 16:08:29,9,FAR_CAMERA,0,0,0,0,0.0,0.0,0.0,,,,10.17
2026-08-14 16:08:29,9,FAR_CAMERA,0,0,0,0,0.0,0.0,0.0,,,,10.17
2026-08-14 16:08:29,9,FAR_CAMERA,0,0,0,0,0.0,0.0,0.0,,,,10.17
2026-08-14 16:08:29,9,FAR_CAMERA,0,0,0,0,0.0,0.0,0.0,,,,10.17
2026-08-14 16:08:29,9,FAR_CAMERA,0,0,0,0,0.0,0.0,0.0,,,,10.17
2026-08-14 16:08:29,9,FAR_CAMERA,0,0,0,0,0.0,0.0,0.0,,,,10.02
2026-08-14 16:08:29,9,FAR_CAMERA,0,0,0,0,0.0,0.0,0.0,,,,10.02
2026-08-14 16:08:29,9,FAR_CAMERA,0,0,0,0,0.0,0.0,0.0,,,,10.02
2026-08-14 16:08:29,9,FAR_CAMERA,0,0,0,0,0.0,0.0,0.0,,,,10.02
2026-08-14 16:08:29,9,FAR_CAMERA,0,0,0,0,0.0,0.0,0.0,,,,10.02
2026-08-14 16:08:30,9,FAR_CAMERA,0,0,0,0,0.0,0.0,0.0,,,,10.02
2026-08-14 16:08:30,9,FAR_CAMERA,0,0,0,0,0.0,0.0,0.0,,,,10.02
2026-08-14 16:08:30,9,FAR_CAMERA,0,0,0,0,0.0,0.0,0.0,,,,10.02
2026-08-14 16:08:30,9,FAR_CAMERA,0,0,0,0,0.0,0.0,0.0,,,,10.02
2026-08-14 16:08:30,9,FAR_CAMERA,0,0,0,0,0.0,0.0,0.0,,,,10.02
2026-08-14 16:08:30,9,FAR_CAMERA,0,0,0,0,0.0,0.0,0.0,,,,10.02
2026-08-14 16:08:30,9,FAR_CAMERA,0,0,0,0,0.0,0.0,0.0,,,,10.07
2026-08-14 16:08:30,9,FAR_CAMERA,0,0,0,0,0.0,0.0,0.0,,,,10.07
2026-08-14 16:08:30,9,FAR_CAMERA,0,0,0,0,0.0,0.0,0.0,,,,10.07
2026-08-14 16:08:30,9,FAR_CAMERA,0,0,0,0,0.0,0.0,0.0,,,,10.07
2026-08-14 16:08:31,9,FAR_CAMERA,0,0,0,0,0.0,0.0,0.0,,,,10.07
2026-08-14 16:08:31,9,FAR_CAMERA,0,0,0,0,0.0,0.0,0.0,,,,10.07
2026-08-14 16:08:31,9,FAR_CAMERA,0,0,0,0,0.0,0.0,0.0,,,,10.07
2026-08-14 16:08:31,9,FAR_CAMERA,0,0,0,0,0.0,0.0,0.0,,,,10.07
2026-08-14 16:08:31,9,FAR_CAMERA,0,0,0,0,0.0,0.0,0.0,,,,10.07
2026-08-14 16:08:31,9,FAR_CAMERA,0,0,0,0,0.0,0.0,0.0,,,,10.07
2026-08-14 16:08:31,9,FAR_CAMERA,0,0,0,0,0.0,0.0,0.0,,,,9.89
2026-08-14 16:08:31,9,FAR_CAMERA,0,0,0,0,0.0,0.0,0.0,,,,9.89
2026-08-14 16:08:31,9,FAR_CAMERA,0,0,0,0,0.0,0.0,0.0,,,,9.89
2026-08-14 16:08:31,9,FAR_CAMERA,0,0,0,0,0.0,0.0,0.0,,,,9.89
2026-08-14 16:08:32,9,FAR_CAMERA,0,0,0,0,0.0,0.0,0.0,,,,9.89
2026-08-14 16:08:32,9,FAR_CAMERA,0,0,0,0,0.0,0.0,0.0,,,,9.89
2026-08-14 16:08:32,9,FAR_CAMERA,0,0,0,0,0.0,0.0,0.0,,,,9.89
2026-08-14 16:08:32,9,FAR_CAMERA,0,0,0,0,0.0,0.0,0.0,,,,9.89
2026-08-14 16:08:32,9,FAR_CAMERA,0,0,0,0,0.0,0.0,0.0,,,,9.89
2026-08-14 16:08:32,9,FAR_CAMERA,0,0,0,0,0.0,0.0,0.0,,,,9.89
2026-08-14 16:08:32,9,FAR_CAMERA,0,0,0,0,0.0,0.0,0.0,,,,9.89
2026-08-14 16:08:32,9,FAR_CAMERA,0,0,0,0,0.0,0.0,0.0,,,,10.13
2026-08-14 16:08:32,9,FAR_CAMERA,0,0,0,0,0.0,0.0,0.0,,,,10.13
2026-08-14 16:08:32,9,FAR_CAMERA,0,0,0,0,0.0,0.0,0.0,,,,10.13
2026-08-14 16:08:33,9,FAR_CAMERA,0,0,0,0,0.0,0.0,0.0,,,,10.13
2026-08-14 16:08:33,9,FAR_CAMERA,0,0,0,0,0.0,0.0,0.0,,,,10.13
2026-08-14 16:08:33,9,FAR_CAMERA,0,0,0,0,0.0,0.0,0.0,,,,10.13
2026-08-14 16:08:33,9,FAR_CAMERA,0,0,0,0,0.0,0.0,0.0,,,,10.13
2026-08-14 16:08:33,9,FAR_CAMERA,0,0,0,0,0.0,0.0,0.0,,,,10.13
2026-08-14 16:08:33,9,FAR_CAMERA,0,0,0,0,0.0,0.0,0.0,,,,10.13
2026-08-14 16:08:33,9,FAR_CAMERA,0,0,0,0,0.0,0.0,0.0,,,,10.13
2026-08-14 16:08:33,9,FAR_CAMERA,0,0,0,0,0.0,0.0,0.0,,,,9.92
2026-08-14 16:08:33,9,FAR_CAMERA,0,0,0,0,0.0,0.0,0.0,,,,9.92
2026-08-14 16:08:33,9,FAR_CAMERA,0,0,0,0,0.0,0.0,0.0,,,,9.92
2026-08-14 16:08:33,9,FAR_CAMERA,0,0,0,0,0.0,0.0,0.0,,,,9.92
2026-08-14 16:08:34,9,FAR_CAMERA,0,0,0,0,0.0,0.0,0.0,,,,9.92
2026-08-14 16:08:34,9,FAR_CAMERA,0,0,0,0,0.0,0.0,0.0,,,,9.92
2026-08-14 16:08:34,9,FAR_CAMERA,0,0,0,0,0.0,0.0,0.0,,,,9.92
2026-08-14 16:08:34,9,FAR_CAMERA,0,0,0,0,0.0,0.0,0.0,,,,9.92
2026-08-14 16:08:34,9,FAR_CAMERA,0,0,0,0,0.0,0.0,0.0,,,,9.92
2026-08-14 16:08:34,9,FAR_CAMERA,0,0,0,0,0.0,0.0,0.0,,,,9.92
2026-08-14 16:08:34,9,FAR_CAMERA,0,0,0,0,0.0,0.0,0.0,,,,9.92
2026-08-14 16:08:34,9,FAR_CAMERA,0,0,0,0,0.0,0.0,0.0,,,,10.05
2026-08-14 16:08:34,9,FAR_CAMERA,0,0,0,0,0.0,0.0,0.0,,,,10.05
2026-08-14 16:08:34,9,FAR_CAMERA,0,0,0,0,0.0,0.0,0.0,,,,10.05
2026-08-14 16:08:35,9,FAR_CAMERA,0,0,0,0,0.0,0.0,0.0,,,,10.05
2026-08-14 16:08:35,9,FAR_CAMERA,0,0,0,0,0.0,0.0,0.0,,,,10.05
2026-08-14 16:08:35,9,FAR_CAMERA,0,0,0,0,0.0,0.0,0.0,,,,10.05
2026-08-14 16:08:35,9,FAR_CAMERA,0,0,0,0,0.0,0.0,0.0,,,,10.05
2026-08-14 16:08:35,9,FAR_CAMERA,0,0,0,0,0.0,0.0,0.0,,,,10.05
2026-08-14 16:08:35,9,FAR_CAMERA,0,0,0,0,0.0,0.0,0.0,,,,10.05
2026-08-14 16:08:35,9,FAR_CAMERA,0,0,0,0,0.0,0.0,0.0,,,,10.05
2026-08-14 16:08:35,9,FAR_CAMERA,0,0,0,0,0.0,0.0,0.0,,,,9.97
2026-08-14 16:08:35,9,FAR_CAMERA,0,0,0,0,0.0,0.0,0.0,,,,9.97
2026-08-14 16:08:35,9,FAR_CAMERA,0,0,0,0,0.0,0.0,0.0,,,,9.97
2026-08-14 16:08:36,9,FAR_CAMERA,0,0,0,0,0.0,0.0,0.0,,,,9.97
2026-08-14 16:08:36,9,FAR_CAMERA,0,0,0,0,0.0,0.0,0.0,,,,9.97
2026-08-14 16:08:36,9,FAR_CAMERA,0,0,0,0,0.0,0.0,0.0,,,,9.97
2026-08-14 16:08:36,9,FAR_CAMERA,0,0,0,0,0.0,0.0,0.0,,,,9.97
2026-08-14 16:08:36,9,FAR_CAMERA,0,0,0,0,0.0,0.0,0.0,,,,9.97
2026-08-14 16:08:36,9,FAR_CAMERA,0,0,0,0,0.0,0.0,0.0,,,,9.97
2026-08-14 16:08:36,9,FAR_CAMERA,0,0,0,0,0.0,0.0,0.0,,,,9.97
2026-08-14 16:08:36,9,FAR_CAMERA,0,0,0,0,0.0,0.0,0.0,,,,9.97
2026-08-14 16:08:36,9,FAR_CAMERA,0,0,0,0,0.0,0.0,0.0,,,,10.08
2026-08-14 16:08:36,9,FAR_CAMERA,0,0,0,0,0.0,0.0,0.0,,,,10.08
2026-08-14 16:08:37,9,FAR_CAMERA,0,0,0,0,0.0,0.0,0.0,,,,10.08
2026-08-14 16:08:37,9,FAR_CAMERA,0,0,0,0,0.0,0.0,0.0,,,,10.08
2026-08-14 16:08:37,9,FAR_CAMERA,0,0,0,0,0.0,0.0,0.0,,,,10.08
2026-08-14 16:08:37,9,FAR_CAMERA,0,0,0,0,0.0,0.0,0.0,,,,10.08
2026-08-14 16:08:37,9,FAR_CAMERA,0,0,0,0,0.0,0.0,0.0,,,,10.08
2026-08-14 16:08:37,9,FAR_CAMERA,0,0,0,0,0.0,0.0,0.0,,,,10.08
2026-08-14 16:08:37,9,FAR_CAMERA,0,0,0,0,0.0,0.0,0.0,,,,10.08
2026-08-14 16:08:37,9,FAR_CAMERA,0,0,0,0,0.0,0.0,0.0,,,,10.08
2026-08-14 16:08:37,9,FAR_CAMERA,0,0,0,0,0.0,0.0,0.0,,,,10.08
2026-08-14 16:08:37,9,FAR_CAMERA,0,0,0,0,0.0,0.0,0.0,,,,9.97
2026-08-14 16:08:38,9,FAR_CAMERA,0,0,0,0,0.0,0.0,0.0,,,,9.97
2026-08-14 16:08:38,9,FAR_CAMERA,0,0,0,0,0.0,0.0,0.0,,,,9.97
2026-08-14 16:08:38,9,FAR_CAMERA,0,0,0,0,0.0,0.0,0.0,,,,9.97
2026-08-14 16:08:38,9,FAR_CAMERA,0,0,0,0,0.0,0.0,0.0,,,,9.97
2026-08-14 16:08:38,9,FAR_CAMERA,0,0,0,0,0.0,0.0,0.0,,,,9.97
2026-08-14 16:08:38,9,FAR_CAMERA,0,0,0,0,0.0,0.0,0.0,,,,9.97
2026-08-14 16:08:38,9,FAR_CAMERA,0,0,0,0,0.0,0.0,0.0,,,,9.97
2026-08-14 16:08:38,9,FAR_CAMERA,0,0,0,0,0.0,0.0,0.0,,,,9.97
2026-08-14 16:08:38,9,FAR_CAMERA,0,0,0,0,0.0,0.0,0.0,,,,9.97
2026-08-14 16:08:38,9,FAR_CAMERA,0,0,0,0,0.0,0.0,0.0,,,,9.97
2026-08-14 16:08:39,9,FAR_CAMERA,0,0,0,0,0.0,0.0,0.0,,,,10.14
2026-08-14 16:08:39,9,FAR_CAMERA,0,0,0,0,0.0,0.0,0.0,,,,10.14
2026-08-14 16:08:39,9,FAR_CAMERA,0,0,0,0,0.0,0.0,0.0,,,,10.14
2026-08-14 16:08:39,9,FAR_CAMERA,0,0,0,0,0.0,0.0,0.0,,,,10.14
2026-08-14 16:08:39,9,FAR_CAMERA,0,0,0,0,0.0,0.0,0.0,,,,10.14
2026-08-14 16:08:39,9,FAR_CAMERA,0,0,0,0,0.0,0.0,0.0,,,,10.14
2026-08-14 16:08:39,9,FAR_CAMERA,0,0,0,0,0.0,0.0,0.0,,,,10.14
2026-08-14 16:08:39,9,FAR_CAMERA,0,0,0,0,0.0,0.0,0.0,,,,10.14
2026-08-14 16:08:39,9,FAR_CAMERA,0,0,0,0,0.0,0.0,0.0,,,,10.14
2026-08-14 16:08:39,9,FAR_CAMERA,0,0,0,0,0.0,0.0,0.0,,,,10.14
2026-08-14 16:08:40,9,FAR_CAMERA,0,0,0,0,0.0,0.0,0.0,,,,9.89
2026-08-14 16:08:40,9,FAR_CAMERA,0,0,0,0,0.0,0.0,0.0,,,,9.89
2026-08-14 16:08:40,9,FAR_CAMERA,0,0,0,0,0.0,0.0,0.0,,,,9.89
2026-08-14 16:08:40,9,FAR_CAMERA,0,0,0,0,0.0,0.0,0.0,,,,9.89
2026-08-14 16:08:40,9,FAR_CAMERA,0,0,0,0,0.0,0.0,0.0,,,,9.89
2026-08-14 16:08:40,9,FAR_CAMERA,0,0,0,0,0.0,0.0,0.0,,,,9.89
2026-08-14 16:08:40,9,FAR_CAMERA,0,0,0,0,0.0,0.0,0.0,,,,9.89
2026-08-14 16:08:40,9,FAR_CAMERA,0,0,0,0,0.0,0.0,0.0,,,,9.89
2026-08-14 16:08:40,9,FAR_CAMERA,0,0,0,0,0.0,0.0,0.0,,,,9.89
2026-08-14 16:08:40,9,FAR_CAMERA,0,0,0,0,0.0,0.0,0.0,,,,9.89
2026-08-14 16:08:41,9,FAR_CAMERA,0,0,0,0,0.0,0.0,0.0,,,,9.89
2026-08-14 16:08:41,9,FAR_CAMERA,0,0,0,0,0.0,0.0,0.0,,,,10.14
2026-08-14 16:08:41,9,FAR_CAMERA,0,0,0,0,0.0,0.0,0.0,,,,10.14
2026-08-14 16:08:41,9,FAR_CAMERA,0,0,0,0,0.0,0.0,0.0,,,,10.14
2026-08-14 16:08:41,9,FAR_CAMERA,0,0,0,0,0.0,0.0,0.0,,,,10.14
2026-08-14 16:08:41,9,FAR_CAMERA,0,0,0,0,0.0,0.0,0.0,,,,10.14
2026-08-14 16:08:41,9,FAR_CAMERA,0,0,0,0,0.0,0.0,0.0,,,,10.14
2026-08-14 16:08:41,9,FAR_CAMERA,0,0,0,0,0.0,0.0,0.0,,,,10.14
2026-08-14 16:08:41,9,FAR_CAMERA,0,0,0,0,0.0,0.0,0.0,,,,10.14
2026-08-14 16:08:41,9,FAR_CAMERA,0,0,0,0,0.0,0.0,0.0,,,,10.14
2026-08-14 16:08:42,9,FAR_CAMERA,0,0,0,0,0.0,0.0,0.0,,,,10.14
2026-08-14 16:08:42,9,FAR_CAMERA,0,0,0,0,0.0,0.0,0.0,,,,9.87
2026-08-14 16:08:42,9,FAR_CAMERA,0,0,0,0,0.0,0.0,0.0,,,,9.87
2026-08-14 16:08:42,9,FAR_CAMERA,0,0,0,0,0.0,0.0,0.0,,,,9.87
2026-08-14 16:08:42,9,FAR_CAMERA,0,0,0,0,0.0,0.0,0.0,,,,9.87
2026-08-14 16:08:42,9,FAR_CAMERA,0,0,0,0,0.0,0.0,0.0,,,,9.87
2026-08-14 16:08:42,9,FAR_CAMERA,0,0,0,0,0.0,0.0,0.0,,,,9.87
2026-08-14 16:08:42,9,FAR_CAMERA,0,0,0,0,0.0,0.0,0.0,,,,9.87
2026-08-14 16:08:42,9,FAR_CAMERA,0,0,0,0,0.0,0.0,0.0,,,,9.87
2026-08-14 16:08:42,9,FAR_CAMERA,0,0,0,0,0.0,0.0,0.0,,,,9.87
2026-08-14 16:08:43,9,FAR_CAMERA,0,0,0,0,0.0,0.0,0.0,,,,9.87
2026-08-14 16:08:43,9,FAR_CAMERA,0,0,0,0,0.0,0.0,0.0,,,,9.87
2026-08-14 16:08:43,9,FAR_CAMERA,0,0,0,0,0.0,0.0,0.0,,,,10.15
2026-08-14 16:08:43,9,FAR_CAMERA,0,0,0,0,0.0,0.0,0.0,,,,10.15
2026-08-14 16:08:43,9,FAR_CAMERA,0,0,0,0,0.0,0.0,0.0,,,,10.15
2026-08-14 16:08:43,9,FAR_CAMERA,0,0,0,0,0.0,0.0,0.0,,,,10.15
2026-08-14 16:08:43,9,FAR_CAMERA,0,0,0,0,0.0,0.0,0.0,,,,10.15
2026-08-14 16:08:43,9,FAR_CAMERA,0,0,0,0,0.0,0.0,0.0,,,,10.15
2026-08-14 16:08:43,9,FAR_CAMERA,0,0,0,0,0.0,0.0,0.0,,,,10.15
2026-08-14 16:08:43,9,FAR_CAMERA,0,0,0,0,0.0,0.0,0.0,,,,10.15
2026-08-14 16:08:44,9,FAR_CAMERA,0,0,0,0,0.0,0.0,0.0,,,,10.15
2026-08-14 16:08:44,9,FAR_CAMERA,0,0,0,0,0.0,0.0,0.0,,,,10.15
2026-08-14 16:08:44,9,FAR_CAMERA,0,0,0,0,0.0,0.0,0.0,,,,9.89
2026-08-14 16:08:44,9,FAR_CAMERA,0,0,0,0,0.0,0.0,0.0,,,,9.89
2026-08-14 16:08:44,9,FAR_CAMERA,0,0,0,0,0.0,0.0,0.0,,,,9.89
2026-08-14 16:08:44,9,FAR_CAMERA,0,0,0,0,0.0,0.0,0.0,,,,9.89
2026-08-14 16:08:44,9,FAR_CAMERA,0,0,0,0,0.0,0.0,0.0,,,,9.89
2026-08-14 16:08:44,9,FAR_CAMERA,0,0,0,0,0.0,0.0,0.0,,,,9.89
2026-08-14 16:08:44,9,FAR_CAMERA,0,0,0,0,0.0,0.0,0.0,,,,9.89
2026-08-14 16:08:44,9,FAR_CAMERA,0,0,0,0,0.0,0.0,0.0,,,,9.89
2026-08-14 16:08:45,9,FAR_CAMERA,0,0,0,0,0.0,0.0,0.0,,,,9.89
2026-08-14 16:08:45,9,FAR_CAMERA,0,0,0,0,0.0,0.0,0.0,,,,9.89
2026-08-14 16:08:45,9,FAR_CAMERA,0,0,0,0,0.0,0.0,0.0,,,,9.89
2026-08-14 16:08:45,9,FAR_CAMERA,0,0,0,0,0.0,0.0,0.0,,,,10.19
2026-08-14 16:08:45,9,FAR_CAMERA,0,0,0,0,0.0,0.0,0.0,,,,10.19
2026-08-14 16:08:45,9,FAR_CAMERA,0,0,0,0,0.0,0.0,0.0,,,,10.19
2026-08-14 16:08:45,9,FAR_CAMERA,0,0,0,0,0.0,0.0,0.0,,,,10.19
2026-08-14 16:08:45,9,FAR_CAMERA,0,0,0,0,0.0,0.0,0.0,,,,10.19
2026-08-14 16:08:45,9,FAR_CAMERA,0,0,0,0,0.0,0.0,0.0,,,,10.19
2026-08-14 16:08:45,9,FAR_CAMERA,0,0,0,0,0.0,0.0,0.0,,,,10.19
2026-08-14 16:08:46,9,FAR_CAMERA,0,0,0,0,0.0,0.0,0.0,,,,10.19
2026-08-14 16:08:46,9,FAR_CAMERA,0,0,0,0,0.0,0.0,0.0,,,,10.19
2026-08-14 16:08:46,9,FAR_CAMERA,0,0,0,0,0.0,0.0,0.0,,,,10.19
2026-08-14 16:08:46,9,FAR_CAMERA,0,0,0,0,0.0,0.0,0.0,,,,9.97
2026-08-14 16:08:46,9,FAR_CAMERA,0,0,0,0,0.0,0.0,0.0,,,,9.97
2026-08-14 16:08:46,9,FAR_CAMERA,0,0,0,0,0.0,0.0,0.0,,,,9.97
2026-08-14 16:08:46,9,FAR_CAMERA,0,0,0,0,0.0,0.0,0.0,,,,9.97
2026-08-14 16:08:46,9,FAR_CAMERA,0,0,0,0,0.0,0.0,0.0,,,,9.97
2026-08-14 16:08:46,9,FAR_CAMERA,0,0,0,0,0.0,0.0,0.0,,,,9.97
2026-08-14 16:08:46,9,FAR_CAMERA,0,0,0,0,0.0,0.0,0.0,,,,9.97
2026-08-14 16:08:47,9,FAR_CAMERA,0,0,0,0,0.0,0.0,0.0,,,,9.97
2026-08-14 16:08:47,9,FAR_CAMERA,0,0,0,0,0.0,0.0,0.0,,,,9.97
2026-08-14 16:08:47,9,FAR_CAMERA,0,0,0,0,0.0,0.0,0.0,,,,9.97
2026-08-14 16:08:47,9,FAR_CAMERA,0,0,0,0,0.0,0.0,0.0,,,,9.96
2026-08-14 16:08:47,9,FAR_CAMERA,0,0,0,0,0.0,0.0,0.0,,,,9.96
2026-08-14 16:08:47,9,FAR_CAMERA,0,0,0,0,0.0,0.0,0.0,,,,9.96
2026-08-14 16:08:47,9,FAR_CAMERA,0,0,0,0,0.0,0.0,0.0,,,,9.96
2026-08-14 16:08:47,9,FAR_CAMERA,0,0,0,0,0.0,0.0,0.0,,,,9.96
2026-08-14 16:08:47,9,FAR_CAMERA,0,0,0,0,0.0,0.0,0.0,,,,9.96
2026-08-14 16:08:47,9,FAR_CAMERA,0,0,0,0,0.0,0.0,0.0,,,,9.96
2026-08-14 16:08:48,9,FAR_CAMERA,0,0,0,0,0.0,0.0,0.0,,,,9.96
2026-08-14 16:08:48,9,FAR_CAMERA,0,0,0,0,0.0,0.0,0.0,,,,9.96
2026-08-14 16:08:48,9,FAR_CAMERA,0,0,0,0,0.0,0.0,0.0,,,,9.96
2026-08-14 16:08:48,9,FAR_CAMERA,0,0,0,0,0.0,0.0,0.0,,,,9.96
2026-08-14 16:08:48,9,FAR_CAMERA,0,0,0,0,0.0,0.0,0.0,,,,10.13
2026-08-14 16:08:48,9,FAR_CAMERA,0,0,0,0,0.0,0.0,0.0,,,,10.13
2026-08-14 16:08:48,9,FAR_CAMERA,0,0,0,0,0.0,0.0,0.0,,,,10.13
2026-08-14 16:08:48,9,FAR_CAMERA,0,0,0,0,0.0,0.0,0.0,,,,10.13
2026-08-14 16:08:48,9,FAR_CAMERA,0,0,0,0,0.0,0.0,0.0,,,,10.13
2026-08-14 16:08:48,9,FAR_CAMERA,0,0,0,0,0.0,0.0,0.0,,,,10.13
2026-08-14 16:08:49,9,FAR_CAMERA,0,0,0,0,0.0,0.0,0.0,,,,10.13
2026-08-14 16:08:49,9,FAR_CAMERA,0,0,0,0,0.0,0.0,0.0,,,,10.13
2026-08-14 16:08:49,9,FAR_CAMERA,0,0,0,0,0.0,0.0,0.0,,,,10.13
2026-08-14 16:08:49,9,FAR_CAMERA,0,0,0,0,0.0,0.0,0.0,,,,10.13
2026-08-14 16:08:49,9,FAR_CAMERA,0,0,0,0,0.0,0.0,0.0,,,,9.91
2026-08-14 16:08:49,9,FAR_CAMERA,0,0,0,0,0.0,0.0,0.0,,,,9.91
2026-08-14 16:08:49,9,FAR_CAMERA,0,0,0,0,0.0,0.0,0.0,,,,9.91
2026-08-14 16:08:49,9,FAR_CAMERA,0,0,0,0,0.0,0.0,0.0,,,,9.91
2026-08-14 16:08:49,9,FAR_CAMERA,0,0,0,0,0.0,0.0,0.0,,,,9.91
2026-08-14 16:08:49,9,FAR_CAMERA,0,0,0,0,0.0,0.0,0.0,,,,9.91
2026-08-14 16:08:50,9,FAR_CAMERA,0,0,0,0,0.0,0.0,0.0,,,,9.91
2026-08-14 16:08:50,9,FAR_CAMERA,0,0,0,0,0.0,0.0,0.0,,,,9.91
2026-08-14 16:08:50,9,FAR_CAMERA,0,0,0,0,0.0,0.0,0.0,,,,9.91
2026-08-14 16:08:50,9,FAR_CAMERA,0,0,0,0,0.0,0.0,0.0,,,,9.91
2026-08-14 16:08:50,9,FAR_CAMERA,0,0,0,0,0.0,0.0,0.0,,,,9.91
2026-08-14 16:08:50,9,FAR_CAMERA,0,0,0,0,0.0,0.0,0.0,,,,10.13
2026-08-14 16:08:50,9,FAR_CAMERA,0,0,0,0,0.0,0.0,0.0,,,,10.13
2026-08-14 16:08:50,9,FAR_CAMERA,0,0,0,0,0.0,0.0,0.0,,,,10.13
2026-08-14 16:08:50,9,FAR_CAMERA,0,0,0,0,0.0,0.0,0.0,,,,10.13
2026-08-14 16:08:50,9,FAR_CAMERA,0,0,0,0,0.0,0.0,0.0,,,,10.13
2026-08-14 16:08:51,9,FAR_CAMERA,0,0,0,0,0.0,0.0,0.0,,,,10.13
2026-08-14 16:08:51,9,FAR_CAMERA,0,0,0,0,0.0,0.0,0.0,,,,10.13
2026-08-14 16:08:51,9,FAR_CAMERA,0,0,0,0,0.0,0.0,0.0,,,,10.13
2026-08-14 16:08:51,9,FAR_CAMERA,0,0,0,0,0.0,0.0,0.0,,,,10.13
2026-08-14 16:08:51,9,FAR_CAMERA,0,0,0,0,0.0,0.0,0.0,,,,10.13
2026-08-14 16:08:51,9,FAR_CAMERA,0,0,0,0,0.0,0.0,0.0,,,,9.87
2026-08-14 16:08:51,9,FAR_CAMERA,0,0,0,0,0.0,0.0,0.0,,,,9.87
2026-08-14 16:08:51,9,FAR_CAMERA,0,0,0,0,0.0,0.0,0.0,,,,9.87
2026-08-14 16:08:51,9,FAR_CAMERA,0,0,0,0,0.0,0.0,0.0,,,,9.87
2026-08-14 16:08:51,9,FAR_CAMERA,0,0,0,0,0.0,0.0,0.0,,,,9.87
2026-08-14 16:08:52,9,FAR_CAMERA,0,0,0,0,0.0,0.0,0.0,,,,9.87
2026-08-14 16:08:52,9,FAR_CAMERA,0,0,0,0,0.0,0.0,0.0,,,,9.87
2026-08-14 16:08:52,9,FAR_CAMERA,0,0,0,0,0.0,0.0,0.0,,,,9.87
2026-08-14 16:08:52,9,FAR_CAMERA,0,0,0,0,0.0,0.0,0.0,,,,9.87
2026-08-14 16:08:52,9,FAR_CAMERA,0,0,0,0,0.0,0.0,0.0,,,,9.87
2026-08-14 16:08:52,9,FAR_CAMERA,0,0,0,0,0.0,0.0,0.0,,,,9.87
2026-08-14 16:08:52,9,FAR_CAMERA,0,0,0,0,0.0,0.0,0.0,,,,10.14
2026-08-14 16:08:52,9,FAR_CAMERA,0,0,0,0,0.0,0.0,0.0,,,,10.14
2026-08-14 16:08:52,9,FAR_CAMERA,0,0,0,0,0.0,0.0,0.0,,,,10.14
2026-08-14 16:08:52,9,FAR_CAMERA,0,0,0,0,0.0,0.0,0.0,,,,10.14
2026-08-14 16:08:53,9,FAR_CAMERA,0,0,0,0,0.0,0.0,0.0,,,,10.14
2026-08-14 16:08:53,9,FAR_CAMERA,0,0,0,0,0.0,0.0,0.0,,,,10.14
2026-08-14 16:08:53,9,FAR_CAMERA,0,0,0,0,0.0,0.0,0.0,,,,10.14
2026-08-14 16:08:53,9,FAR_CAMERA,0,0,0,0,0.0,0.0,0.0,,,,10.14
2026-08-14 16:08:53,9,FAR_CAMERA,0,0,0,0,0.0,0.0,0.0,,,,10.14
2026-08-14 16:08:53,9,FAR_CAMERA,0,0,0,0,0.0,0.0,0.0,,,,10.14
2026-08-14 16:08:53,9,FAR_CAMERA,0,0,0,0,0.0,0.0,0.0,,,,9.87
2026-08-14 16:08:53,9,FAR_CAMERA,0,0,0,0,0.0,0.0,0.0,,,,9.87
2026-08-14 16:08:53,9,FAR_CAMERA,0,0,0,0,0.0,0.0,0.0,,,,9.87
2026-08-14 16:08:53,9,FAR_CAMERA,0,0,0,0,0.0,0.0,0.0,,,,9.87
2026-08-14 16:08:54,9,FAR_CAMERA,0,0,0,0,0.0,0.0,0.0,,,,9.87
2026-08-14 16:08:54,9,FAR_CAMERA,0,0,0,0,0.0,0.0,0.0,,,,9.87
2026-08-14 16:08:54,9,FAR_CAMERA,0,0,0,0,0.0,0.0,0.0,,,,9.87
2026-08-14 16:08:54,9,FAR_CAMERA,0,0,0,0,0.0,0.0,0.0,,,,9.87
2026-08-14 16:08:54,9,FAR_CAMERA,0,0,0,0,0.0,0.0,0.0,,,,9.87
2026-08-14 16:08:54,9,FAR_CAMERA,0,0,0,0,0.0,0.0,0.0,,,,9.87
2026-08-14 16:08:54,9,FAR_CAMERA,0,0,0,0,0.0,0.0,0.0,,,,9.87
2026-08-14 16:08:54,9,FAR_CAMERA,0,0,0,0,0.0,0.0,0.0,,,,10.19
2026-08-14 16:08:54,9,FAR_CAMERA,0,0,0,0,0.0,0.0,0.0,,,,10.19
2026-08-14 16:08:54,9,FAR_CAMERA,0,0,0,0,0.0,0.0,0.0,,,,10.19
2026-08-14 16:08:55,9,FAR_CAMERA,0,0,0,0,0.0,0.0,0.0,,,,10.19
2026-08-14 16:08:55,9,FAR_CAMERA,0,0,0,0,0.0,0.0,0.0,,,,10.19
2026-08-14 16:08:55,9,FAR_CAMERA,0,0,0,0,0.0,0.0,0.0,,,,10.19
2026-08-14 16:08:55,9,FAR_CAMERA,0,0,0,0,0.0,0.0,0.0,,,,10.19
2026-08-14 16:08:55,9,FAR_CAMERA,0,0,0,0,0.0,0.0,0.0,,,,10.19
2026-08-14 16:08:55,9,FAR_CAMERA,0,0,0,0,0.0,0.0,0.0,,,,10.19
2026-08-14 16:08:55,9,FAR_CAMERA,0,0,0,0,0.0,0.0,0.0,,,,10.19
2026-08-14 16:08:55,9,FAR_CAMERA,0,0,0,0,0.0,0.0,0.0,,,,9.85
2026-08-14 16:08:55,9,FAR_CAMERA,0,0,0,0,0.0,0.0,0.0,,,,9.85
2026-08-14 16:08:55,9,FAR_CAMERA,0,0,0,0,0.0,0.0,0.0,,,,9.85
2026-08-14 16:08:56,9,FAR_CAMERA,0,0,0,0,0.0,0.0,0.0,,,,9.85
2026-08-14 16:08:56,9,FAR_CAMERA,0,0,0,0,0.0,0.0,0.0,,,,9.85
2026-08-14 16:08:56,9,FAR_CAMERA,0,0,0,0,0.0,0.0,0.0,,,,9.85
2026-08-14 16:08:56,9,FAR_CAMERA,0,0,0,0,0.0,0.0,0.0,,,,9.85
2026-08-14 16:08:56,9,FAR_CAMERA,0,0,0,0,0.0,0.0,0.0,,,,9.85
2026-08-14 16:08:56,9,FAR_CAMERA,0,0,0,0,0.0,0.0,0.0,,,,9.85
2026-08-14 16:08:56,9,FAR_CAMERA,0,0,0,0,0.0,0.0,0.0,,,,9.85
2026-08-14 16:08:56,9,FAR_CAMERA,0,0,0,0,0.0,0.0,0.0,,,,9.85
2026-08-14 16:08:56,9,FAR_CAMERA,0,0,0,0,0.0,0.0,0.0,,,,10.14
2026-08-14 16:08:56,9,FAR_CAMERA,0,0,0,0,0.0,0.0,0.0,,,,10.14
2026-08-14 16:08:57,9,FAR_CAMERA,0,0,0,0,0.0,0.0,0.0,,,,10.14
2026-08-14 16:08:57,9,FAR_CAMERA,0,0,0,0,0.0,0.0,0.0,,,,10.14
2026-08-14 16:08:57,9,FAR_CAMERA,0,0,0,0,0.0,0.0,0.0,,,,10.14
2026-08-14 16:08:57,9,FAR_CAMERA,0,0,0,0,0.0,0.0,0.0,,,,10.14
2026-08-14 16:08:57,9,FAR_CAMERA,0,0,0,0,0.0,0.0,0.0,,,,10.14
2026-08-14 16:08:57,9,FAR_CAMERA,0,0,0,0,0.0,0.0,0.0,,,,10.14
2026-08-14 16:08:57,9,FAR_CAMERA,0,0,0,0,0.0,0.0,0.0,,,,10.14
2026-08-14 16:08:57,9,FAR_CAMERA,0,0,0,0,0.0,0.0,0.0,,,,10.14
2026-08-14 16:08:57,8,NEAR_CAMERA,0,0,0,0,0.0,0.0,0.0,,,,9.89
2026-08-14 16:08:57,8,NEAR_CAMERA,0,0,0,0,0.0,0.0,0.0,,,,9.89
2026-08-14 16:08:58,8,NEAR_CAMERA,0,0,0,0,0.0,0.0,0.0,,,,9.89
2026-08-14 16:08:58,8,NEAR_CAMERA,0,0,0,0,0.0,0.0,0.0,,,,9.89
2026-08-14 16:08:58,8,NEAR_CAMERA,0,0,0,0,0.0,0.0,0.0,,,,9.89
2026-08-14 16:08:58,8,NEAR_CAMERA,0,0,0,0,0.0,0.0,0.0,,,,9.89
2026-08-14 16:08:58,8,NEAR_CAMERA,0,0,0,0,0.0,0.0,0.0,,,,9.89
2026-08-14 16:08:58,8,NEAR_CAMERA,0,0,0,0,0.0,0.0,0.0,,,,9.89
2026-08-14 16:08:58,8,NEAR_CAMERA,0,0,0,0,0.0,0.0,0.0,,,,9.89
2026-08-14 16:08:58,8,NEAR_CAMERA,0,0,0,0,0.0,0.0,0.0,,,,9.89
2026-08-14 16:08:58,8,NEAR_CAMERA,0,0,0,0,0.0,0.0,0.0,,,,9.89
2026-08-14 16:08:58,8,NEAR_CAMERA,0,0,0,0,0.0,0.0,0.0,,,,10.15
2026-08-14 16:08:59,8,NEAR_CAMERA,0,0,0,0,0.0,0.0,0.0,,,,10.15
2026-08-14 16:08:59,8,NEAR_CAMERA,0,0,0,0,0.0,0.0,0.0,,,,10.15
2026-08-14 16:08:59,8,NEAR_CAMERA,0,0,0,0,0.0,0.0,0.0,,,,10.15
2026-08-14 16:08:59,8,NEAR_CAMERA,0,0,0,0,0.0,0.0,0.0,,,,10.15
2026-08-14 16:08:59,8,NEAR_CAMERA,0,0,0,0,0.0,0.0,0.0,,,,10.15
2026-08-14 16:08:59,8,NEAR_CAMERA,0,0,0,0,0.0,0.0,0.0,,,,10.15
2026-08-14 16:08:59,8,NEAR_CAMERA,0,0,0,0,0.0,0.0,0.0,,,,10.15
2026-08-14 16:08:59,8,NEAR_CAMERA,0,0,0,0,0.0,0.0,0.0,,,,10.15
2026-08-14 16:08:59,8,NEAR_CAMERA,0,0,0,0,0.0,0.0,0.0,,,,10.15
2026-08-14 16:08:59,8,NEAR_CAMERA,0,0,0,0,0.0,0.0,0.0,,,,10.15
2026-08-14 16:09:00,8,NEAR_CAMERA,0,0,0,0,0.0,0.0,0.0,,,,10.0
2026-08-14 16:09:00,8,NEAR_CAMERA,0,0,0,0,0.0,0.0,0.0,,,,10.0
2026-08-14 16:09:00,8,NEAR_CAMERA,0,0,0,0,0.0,0.0,0.0,,,,10.0
2026-08-14 16:09:00,8,NEAR_CAMERA,0,0,0,0,0.0,0.0,0.0,,,,10.0
2026-08-14 16:09:00,8,NEAR_CAMERA,0,0,0,0,0.0,0.0,0.0,,,,10.0
2026-08-14 16:09:00,8,NEAR_CAMERA,0,0,0,0,0.0,0.0,0.0,,,,10.0
2026-08-14 16:09:00,8,NEAR_CAMERA,0,0,0,0,0.0,0.0,0.0,,,,10.0
2026-08-14 16:09:00,8,NEAR_CAMERA,0,0,0,0,0.0,0.0,0.0,,,,10.0
2026-08-14 16:09:00,8,NEAR_CAMERA,0,0,0,0,0.0,0.0,0.0,,,,10.0
2026-08-14 16:09:00,8,NEAR_CAMERA,0,0,0,0,0.0,0.0,0.0,,,,10.0
2026-08-14 16:09:01,8,NEAR_CAMERA,0,0,0,0,0.0,0.0,0.0,,,,10.0
2026-08-14 16:09:01,8,NEAR_CAMERA,0,0,0,0,0.0,0.0,0.0,,,,10.13
2026-08-14 16:09:01,8,NEAR_CAMERA,0,0,0,0,0.0,0.0,0.0,,,,10.13
2026-08-14 16:09:01,8,NEAR_CAMERA,0,0,0,0,0.0,0.0,0.0,,,,10.13
2026-08-14 16:09:01,8,NEAR_CAMERA,0,0,0,0,0.0,0.0,0.0,,,,10.13
2026-08-14 16:09:01,8,NEAR_CAMERA,0,0,0,0,0.0,0.0,0.0,,,,10.13
2026-08-14 16:09:01,8,NEAR_CAMERA,0,0,0,0,0.0,0.0,0.0,,,,10.13
2026-08-14 16:09:01,8,NEAR_CAMERA,0,0,0,0,0.0,0.0,0.0,,,,10.13
2026-08-14 16:09:01,8,NEAR_CAMERA,0,0,0,0,0.0,0.0,0.0,,,,10.13
2026-08-14 16:09:01,8,NEAR_CAMERA,0,0,0,0,0.0,0.0,0.0,,,,10.13
2026-08-14 16:09:02,8,NEAR_CAMERA,0,0,0,0,0.0,0.0,0.0,,,,10.13
2026-08-14 16:09:02,8,NEAR_CAMERA,0,0,0,0,0.0,0.0,0.0,,,,9.86
2026-08-14 16:09:02,8,NEAR_CAMERA,0,0,0,0,0.0,0.0,0.0,,,,9.86
2026-08-14 16:09:02,8,NEAR_CAMERA,0,0,0,0,0.0,0.0,0.0,,,,9.86
2026-08-14 16:09:02,8,NEAR_CAMERA,0,0,0,0,0.0,0.0,0.0,,,,9.86
2026-08-14 16:09:02,8,NEAR_CAMERA,0,0,0,0,0.0,0.0,0.0,,,,9.86
2026-08-14 16:09:02,8,NEAR_CAMERA,0,0,0,0,0.0,0.0,0.0,,,,9.86
2026-08-14 16:09:02,8,NEAR_CAMERA,0,0,0,0,0.0,0.0,0.0,,,,9.86
2026-08-14 16:09:02,8,NEAR_CAMERA,0,0,0,0,0.0,0.0,0.0,,,,9.86
2026-08-14 16:09:02,8,NEAR_CAMERA,0,0,0,0,0.0,0.0,0.0,,,,9.86
2026-08-14 16:09:03,8,NEAR_CAMERA,0,0,0,0,0.0,0.0,0.0,,,,9.86
2026-08-14 16:09:03,8,NEAR_CAMERA,0,0,0,0,0.0,0.0,0.0,,,,9.86
2026-08-14 16:09:03,8,NEAR_CAMERA,0,0,0,0,0.0,0.0,0.0,,,,10.12
2026-08-14 16:09:03,8,NEAR_CAMERA,0,0,0,0,0.0,0.0,0.0,,,,10.12
2026-08-14 16:09:03,8,NEAR_CAMERA,0,0,0,0,0.0,0.0,0.0,,,,10.12
2026-08-14 16:09:03,8,NEAR_CAMERA,0,0,0,0,0.0,0.0,0.0,,,,10.12
2026-08-14 16:09:03,8,NEAR_CAMERA,0,0,0,0,0.0,0.0,0.0,,,,10.12
2026-08-14 16:09:03,8,NEAR_CAMERA,0,0,0,0,0.0,0.0,0.0,,,,10.12
2026-08-14 16:09:03,8,NEAR_CAMERA,0,0,0,0,0.0,0.0,0.0,,,,10.12
2026-08-14 16:09:03,8,NEAR_CAMERA,0,0,0,0,0.0,0.0,0.0,,,,10.12
2026-08-14 16:09:04,8,NEAR_CAMERA,0,0,0,0,0.0,0.0,0.0,,,,10.12
2026-08-14 16:09:04,8,NEAR_CAMERA,0,0,0,0,0.0,0.0,0.0,,,,10.12
2026-08-14 16:09:04,8,NEAR_CAMERA,0,0,0,0,0.0,0.0,0.0,,,,9.91
2026-08-14 16:09:04,8,NEAR_CAMERA,0,0,0,0,0.0,0.0,0.0,,,,9.91
2026-08-14 16:09:04,8,NEAR_CAMERA,0,0,0,0,0.0,0.0,0.0,,,,9.91
2026-08-14 16:09:04,8,NEAR_CAMERA,0,0,0,0,0.0,0.0,0.0,,,,9.91
2026-08-14 16:09:04,8,NEAR_CAMERA,0,0,0,0,0.0,0.0,0.0,,,,9.91
2026-08-14 16:09:04,8,NEAR_CAMERA,0,0,0,0,0.0,0.0,0.0,,,,9.91
2026-08-14 16:09:04,8,NEAR_CAMERA,0,0,0,0,0.0,0.0,0.0,,,,9.91
2026-08-14 16:09:04,8,NEAR_CAMERA,0,0,0,0,0.0,0.0,0.0,,,,9.91
2026-08-14 16:09:05,8,NEAR_CAMERA,0,0,0,0,0.0,0.0,0.0,,,,9.91
2026-08-14 16:09:05,8,NEAR_CAMERA,0,0,0,0,0.0,0.0,0.0,,,,9.91
2026-08-14 16:09:05,8,NEAR_CAMERA,0,0,0,0,0.0,0.0,0.0,,,,9.91
2026-08-14 16:09:05,8,NEAR_CAMERA,0,0,0,0,0.0,0.0,0.0,,,,10.12
2026-08-14 16:09:05,8,NEAR_CAMERA,0,0,0,0,0.0,0.0,0.0,,,,10.12
2026-08-14 16:09:05,8,NEAR_CAMERA,0,0,0,0,0.0,0.0,0.0,,,,10.12
2026-08-14 16:09:05,8,NEAR_CAMERA,0,0,0,0,0.0,0.0,0.0,,,,10.12
2026-08-14 16:09:05,8,NEAR_CAMERA,0,0,0,0,0.0,0.0,0.0,,,,10.12
2026-08-14 16:09:05,8,NEAR_CAMERA,0,0,0,0,0.0,0.0,0.0,,,,10.12
2026-08-14 16:09:05,8,NEAR_CAMERA,0,0,0,0,0.0,0.0,0.0,,,,10.12
2026-08-14 16:09:06,8,NEAR_CAMERA,0,0,0,0,0.0,0.0,0.0,,,,10.12
2026-08-14 16:09:06,8,NEAR_CAMERA,0,0,0,0,0.0,0.0,0.0,,,,10.12
2026-08-14 16:09:06,8,NEAR_CAMERA,0,0,0,0,0.0,0.0,0.0,,,,10.12
2026-08-14 16:09:06,8,NEAR_CAMERA,0,0,0,0,0.0,0.0,0.0,,,,9.9
2026-08-14 16:09:06,8,NEAR_CAMERA,0,0,0,0,0.0,0.0,0.0,,,,9.9
2026-08-14 16:09:06,8,NEAR_CAMERA,0,0,0,0,0.0,0.0,0.0,,,,9.9
2026-08-14 16:09:06,8,NEAR_CAMERA,0,0,0,0,0.0,0.0,0.0,,,,9.9
2026-08-14 16:09:06,8,NEAR_CAMERA,0,0,0,0,0.0,0.0,0.0,,,,9.9
2026-08-14 16:09:06,8,NEAR_CAMERA,0,0,0,0,0.0,0.0,0.0,,,,9.9
2026-08-14 16:09:06,8,NEAR_CAMERA,0,0,0,0,0.0,0.0,0.0,,,,9.9
2026-08-14 16:09:07,8,NEAR_CAMERA,0,0,0,0,0.0,0.0,0.0,,,,9.9
2026-08-14 16:09:07,8,NEAR_CAMERA,0,0,0,0,0.0,0.0,0.0,,,,9.9
2026-08-14 16:09:07,8,NEAR_CAMERA,0,0,0,0,0.0,0.0,0.0,,,,9.9
2026-08-14 16:09:07,8,NEAR_CAMERA,0,0,0,0,0.0,0.0,0.0,,,,9.9
2026-08-14 16:09:07,8,NEAR_CAMERA,0,0,0,0,0.0,0.0,0.0,,,,10.03
2026-08-14 16:09:07,8,NEAR_CAMERA,0,0,0,0,0.0,0.0,0.0,,,,10.03
2026-08-14 16:09:07,8,NEAR_CAMERA,0,0,0,0,0.0,0.0,0.0,,,,10.03
2026-08-14 16:09:07,8,NEAR_CAMERA,0,0,0,0,0.0,0.0,0.0,,,,10.03
2026-08-14 16:09:07,8,NEAR_CAMERA,0,0,0,0,0.0,0.0,0.0,,,,10.03
2026-08-14 16:09:07,8,NEAR_CAMERA,0,0,0,0,0.0,0.0,0.0,,,,10.03
2026-08-14 16:09:08,8,NEAR_CAMERA,0,0,0,0,0.0,0.0,0.0,,,,10.03
2026-08-14 16:09:08,8,NEAR_CAMERA,0,0,0,0,0.0,0.0,0.0,,,,10.03
2026-08-14 16:09:08,8,NEAR_CAMERA,0,0,0,0,0.0,0.0,0.0,,,,10.03
2026-08-14 16:09:08,8,NEAR_CAMERA,0,0,0,0,0.0,0.0,0.0,,,,10.03
2026-08-14 16:09:08,8,NEAR_CAMERA,0,0,0,0,0.0,0.0,0.0,,,,10.03
2026-08-14 16:09:08,8,NEAR_CAMERA,0,0,0,0,0.0,0.0,0.0,,,,7.94
2026-08-14 16:09:08,8,NEAR_CAMERA,0,0,0,0,0.0,0.0,0.0,,,,7.94
2026-08-14 16:09:09,8,NEAR_CAMERA,0,0,0,0,0.0,0.0,0.0,,,,7.94
2026-08-14 16:09:09,8,NEAR_CAMERA,0,0,0,0,0.0,0.0,0.0,,,,7.94
2026-08-14 16:09:09,8,NEAR_CAMERA,0,0,0,0,0.0,0.0,0.0,,,,7.94
2026-08-14 16:09:09,8,NEAR_CAMERA,0,0,0,0,0.0,0.0,0.0,,,,7.94
2026-08-14 16:09:09,8,NEAR_CAMERA,0,0,0,0,0.0,0.0,0.0,,,,7.94
2026-08-14 16:09:09,8,NEAR_CAMERA,0,0,0,0,0.0,0.0,0.0,,,,7.94
2026-08-14 16:09:09,8,NEAR_CAMERA,0,0,0,0,0.0,0.0,0.0,,,,7.94
2026-08-14 16:09:09,8,NEAR_CAMERA,0,0,0,0,0.0,0.0,0.0,,,,7.94
2026-08-14 16:09:09,8,NEAR_CAMERA,0,0,0,0,0.0,0.0,0.0,,,,9.94
2026-08-14 16:09:09,8,NEAR_CAMERA,0,0,0,0,0.0,0.0,0.0,,,,9.94
2026-08-14 16:09:10,8,NEAR_CAMERA,0,0,0,0,0.0,0.0,0.0,,,,9.94
2026-08-14 16:09:10,8,NEAR_CAMERA,0,0,0,0,0.0,0.0,0.0,,,,9.94
2026-08-14 16:09:10,8,NEAR_CAMERA,0,0,0,0,0.0,0.0,0.0,,,,9.94
2026-08-14 16:09:10,8,NEAR_CAMERA,0,0,0,0,0.0,0.0,0.0,,,,9.94
2026-08-14 16:09:10,8,NEAR_CAMERA,0,0,0,0,0.0,0.0,0.0,,,,9.94
2026-08-14 16:09:10,8,NEAR_CAMERA,0,0,0,0,0.0,0.0,0.0,,,,9.94
2026-08-14 16:09:10,8,NEAR_CAMERA,0,0,0,0,0.0,0.0,0.0,,,,9.94
2026-08-14 16:09:10,8,NEAR_CAMERA,0,0,0,0,0.0,0.0,0.0,,,,9.94
2026-08-14 16:09:10,8,NEAR_CAMERA,0,0,0,0,0.0,0.0,0.0,,,,9.94
2026-08-14 16:09:10,8,NEAR_CAMERA,0,0,0,0,0.0,0.0,0.0,,,,10.12
2026-08-14 16:09:11,8,NEAR_CAMERA,0,0,0,0,0.0,0.0,0.0,,,,10.12
2026-08-14 16:09:11,8,NEAR_CAMERA,0,0,0,0,0.0,0.0,0.0,,,,10.12
2026-08-14 16:09:11,8,NEAR_CAMERA,0,0,0,0,0.0,0.0,0.0,,,,10.12
2026-08-14 16:09:11,8,NEAR_CAMERA,0,0,0,0,0.0,0.0,0.0,,,,10.12
2026-08-14 16:09:11,8,NEAR_CAMERA,0,0,0,0,0.0,0.0,0.0,,,,10.12
2026-08-14 16:09:11,8,NEAR_CAMERA,0,0,0,0,0.0,0.0,0.0,,,,10.12
2026-08-14 16:09:11,8,NEAR_CAMERA,0,0,0,0,0.0,0.0,0.0,,,,10.12
2026-08-14 16:09:11,8,NEAR_CAMERA,1,478,179,200,3.885,57.773,70.694,,,,10.12
2026-08-14 16:09:11,8,NEAR_CAMERA,1,478,184,188,3.753,57.656,68.75,,,,10.12
2026-08-14 16:09:11,8,NEAR_CAMERA,1,478,187,192,3.896,57.695,67.5,,,,9.9
2026-08-14 16:09:12,8,NEAR_CAMERA,1,478,192,206,4.292,57.344,66.944,,,,9.9
2026-08-14 16:09:12,8,NEAR_CAMERA,1,478,191,215,4.456,57.305,66.597,,,,9.9
2026-08-14 16:09:12,8,NEAR_CAMERA,1,478,193,221,4.628,57.461,66.736,,,,9.9
2026-08-14 16:09:12,8,NEAR_CAMERA,1,478,188,219,4.467,57.578,66.736,,,,9.9
2026-08-14 16:09:12,8,NEAR_CAMERA,1,478,187,218,4.423,57.695,66.667,,,,9.9
2026-08-14 16:09:12,8,NEAR_CAMERA,1,478,189,215,4.409,57.461,66.875,,,,9.9
2026-08-14 16:09:12,8,NEAR_CAMERA,1,478,195,211,4.465,57.305,66.875,,,,9.9
2026-08-14 16:09:12,8,NEAR_CAMERA,1,478,194,220,4.631,57.188,67.5,,,,9.9
2026-08-14 16:09:12,8,NEAR_CAMERA,1,478,193,222,4.649,57.227,67.361,,,,9.9
2026-08-14 16:09:12,8,NEAR_CAMERA,1,478,193,218,4.565,57.227,66.944,,,,9.9
2026-08-14 16:09:13,8,NEAR_CAMERA,1,478,193,213,4.461,57.227,66.458,,,,10.13
2026-08-14 16:09:13,8,NEAR_CAMERA,1,478,194,214,4.505,57.188,66.528,,,,10.13
2026-08-14 16:09:13,8,NEAR_CAMERA,1,478,193,223,4.67,57.148,67.292,,,,10.13
2026-08-14 16:09:13,8,NEAR_CAMERA,1,478,191,224,4.642,56.992,67.083,,,,10.13
2026-08-14 16:09:13,8,NEAR_CAMERA,1,478,191,214,4.435,56.992,65.972,,,,10.13
2026-08-14 16:09:13,8,NEAR_CAMERA,1,478,187,209,4.241,56.758,65.903,,,,10.13
2026-08-14 16:09:13,8,NEAR_CAMERA,1,478,190,209,4.309,56.953,65.764,,,,10.13
2026-08-14 16:09:13,8,NEAR_CAMERA,1,478,194,222,4.673,57.109,66.528,,,,10.13
2026-08-14 16:09:13,8,NEAR_CAMERA,1,478,195,223,4.718,57.305,66.181,,,,10.13
2026-08-14 16:09:13,8,NEAR_CAMERA,1,478,196,223,4.743,57.344,66.181,,,,10.13
2026-08-14 16:09:14,8,NEAR_CAMERA,1,478,192,212,4.417,57.5,65.972,,,,9.89
2026-08-14 16:09:14,8,NEAR_CAMERA,1,478,189,208,4.266,57.617,66.25,,,,9.89
2026-08-14 16:09:14,8,NEAR_CAMERA,1,478,192,216,4.5,58.047,66.667,,,,9.89
2026-08-14 16:09:14,8,NEAR_CAMERA,1,478,196,223,4.743,58.203,66.736,,,,9.89
2026-08-14 16:09:14,8,NEAR_CAMERA,1,478,194,222,4.673,58.203,66.667,,,,9.89
2026-08-14 16:09:14,8,NEAR_CAMERA,1,478,192,219,4.562,58.203,66.319,,,,9.89
2026-08-14 16:09:14,8,NEAR_CAMERA,1,478,194,220,4.631,58.359,66.528,,,,9.89
2026-08-14 16:09:14,8,NEAR_CAMERA,1,478,193,226,4.733,58.555,67.083,,,,9.89
2026-08-14 16:09:14,8,NEAR_CAMERA,1,478,190,224,4.618,58.594,67.083,,,,9.89
2026-08-14 16:09:14,8,NEAR_CAMERA,1,478,190,216,4.453,58.594,66.528,,,,9.89
2026-08-14 16:09:15,8,NEAR_CAMERA,1,478,191,216,4.477,58.711,66.528,,,,9.89
2026-08-14 16:09:15,8,NEAR_CAMERA,1,478,194,216,4.547,58.984,66.528,,,,10.17
2026-08-14 16:09:15,8,NEAR_CAMERA,1,478,198,222,4.77,59.531,67.083,,,,10.17
2026-08-14 16:09:15,8,NEAR_CAMERA,1,478,202,223,4.888,59.766,67.153,,,,10.17
2026-08-14 16:09:15,8,NEAR_CAMERA,1,478,202,223,4.888,59.766,67.153,,,,10.17
2026-08-14 16:09:15,8,NEAR_CAMERA,1,478,205,220,4.894,59.883,66.944,,,,10.17
2026-08-14 16:09:15,8,NEAR_CAMERA,1,478,202,224,4.91,59.922,67.361,,,,10.17
2026-08-14 16:09:15,8,NEAR_CAMERA,1,478,203,228,5.022,59.961,67.361,,,,10.17
2026-08-14 16:09:15,8,NEAR_CAMERA,1,478,206,227,5.074,60.156,67.153,,,,10.17
2026-08-14 16:09:15,8,NEAR_CAMERA,1,478,212,228,5.245,60.156,67.083,,,,10.17
2026-08-14 16:09:16,8,NEAR_CAMERA,1,478,212,225,5.176,60.312,67.153,,,,10.17
2026-08-14 16:09:16,8,NEAR_CAMERA,1,478,212,217,4.992,61.25,66.736,,,,9.93
2026-08-14 16:09:16,8,NEAR_CAMERA,1,478,219,213,5.062,62.383,65.764,,,,9.93
2026-08-14 16:09:16,8,NEAR_CAMERA,1,478,219,218,5.18,62.773,65.556,,,,9.93
2026-08-14 16:09:16,8,NEAR_CAMERA,1,478,218,215,5.086,63.281,66.319,,,,9.93
2026-08-14 16:09:16,8,NEAR_CAMERA,1,478,224,224,5.444,63.203,67.917,,,,9.93
2026-08-14 16:09:16,8,NEAR_CAMERA,1,478,236,233,5.967,62.656,69.097,,,,9.93
2026-08-14 16:09:16,8,NEAR_CAMERA,1,478,238,238,6.146,62.031,69.722,,,,9.93
2026-08-14 16:09:16,8,NEAR_CAMERA,1,478,232,236,5.941,61.797,70.0,,,,9.93
2026-08-14 16:09:16,8,NEAR_CAMERA,1,478,230,238,5.94,61.719,70.278,,,,9.93
2026-08-14 16:09:17,8,NEAR_CAMERA,1,478,231,238,5.965,61.68,70.694,,,,9.93
2026-08-14 16:09:17,8,NEAR_CAMERA,1,478,233,237,5.992,61.602,70.903,,,,9.93
2026-08-14 16:09:17,8,NEAR_CAMERA,1,478,234,242,6.145,61.25,72.5,,,,10.09
2026-08-14 16:09:17,8,NEAR_CAMERA,0,0,0,0,0.0,0.0,0.0,,,,10.09
2026-08-14 16:09:17,8,NEAR_CAMERA,0,0,0,0,0.0,0.0,0.0,,,,10.09
2026-08-14 16:09:17,8,NEAR_CAMERA,0,0,0,0,0.0,0.0,0.0,,,,10.09
2026-08-14 16:09:17,8,NEAR_CAMERA,0,0,0,0,0.0,0.0,0.0,,,,10.09
2026-08-14 16:09:17,8,NEAR_CAMERA,1,478,202,205,4.493,57.422,78.958,,,,10.09
2026-08-14 16:09:17,8,NEAR_CAMERA,1,478,209,219,4.966,57.695,79.514,,,,10.09
2026-08-14 16:09:17,8,NEAR_CAMERA,1,478,213,234,5.408,57.93,80.0,,,,10.09
2026-08-14 16:09:18,8,NEAR_CAMERA,1,478,223,240,5.807,58.32,80.556,,,,10.09
2026-08-14 16:09:18,8,NEAR_CAMERA,1,478,218,245,5.795,58.438,79.375,,,,10.09
2026-08-14 16:09:18,8,NEAR_CAMERA,1,478,215,243,5.669,58.945,79.236,,,,9.88
2026-08-14 16:09:18,8,NEAR_CAMERA,1,478,211,242,5.541,59.102,78.333,,,,9.88
2026-08-14 16:09:18,8,NEAR_CAMERA,1,478,212,244,5.613,59.453,78.056,,,,9.88
2026-08-14 16:09:18,8,NEAR_CAMERA,1,478,212,244,5.613,59.375,78.333,,,,9.88
2026-08-14 16:09:18,8,NEAR_CAMERA,1,478,218,248,5.866,59.609,78.75,,,,9.88
2026-08-14 16:09:18,8,NEAR_CAMERA,1,478,219,249,5.917,60.039,77.847,,,,9.88
2026-08-14 16:09:18,8,NEAR_CAMERA,1,478,216,245,5.742,60.078,77.569,,,,9.88
2026-08-14 16:09:18,8,NEAR_CAMERA,1,478,214,248,5.759,60.156,77.5,,,,9.88
2026-08-14 16:09:18,8,NEAR_CAMERA,1,478,214,250,5.805,60.078,77.222,,,,9.88
2026-08-14 16:09:19,8,NEAR_CAMERA,1,478,213,251,5.801,60.039,77.014,,,,9.88
2026-08-14 16:09:19,8,NEAR_CAMERA,1,478,212,251,5.774,60.078,77.014,,,,9.88
2026-08-14 16:09:19,8,NEAR_CAMERA,1,478,210,250,5.697,59.922,76.944,,,,10.13
2026-08-14 16:09:19,8,NEAR_CAMERA,1,478,211,251,5.747,59.883,77.014,,,,10.13
2026-08-14 16:09:19,8,NEAR_CAMERA,1,478,213,250,5.778,59.961,77.361,,,,10.13
2026-08-14 16:09:19,8,NEAR_CAMERA,1,478,216,254,5.953,59.922,77.083,,,,10.13
2026-08-14 16:09:19,8,NEAR_CAMERA,1,478,219,252,5.988,59.961,76.528,,,,10.13
2026-08-14 16:09:19,8,NEAR_CAMERA,1,478,217,251,5.91,59.961,75.625,,,,10.13
2026-08-14 16:09:19,8,NEAR_CAMERA,1,478,216,252,5.906,59.922,74.861,,,,10.13
2026-08-14 16:09:20,8,NEAR_CAMERA,1,478,217,259,6.098,59.883,74.792,,,,10.13
2026-08-14 16:09:20,8,NEAR_CAMERA,1,478,217,264,6.216,59.883,75.0,,,,10.13
2026-08-14 16:09:20,8,NEAR_CAMERA,1,478,217,264,6.216,59.883,75.0,,,,10.13
2026-08-14 16:09:20,8,NEAR_CAMERA,1,478,217,263,6.193,59.805,74.653,,,,10.13
2026-08-14 16:09:20,8,NEAR_CAMERA,1,478,214,253,5.875,59.766,73.681,,,,9.97
2026-08-14 16:09:20,8,NEAR_CAMERA,1,478,212,257,5.912,59.688,73.819,,,,9.97
2026-08-14 16:09:20,8,NEAR_CAMERA,1,478,212,256,5.889,59.766,73.611,,,,9.97
2026-08-14 16:09:20,8,NEAR_CAMERA,1,478,210,257,5.856,59.844,73.681,,,,9.97
2026-08-14 16:09:20,8,NEAR_CAMERA,1,478,209,258,5.851,59.883,73.611,,,,9.97
2026-08-14 16:09:20,8,NEAR_CAMERA,1,478,210,253,5.765,59.922,73.264,,,,9.97
2026-08-14 16:09:20,8,NEAR_CAMERA,1,478,209,245,5.556,59.883,72.431,,,,9.97
2026-08-14 16:09:21,8,NEAR_CAMERA,1,478,200,226,4.905,59.922,70.972,,,,9.97
2026-08-14 16:09:21,8,NEAR_CAMERA,0,0,0,0,0.0,0.0,0.0,,,,9.97
2026-08-14 16:09:21,8,NEAR_CAMERA,0,0,0,0,0.0,0.0,0.0,,,,9.97
2026-08-14 16:09:21,8,NEAR_CAMERA,0,0,0,0,0.0,0.0,0.0,,,,9.97
2026-08-14 16:09:21,8,NEAR_CAMERA,0,0,0,0,0.0,0.0,0.0,,,,10.11
2026-08-14 16:09:21,8,NEAR_CAMERA,0,0,0,0,0.0,0.0,0.0,,,,10.11
2026-08-14 16:09:21,8,NEAR_CAMERA,0,0,0,0,0.0,0.0,0.0,,,,10.11
2026-08-14 16:09:21,8,NEAR_CAMERA,0,0,0,0,0.0,0.0,0.0,,,,10.11
2026-08-14 16:09:21,8,NEAR_CAMERA,0,0,0,0,0.0,0.0,0.0,,,,10.11
2026-08-14 16:09:21,8,NEAR_CAMERA,0,0,0,0,0.0,0.0,0.0,,,,10.11
2026-08-14 16:09:22,8,NEAR_CAMERA,0,0,0,0,0.0,0.0,0.0,,,,10.11
2026-08-14 16:09:22,8,NEAR_CAMERA,0,0,0,0,0.0,0.0,0.0,,,,10.11
2026-08-14 16:09:22,8,NEAR_CAMERA,0,0,0,0,0.0,0.0,0.0,,,,10.11
2026-08-14 16:09:22,8,NEAR_CAMERA,0,0,0,0,0.0,0.0,0.0,,,,10.11
2026-08-14 16:09:22,8,NEAR_CAMERA,0,0,0,0,0.0,0.0,0.0,,,,9.95
2026-08-14 16:09:22,8,NEAR_CAMERA,0,0,0,0,0.0,0.0,0.0,,,,9.95
2026-08-14 16:09:22,8,NEAR_CAMERA,0,0,0,0,0.0,0.0,0.0,,,,9.95
2026-08-14 16:09:22,8,NEAR_CAMERA,0,0,0,0,0.0,0.0,0.0,,,,9.95
2026-08-14 16:09:22,8,NEAR_CAMERA,0,0,0,0,0.0,0.0,0.0,,,,9.95
2026-08-14 16:09:22,8,NEAR_CAMERA,0,0,0,0,0.0,0.0,0.0,,,,9.95
2026-08-14 16:09:23,8,NEAR_CAMERA,0,0,0,0,0.0,0.0,0.0,,,,9.95
2026-08-14 16:09:23,8,NEAR_CAMERA,0,0,0,0,0.0,0.0,0.0,,,,9.95
2026-08-14 16:09:23,8,NEAR_CAMERA,0,0,0,0,0.0,0.0,0.0,,,,9.95
2026-08-14 16:09:23,8,NEAR_CAMERA,1,478,346,379,14.229,31.641,42.153,,,,9.95
2026-08-14 16:09:23,8,NEAR_CAMERA,1,478,343,388,14.441,33.555,44.444,,,,9.95
2026-08-14 16:09:23,8,NEAR_CAMERA,1,478,303,365,12.0,37.383,49.097,,,,10.09
2026-08-14 16:09:23,8,NEAR_CAMERA,1,478,293,346,11.0,38.32,51.667,,,,10.09
2026-08-14 16:09:23,8,NEAR_CAMERA,1,478,285,333,10.298,36.836,54.514,,,,10.09
2026-08-14 16:09:23,8,NEAR_CAMERA,1,478,281,328,10.001,36.289,53.889,,,,10.09
2026-08-14 16:09:23,8,NEAR_CAMERA,1,478,290,332,10.447,36.953,52.5,,,,10.09
2026-08-14 16:09:24,8,NEAR_CAMERA,1,478,280,324,9.844,37.5,53.056,,,,10.09
2026-08-14 16:09:24,8,NEAR_CAMERA,1,478,273,317,9.39,37.695,52.708,,,,10.09
2026-08-14 16:09:24,8,NEAR_CAMERA,1,478,271,310,9.116,37.461,52.917,,,,10.09
2026-08-14 16:09:24,8,NEAR_CAMERA,1,478,270,309,9.053,37.5,52.569,,,,10.09
2026-08-14 16:09:24,8,NEAR_CAMERA,1,478,266,306,8.832,37.5,52.222,,,,10.09
2026-08-14 16:09:24,8,NEAR_CAMERA,1,478,265,307,8.828,37.539,51.875,,,,9.95
2026-08-14 16:09:24,8,NEAR_CAMERA,1,478,266,307,8.861,37.5,51.736,,,,9.95
2026-08-14 16:09:24,8,NEAR_CAMERA,1,478,265,307,8.828,37.305,51.597,,,,9.95
2026-08-14 16:09:24,8,NEAR_CAMERA,1,478,266,307,8.861,37.188,51.597,,,,9.95
2026-08-14 16:09:24,8,NEAR_CAMERA,1,478,266,307,8.861,37.188,51.458,,,,9.95
2026-08-14 16:09:25,8,NEAR_CAMERA,1,478,265,306,8.799,37.227,51.528,,,,9.95
2026-08-14 16:09:25,8,NEAR_CAMERA,1,478,265,306,8.799,37.227,51.528,,,,9.95
2026-08-14 16:09:25,8,NEAR_CAMERA,1,478,266,308,8.89,37.266,51.389,,,,9.95
2026-08-14 16:09:25,8,NEAR_CAMERA,1,478,265,308,8.856,37.383,51.389,,,,9.95
2026-08-14 16:09:25,8,NEAR_CAMERA,1,478,270,304,8.906,38.359,52.639,,,,9.95
2026-08-14 16:09:25,8,NEAR_CAMERA,1,478,274,313,9.306,38.984,51.875,,,,9.95
2026-08-14 16:09:25,8,NEAR_CAMERA,1,478,272,314,9.267,38.906,51.944,,,,10.04
2026-08-14 16:09:25,8,NEAR_CAMERA,1,478,270,310,9.082,38.828,51.528,,,,10.04
2026-08-14 16:09:25,8,NEAR_CAMERA,1,478,270,309,9.053,38.828,51.458,,,,10.04
2026-08-14 16:09:25,8,NEAR_CAMERA,1,478,272,307,9.061,38.594,51.181,,,,10.04
2026-08-14 16:09:26,8,NEAR_CAMERA,1,478,269,307,8.961,37.695,51.042,,,,10.04
2026-08-14 16:09:26,8,NEAR_CAMERA,1,478,271,307,9.027,37.617,50.903,,,,10.04
2026-08-14 16:09:26,8,NEAR_CAMERA,1,478,273,306,9.064,37.383,50.972,,,,10.04
2026-08-14 16:09:26,8,NEAR_CAMERA,1,478,271,308,9.057,37.383,50.833,,,,10.04
2026-08-14 16:09:26,8,NEAR_CAMERA,1,478,270,308,9.023,37.422,50.833,,,,10.04
2026-08-14 16:09:26,8,NEAR_CAMERA,1,478,270,309,9.053,37.422,50.903,,,,10.04
2026-08-14 16:09:26,8,NEAR_CAMERA,1,478,269,308,8.99,37.383,50.972,,,,9.96
2026-08-14 16:09:26,8,NEAR_CAMERA,1,478,269,308,8.99,37.305,50.972,,,,9.96
2026-08-14 16:09:26,8,NEAR_CAMERA,1,478,269,308,8.99,37.305,50.972,,,,9.96
2026-08-14 16:09:26,8,NEAR_CAMERA,1,478,269,309,9.019,37.227,50.903,,,,9.96
2026-08-14 16:09:27,8,NEAR_CAMERA,1,478,270,311,9.111,37.188,50.625,,,,9.96
2026-08-14 16:09:27,8,NEAR_CAMERA,1,478,270,311,9.111,37.109,50.486,,,,9.96
2026-08-14 16:09:27,8,NEAR_CAMERA,1,478,269,312,9.107,37.07,50.417,,,,9.96
2026-08-14 16:09:27,8,NEAR_CAMERA,1,478,269,313,9.136,36.992,50.347,,,,9.96
2026-08-14 16:09:27,8,NEAR_CAMERA,1,478,269,314,9.165,36.992,50.417,,,,9.96
2026-08-14 16:09:27,8,NEAR_CAMERA,1,478,268,314,9.131,36.953,50.417,,,,9.96
2026-08-14 16:09:27,8,NEAR_CAMERA,1,478,267,312,9.039,37.07,50.417,,,,9.96
2026-08-14 16:09:27,8,NEAR_CAMERA,1,478,266,312,9.005,37.031,50.417,,,,10.09
2026-08-14 16:09:27,8,NEAR_CAMERA,1,478,266,313,9.034,37.031,50.347,,,,10.09
2026-08-14 16:09:27,8,NEAR_CAMERA,1,478,267,313,9.068,37.07,50.347,,,,10.09
2026-08-14 16:09:28,8,NEAR_CAMERA,1,478,268,313,9.102,37.109,50.347,,,,10.09
2026-08-14 16:09:28,8,NEAR_CAMERA,1,478,270,314,9.199,37.031,50.417,,,,10.09
2026-08-14 16:09:28,8,NEAR_CAMERA,1,478,270,313,9.17,36.953,50.903,,,,10.09
2026-08-14 16:09:28,8,NEAR_CAMERA,1,478,269,312,9.107,36.836,51.389,,,,10.09
2026-08-14 16:09:28,8,NEAR_CAMERA,1,478,269,313,9.136,36.836,52.014,,,,10.09
2026-08-14 16:09:28,8,NEAR_CAMERA,1,478,263,312,8.904,36.211,52.5,,,,10.09
2026-08-14 16:09:28,8,NEAR_CAMERA,1,478,273,307,9.094,33.555,52.153,,,,10.09
2026-08-14 16:09:28,8,NEAR_CAMERA,1,478,275,312,9.31,30.742,50.694,,,,10.09
2026-08-14 16:09:28,8,NEAR_CAMERA,1,478,281,318,9.696,29.023,52.222,,,,9.99
2026-08-14 16:09:28,8,NEAR_CAMERA,1,478,281,317,9.665,28.945,52.014,,,,9.99
2026-08-14 16:09:29,8,NEAR_CAMERA,1,478,282,321,9.822,28.828,51.736,,,,9.99
2026-08-14 16:09:29,8,NEAR_CAMERA,1,478,281,322,9.818,28.711,51.806,,,,9.99
2026-08-14 16:09:29,8,NEAR_CAMERA,1,478,281,323,9.848,28.867,51.736,,,,9.99
2026-08-14 16:09:29,8,NEAR_CAMERA,1,478,281,323,9.848,28.945,51.736,,,,9.99
2026-08-14 16:09:29,8,NEAR_CAMERA,1,478,280,326,9.905,29.219,51.944,,,,9.99
2026-08-14 16:09:29,8,NEAR_CAMERA,1,478,283,329,10.103,29.336,52.292,,,,9.99
2026-08-14 16:09:29,8,NEAR_CAMERA,1,478,286,330,10.241,29.219,52.361,,,,9.99
2026-08-14 16:09:29,8,NEAR_CAMERA,1,478,286,330,10.241,29.219,52.361,,,,9.99
2026-08-14 16:09:29,8,NEAR_CAMERA,1,478,286,330,10.241,29.297,52.361,,,,9.99
2026-08-14 16:09:29,8,NEAR_CAMERA,1,478,286,331,10.272,29.297,52.292,,,,10.12
2026-08-14 16:09:30,8,NEAR_CAMERA,1,478,285,330,10.205,29.336,52.083,,,,10.12
2026-08-14 16:09:30,8,NEAR_CAMERA,1,478,290,328,10.321,29.688,52.222,,,,10.12
2026-08-14 16:09:30,8,NEAR_CAMERA,1,478,275,322,9.608,30.508,52.083,,,,10.12
2026-08-14 16:09:30,8,NEAR_CAMERA,1,478,280,319,9.692,31.562,52.014,,,,10.12
2026-08-14 16:09:30,8,NEAR_CAMERA,1,478,291,316,9.978,31.836,51.806,,,,10.12
2026-08-14 16:09:30,8,NEAR_CAMERA,1,478,277,312,9.378,33.008,51.667,,,,10.12
2026-08-14 16:09:30,8,NEAR_CAMERA,1,478,266,311,8.976,34.688,51.736,,,,10.12
2026-08-14 16:09:30,8,NEAR_CAMERA,1,478,267,309,8.952,35.273,51.736,,,,10.12
2026-08-14 16:09:30,8,NEAR_CAMERA,1,478,269,308,8.99,35.352,51.667,,,,10.12
2026-08-14 16:09:30,8,NEAR_CAMERA,1,478,268,308,8.957,35.312,51.528,,,,9.87
2026-08-14 16:09:31,8,NEAR_CAMERA,1,478,269,306,8.932,35.117,51.389,,,,9.87
2026-08-14 16:09:31,8,NEAR_CAMERA,1,478,269,305,8.902,35.039,51.458,,,,9.87
2026-08-14 16:09:31,8,NEAR_CAMERA,1,478,267,304,8.807,34.883,51.528,,,,9.87
2026-08-14 16:09:31,8,NEAR_CAMERA,1,478,265,302,8.684,34.648,51.806,,,,9.87
2026-08-14 16:09:31,8,NEAR_CAMERA,1,478,263,303,8.647,34.414,52.153,,,,9.87
2026-08-14 16:09:31,8,NEAR_CAMERA,1,478,263,306,8.732,34.336,52.778,,,,9.87
2026-08-14 16:09:31,8,NEAR_CAMERA,1,478,264,307,8.794,34.375,53.125,,,,9.87
2026-08-14 16:09:31,8,NEAR_CAMERA,1,478,264,306,8.766,34.375,53.194,,,,9.87
2026-08-14 16:09:31,8,NEAR_CAMERA,1,478,265,307,8.828,34.414,53.264,,,,9.87
2026-08-14 16:09:31,8,NEAR_CAMERA,1,478,265,307,8.828,34.492,53.542,,,,9.87
2026-08-14 16:09:32,8,NEAR_CAMERA,1,478,263,306,8.732,34.648,53.611,,,,10.14
