timestamp,mode,face_detected,landmark_count,face_width_px,face_height_px,roi_width_px,roi_height_px,fps
2026-08-14 16:25:26,ROI_RESIZED,0,0,0,0,448,309,0.36
2026-08-14 16:25:26,ROI_RESIZED,0,0,0,0,448,309,0.36
2026-08-14 16:25:26,ROI_RESIZED,0,0,0,0,448,309,0.36
2026-08-14 16:25:26,ROI_RESIZED,0,0,0,0,448,309,0.36
2026-08-14 16:25:26,ROI_RESIZED,0,0,0,0,448,309,0.36
2026-08-14 16:25:26,ROI_RESIZED,0,0,0,0,448,309,0.36
2026-08-14 16:25:26,ROI_RESIZED,0,0,0,0,448,309,0.36
2026-08-14 16:25:26,ROI_RESIZED,0,0,0,0,448,309,0.36
2026-08-14 16:25:27,ROI_RESIZED,0,0,0,0,448,309,0.36
2026-08-14 16:25:27,ROI_RESIZED,0,0,0,0,448,309,0.36
2026-08-14 16:25:27,ROI_RESIZED,0,0,0,0,448,309,9.96
2026-08-14 16:25:27,ROI_RESIZED,0,0,0,0,448,309,9.96
2026-08-14 16:25:27,ROI_RESIZED,0,0,0,0,448,309,9.96
2026-08-14 16:25:27,ROI_RESIZED,0,0,0,0,448,309,9.96
2026-08-14 16:25:27,ROI_RESIZED,0,0,0,0,448,309,9.96
2026-08-14 16:25:27,ROI_RESIZED,0,0,0,0,448,309,9.96
2026-08-14 16:25:27,ROI_RESIZED,0,0,0,0,448,309,9.96
2026-08-14 16:25:27,ROI_RESIZED,0,0,0,0,448,309,9.96
2026-08-14 16:25:28,ROI_RESIZED,0,0,0,0,448,309,9.96
2026-08-14 16:25:28,ROI_RESIZED,0,0,0,0,448,309,9.96
2026-08-14 16:25:28,ROI_RESIZED,0,0,0,0,448,309,9.96
2026-08-14 16:25:28,ROI_RESIZED,0,0,0,0,448,309,10.15
2026-08-14 16:25:28,ROI_RESIZED,0,0,0,0,448,309,10.15
2026-08-14 16:25:28,ROI_RESIZED,0,0,0,0,448,309,10.15
2026-08-14 16:25:28,ROI_RESIZED,0,0,0,0,448,309,10.15
2026-08-14 16:25:28,ROI_RESIZED,0,0,0,0,448,309,10.15
2026-08-14 16:25:28,ROI_RESIZED,0,0,0,0,448,309,10.15
2026-08-14 16:25:28,ROI_RESIZED,0,0,0,0,448,309,10.15
2026-08-14 16:25:29,ROI_RESIZED,0,0,0,0,448,309,10.15
2026-08-14 16:25:29,ROI_RESIZED,0,0,0,0,448,309,10.15
2026-08-14 16:25:29,ROI_RESIZED,0,0,0,0,448,309,10.15
2026-08-14 16:25:29,ROI_RESIZED,0,0,0,0,448,309,9.91
2026-08-14 16:25:29,ROI_RESIZED,0,0,0,0,448,309,9.91
2026-08-14 16:25:29,ROI_RESIZED,0,0,0,0,448,309,9.91
2026-08-14 16:25:29,ROI_RESIZED,0,0,0,0,448,309,9.91
2026-08-14 16:25:29,ROI_RESIZED,0,0,0,0,448,309,9.91
2026-08-14 16:25:29,ROI_RESIZED,0,0,0,0,448,309,9.91
2026-08-14 16:25:29,ROI_RESIZED,0,0,0,0,448,309,9.91
2026-08-14 16:25:30,ROI_RESIZED,0,0,0,0,448,309,9.91
2026-08-14 16:25:30,ROI_RESIZED,0,0,0,0,448,309,9.91
2026-08-14 16:25:30,ROI_RESIZED,0,0,0,0,448,309,9.91
2026-08-14 16:25:30,ROI_RESIZED,0,0,0,0,448,309,9.91
2026-08-14 16:25:30,ROI_RESIZED,0,0,0,0,448,309,10.11
2026-08-14 16:25:30,ROI_RESIZED,0,0,0,0,448,309,10.11
2026-08-14 16:25:30,ROI_RESIZED,0,0,0,0,448,309,10.11
2026-08-14 16:25:30,ROI_RESIZED,0,0,0,0,448,309,10.11
2026-08-14 16:25:30,ROI_RESIZED,0,0,0,0,448,309,10.11
2026-08-14 16:25:30,ROI_RESIZED,0,0,0,0,448,309,10.11
2026-08-14 16:25:31,ROI_RESIZED,0,0,0,0,448,309,10.11
2026-08-14 16:25:31,ROI_RESIZED,0,0,0,0,448,309,10.11
2026-08-14 16:25:31,ROI_RESIZED,0,0,0,0,448,309,10.11
2026-08-14 16:25:31,ROI_RESIZED,0,0,0,0,448,309,10.11
2026-08-14 16:25:31,ROI_RESIZED,0,0,0,0,448,309,9.88
2026-08-14 16:25:31,ROI_RESIZED,0,0,0,0,448,309,9.88
2026-08-14 16:25:31,ROI_RESIZED,0,0,0,0,448,309,9.88
2026-08-14 16:25:31,ROI_RESIZED,0,0,0,0,448,309,9.88
2026-08-14 16:25:31,ROI_RESIZED,0,0,0,0,448,309,9.88
2026-08-14 16:25:31,ROI_RESIZED,0,0,0,0,448,309,9.88
2026-08-14 16:25:32,ROI_RESIZED,0,0,0,0,448,309,9.88
2026-08-14 16:25:32,ROI_RESIZED,0,0,0,0,448,309,9.88
2026-08-14 16:25:32,ROI_RESIZED,0,0,0,0,448,309,9.88
2026-08-14 16:25:32,ROI_RESIZED,0,0,0,0,448,309,9.88
2026-08-14 16:25:32,ROI_RESIZED,0,0,0,0,448,309,9.88
2026-08-14 16:25:32,ROI_RESIZED,0,0,0,0,448,309,10.15
2026-08-14 16:25:32,ROI_RESIZED,0,0,0,0,448,309,10.15
2026-08-14 16:25:32,ROI_RESIZED,0,0,0,0,448,309,10.15
2026-08-14 16:25:32,ROI_RESIZED,0,0,0,0,448,309,10.15
2026-08-14 16:25:32,ROI_RESIZED,0,0,0,0,448,309,10.15
2026-08-14 16:25:33,ROI_RESIZED,0,0,0,0,448,309,10.15
2026-08-14 16:25:33,ROI_RESIZED,0,0,0,0,448,309,10.15
2026-08-14 16:25:33,ROI_RESIZED,0,0,0,0,448,309,10.15
2026-08-14 16:25:33,ROI_RESIZED,0,0,0,0,448,309,10.15
2026-08-14 16:25:33,ROI_RESIZED,0,0,0,0,448,309,10.15
2026-08-14 16:25:33,ROI_RESIZED,0,0,0,0,448,309,9.83
2026-08-14 16:25:33,ROI_RESIZED,0,0,0,0,448,309,9.83
2026-08-14 16:25:33,ROI_RESIZED,0,0,0,0,448,309,9.83
2026-08-14 16:25:33,ROI_RESIZED,0,0,0,0,448,309,9.83
2026-08-14 16:25:33,ROI_RESIZED,0,0,0,0,448,309,9.83
2026-08-14 16:25:34,ROI_RESIZED,0,0,0,0,448,309,9.83
2026-08-14 16:25:34,ROI_RESIZED,0,0,0,0,448,309,9.83
2026-08-14 16:25:34,ROI_RESIZED,0,0,0,0,448,309,9.83
2026-08-14 16:25:34,ROI_RESIZED,0,0,0,0,448,309,9.83
2026-08-14 16:25:34,ROI_RESIZED,0,0,0,0,448,309,9.83
2026-08-14 16:25:34,ROI_RESIZED,0,0,0,0,448,309,9.83
2026-08-14 16:25:34,ROI_RESIZED,0,0,0,0,448,309,10.2
2026-08-14 16:25:34,ROI_RESIZED,0,0,0,0,448,309,10.2
2026-08-14 16:25:34,ROI_RESIZED,0,0,0,0,448,309,10.2
2026-08-14 16:25:34,ROI_RESIZED,0,0,0,0,448,309,10.2
2026-08-14 16:25:35,ROI_RESIZED,0,0,0,0,448,309,10.2
2026-08-14 16:25:35,ROI_RESIZED,0,0,0,0,448,309,10.2
2026-08-14 16:25:35,ROI_RESIZED,0,0,0,0,448,309,10.2
2026-08-14 16:25:35,ROI_RESIZED,0,0,0,0,448,309,10.2
2026-08-14 16:25:35,ROI_RESIZED,0,0,0,0,448,309,10.2
2026-08-14 16:25:35,ROI_RESIZED,0,0,0,0,448,309,10.2
2026-08-14 16:25:35,ROI_RESIZED,0,0,0,0,448,309,9.92
2026-08-14 16:25:35,ROI_RESIZED,0,0,0,0,448,309,9.92
2026-08-14 16:25:35,ROI_RESIZED,0,0,0,0,448,309,9.92
2026-08-14 16:25:35,ROI_RESIZED,0,0,0,0,448,309,9.92
2026-08-14 16:25:36,ROI_RESIZED,0,0,0,0,448,309,9.92
2026-08-14 16:25:36,ROI_RESIZED,0,0,0,0,448,309,9.92
2026-08-14 16:25:36,ROI_RESIZED,0,0,0,0,448,309,9.92
2026-08-14 16:25:36,ROI_RESIZED,0,0,0,0,448,309,9.92
2026-08-14 16:25:36,ROI_RESIZED,0,0,0,0,448,309,9.92
2026-08-14 16:25:36,ROI_RESIZED,0,0,0,0,448,309,9.92
2026-08-14 16:25:36,ROI_RESIZED,0,0,0,0,448,309,9.92
2026-08-14 16:25:36,ROI_RESIZED,0,0,0,0,448,309,10.09
2026-08-14 16:25:36,ROI_RESIZED,0,0,0,0,448,309,10.09
2026-08-14 16:25:36,ROI_RESIZED,0,0,0,0,448,309,10.09
2026-08-14 16:25:37,ROI_RESIZED,0,0,0,0,448,309,10.09
2026-08-14 16:25:37,ROI_RESIZED,0,0,0,0,448,309,10.09
2026-08-14 16:25:37,ROI_RESIZED,0,0,0,0,448,309,10.09
2026-08-14 16:25:37,ROI_RESIZED,0,0,0,0,448,309,10.09
2026-08-14 16:25:37,ROI_RESIZED,0,0,0,0,448,309,10.09
2026-08-14 16:25:37,ROI_RESIZED,0,0,0,0,448,309,10.09
2026-08-14 16:25:37,ROI_RESIZED,0,0,0,0,448,309,10.09
2026-08-14 16:25:37,ROI_RESIZED,0,0,0,0,448,309,9.88
2026-08-14 16:25:37,ROI_RESIZED,0,0,0,0,448,309,9.88
2026-08-14 16:25:37,ROI_RESIZED,0,0,0,0,448,309,9.88
2026-08-14 16:25:38,ROI_RESIZED,0,0,0,0,448,309,9.88
2026-08-14 16:25:38,ROI_RESIZED,0,0,0,0,448,309,9.88
2026-08-14 16:25:38,ROI_RESIZED,0,0,0,0,448,309,9.88
2026-08-14 16:25:38,ROI_RESIZED,0,0,0,0,448,309,9.88
2026-08-14 16:25:38,ROI_RESIZED,0,0,0,0,448,309,9.88
2026-08-14 16:25:38,ROI_RESIZED,0,0,0,0,448,309,9.88
2026-08-14 16:25:38,ROI_RESIZED,0,0,0,0,448,309,9.88
2026-08-14 16:25:38,ROI_RESIZED,0,0,0,0,448,309,9.88
2026-08-14 16:25:38,ROI_RESIZED,0,0,0,0,448,309,10.16
2026-08-14 16:25:38,ROI_RESIZED,0,0,0,0,448,309,10.16
2026-08-14 16:25:39,ROI_RESIZED,0,0,0,0,448,309,10.16
2026-08-14 16:25:39,ROI_RESIZED,0,0,0,0,448,309,10.16
2026-08-14 16:25:39,ROI_RESIZED,0,0,0,0,448,309,10.16
2026-08-14 16:25:39,ROI_RESIZED,0,0,0,0,448,309,10.16
2026-08-14 16:25:39,ROI_RESIZED,0,0,0,0,448,309,10.16
2026-08-14 16:25:39,ROI_RESIZED,0,0,0,0,448,309,10.16
2026-08-14 16:25:39,ROI_RESIZED,0,0,0,0,448,309,10.16
2026-08-14 16:25:39,ROI_RESIZED,0,0,0,0,448,309,10.16
2026-08-14 16:25:39,ROI_RESIZED,0,0,0,0,448,309,10.16
2026-08-14 16:25:39,ROI_RESIZED,0,0,0,0,448,309,9.97
2026-08-14 16:25:40,ROI_RESIZED,0,0,0,0,448,309,9.97
2026-08-14 16:25:40,ROI_RESIZED,0,0,0,0,448,309,9.97
2026-08-14 16:25:40,ROI_RESIZED,0,0,0,0,448,309,9.97
2026-08-14 16:25:40,ROI_RESIZED,0,0,0,0,448,309,9.97
2026-08-14 16:25:40,ROI_RESIZED,0,0,0,0,448,309,9.97
2026-08-14 16:25:40,ROI_RESIZED,0,0,0,0,448,309,9.97
2026-08-14 16:25:40,ROI_RESIZED,0,0,0,0,448,309,9.97
2026-08-14 16:25:40,ROI_RESIZED,0,0,0,0,448,309,9.97
2026-08-14 16:25:40,ROI_RESIZED,0,0,0,0,448,309,9.97
2026-08-14 16:25:40,ROI_RESIZED,0,0,0,0,448,309,9.97
2026-08-14 16:25:41,ROI_RESIZED,0,0,0,0,448,309,10.11
2026-08-14 16:25:41,ROI_RESIZED,0,0,0,0,448,309,10.11
2026-08-14 16:25:41,ROI_RESIZED,0,0,0,0,448,309,10.11
2026-08-14 16:25:41,ROI_RESIZED,0,0,0,0,448,309,10.11
2026-08-14 16:25:41,ROI_RESIZED,0,0,0,0,448,309,10.11
2026-08-14 16:25:41,ROI_RESIZED,0,0,0,0,448,309,10.11
2026-08-14 16:25:41,ROI_RESIZED,0,0,0,0,448,309,10.11
2026-08-14 16:25:41,ROI_RESIZED,0,0,0,0,448,309,10.11
2026-08-14 16:26:39,ROI_RESIZED,0,0,0,0,969,311,0.36
2026-08-14 16:26:39,ROI_RESIZED,0,0,0,0,969,311,0.36
2026-08-14 16:26:39,ROI_RESIZED,0,0,0,0,969,311,0.36
2026-08-14 16:26:40,ROI_RESIZED,0,0,0,0,969,311,0.36
2026-08-14 16:26:40,ROI_RESIZED,0,0,0,0,969,311,0.36
2026-08-14 16:26:40,ROI_RESIZED,0,0,0,0,969,311,0.36
2026-08-14 16:26:40,ROI_RESIZED,0,0,0,0,969,311,0.36
2026-08-14 16:26:40,ROI_RESIZED,0,0,0,0,969,311,0.36
2026-08-14 16:26:40,ROI_RESIZED,0,0,0,0,969,311,0.36
2026-08-14 16:26:40,ROI_RESIZED,0,0,0,0,969,311,0.36
2026-08-14 16:26:40,ROI_RESIZED,0,0,0,0,969,311,0.36
2026-08-14 16:26:40,ROI_RESIZED,0,0,0,0,969,311,10.0
2026-08-14 16:26:40,ROI_RESIZED,0,0,0,0,969,311,10.0
2026-08-14 16:26:41,ROI_RESIZED,0,0,0,0,969,311,10.0
2026-08-14 16:26:41,ROI_RESIZED,0,0,0,0,969,311,10.0
2026-08-14 16:26:41,ROI_RESIZED,0,0,0,0,969,311,10.0
2026-08-14 16:26:41,ROI_RESIZED,0,0,0,0,969,311,10.0
2026-08-14 16:26:41,ROI_RESIZED,0,0,0,0,969,311,10.0
2026-08-14 16:26:41,ROI_RESIZED,0,0,0,0,969,311,10.0
2026-08-14 16:26:41,ROI_RESIZED,0,0,0,0,969,311,10.0
2026-08-14 16:26:41,ROI_RESIZED,0,0,0,0,969,311,10.0
2026-08-14 16:26:41,ROI_RESIZED,0,0,0,0,969,311,10.0
2026-08-14 16:26:41,ROI_RESIZED,0,0,0,0,969,311,9.94
2026-08-14 16:26:42,ROI_RESIZED,0,0,0,0,969,311,9.94
2026-08-14 16:26:42,ROI_RESIZED,0,0,0,0,969,311,9.94
2026-08-14 16:26:42,ROI_RESIZED,0,0,0,0,969,311,9.94
2026-08-14 16:26:42,ROI_RESIZED,0,0,0,0,969,311,9.94
2026-08-14 16:26:42,ROI_RESIZED,0,0,0,0,969,311,9.94
2026-08-14 16:26:42,ROI_RESIZED,0,0,0,0,969,311,9.94
2026-08-14 16:26:42,ROI_RESIZED,0,0,0,0,969,311,9.94
2026-08-14 16:26:42,ROI_RESIZED,0,0,0,0,969,311,9.94
2026-08-14 16:26:42,ROI_RESIZED,0,0,0,0,969,311,9.94
2026-08-14 16:26:42,ROI_RESIZED,0,0,0,0,969,311,9.94
2026-08-14 16:26:43,ROI_RESIZED,0,0,0,0,969,311,10.15
2026-08-14 16:26:43,ROI_RESIZED,0,0,0,0,969,311,10.15
2026-08-14 16:26:43,ROI_RESIZED,0,0,0,0,969,311,10.15
2026-08-14 16:26:43,ROI_RESIZED,0,0,0,0,969,311,10.15
2026-08-14 16:26:43,ROI_RESIZED,0,0,0,0,969,311,10.15
2026-08-14 16:26:43,ROI_RESIZED,0,0,0,0,969,311,10.15
2026-08-14 16:26:43,ROI_RESIZED,0,0,0,0,969,311,10.15
2026-08-14 16:26:43,ROI_RESIZED,0,0,0,0,969,311,10.15
2026-08-14 16:26:43,ROI_RESIZED,0,0,0,0,969,311,10.15
2026-08-14 16:26:43,ROI_RESIZED,0,0,0,0,969,311,10.15
2026-08-14 16:26:44,ROI_RESIZED,0,0,0,0,969,311,9.96
2026-08-14 16:26:44,ROI_RESIZED,0,0,0,0,969,311,9.96
2026-08-14 16:26:44,ROI_RESIZED,0,0,0,0,969,311,9.96
2026-08-14 16:26:44,ROI_RESIZED,0,0,0,0,969,311,9.96
2026-08-14 16:26:44,ROI_RESIZED,0,0,0,0,969,311,9.96
2026-08-14 16:26:44,ROI_RESIZED,1,478,272,175,969,311,9.96
2026-08-14 16:26:44,ROI_RESIZED,1,478,288,177,969,311,9.96
2026-08-14 16:26:44,ROI_RESIZED,0,0,0,0,969,311,9.96
2026-08-14 16:26:44,ROI_RESIZED,0,0,0,0,969,311,9.96
2026-08-14 16:26:44,ROI_RESIZED,0,0,0,0,969,311,9.96
2026-08-14 16:26:45,ROI_RESIZED,1,478,302,180,969,311,9.96
2026-08-14 16:26:45,ROI_RESIZED,0,0,0,0,969,311,10.08
2026-08-14 16:26:45,ROI_RESIZED,0,0,0,0,969,311,10.08
2026-08-14 16:26:45,ROI_RESIZED,0,0,0,0,969,311,10.08
2026-08-14 16:26:45,ROI_RESIZED,0,0,0,0,969,311,10.08
2026-08-14 16:26:45,ROI_RESIZED,0,0,0,0,969,311,10.08
2026-08-14 16:26:45,ROI_RESIZED,1,478,384,179,969,311,10.08
2026-08-14 16:26:45,ROI_RESIZED,0,0,0,0,969,311,10.08
2026-08-14 16:26:45,ROI_RESIZED,0,0,0,0,969,311,10.08
2026-08-14 16:26:45,ROI_RESIZED,0,0,0,0,969,311,10.08
2026-08-14 16:26:45,ROI_RESIZED,0,0,0,0,969,311,10.08
2026-08-14 16:26:46,ROI_RESIZED,0,0,0,0,969,311,9.86
2026-08-14 16:26:46,ROI_RESIZED,0,0,0,0,969,311,9.86
2026-08-14 16:26:46,ROI_RESIZED,0,0,0,0,969,311,9.86
2026-08-14 16:26:46,ROI_RESIZED,0,0,0,0,969,311,9.86
2026-08-14 16:26:46,ROI_RESIZED,0,0,0,0,969,311,9.86
2026-08-14 16:26:46,ROI_RESIZED,0,0,0,0,969,311,9.86
2026-08-14 16:26:46,ROI_RESIZED,0,0,0,0,969,311,9.86
2026-08-14 16:26:46,ROI_RESIZED,0,0,0,0,969,311,9.86
2026-08-14 16:26:46,ROI_RESIZED,0,0,0,0,969,311,9.86
2026-08-14 16:26:46,ROI_RESIZED,0,0,0,0,969,311,9.86
2026-08-14 16:26:47,ROI_RESIZED,0,0,0,0,969,311,9.86
2026-08-14 16:26:47,ROI_RESIZED,0,0,0,0,969,311,10.16
2026-08-14 16:26:47,ROI_RESIZED,0,0,0,0,969,311,10.16
2026-08-14 16:26:47,ROI_RESIZED,0,0,0,0,969,311,10.16
2026-08-14 16:26:47,ROI_RESIZED,1,478,232,152,969,311,10.16
2026-08-14 16:26:47,ROI_RESIZED,0,0,0,0,969,311,10.16
2026-08-14 16:26:47,ROI_RESIZED,0,0,0,0,969,311,10.16
2026-08-14 16:26:47,ROI_RESIZED,0,0,0,0,969,311,10.16
2026-08-14 16:26:47,ROI_RESIZED,0,0,0,0,969,311,10.16
2026-08-14 16:26:47,ROI_RESIZED,0,0,0,0,969,311,10.16
2026-08-14 16:26:48,ROI_RESIZED,0,0,0,0,969,311,10.16
2026-08-14 16:26:48,ROI_RESIZED,0,0,0,0,969,311,10.16
2026-08-14 16:26:48,ROI_RESIZED,0,0,0,0,969,311,9.97
2026-08-14 16:26:48,ROI_RESIZED,0,0,0,0,969,311,9.97
2026-08-14 16:26:48,ROI_RESIZED,0,0,0,0,969,311,9.97
2026-08-14 16:26:48,ROI_RESIZED,1,478,231,155,969,311,9.97
2026-08-14 16:26:48,ROI_RESIZED,1,478,247,154,969,311,9.97
2026-08-14 16:26:48,ROI_RESIZED,0,0,0,0,969,311,9.97
2026-08-14 16:26:48,ROI_RESIZED,1,478,244,151,969,311,9.97
2026-08-14 16:26:48,ROI_RESIZED,1,478,242,152,969,311,9.97
2026-08-14 16:26:49,ROI_RESIZED,1,478,255,152,969,311,9.97
2026-08-14 16:26:49,ROI_RESIZED,1,478,244,145,969,311,9.97
2026-08-14 16:26:49,ROI_RESIZED,1,478,234,133,969,311,9.97
2026-08-14 16:26:49,ROI_RESIZED,0,0,0,0,969,311,10.1
2026-08-14 16:26:49,ROI_RESIZED,1,478,246,145,969,311,10.1
2026-08-14 16:26:49,ROI_RESIZED,1,478,253,148,969,311,10.1
2026-08-14 16:26:49,ROI_RESIZED,1,478,257,149,969,311,10.1
2026-08-14 16:26:49,ROI_RESIZED,1,478,250,149,969,311,10.1
2026-08-14 16:26:49,ROI_RESIZED,0,0,0,0,969,311,10.1
2026-08-14 16:26:50,ROI_RESIZED,0,0,0,0,969,311,10.1
2026-08-14 16:26:50,ROI_RESIZED,0,0,0,0,969,311,10.1
2026-08-14 16:26:50,ROI_RESIZED,0,0,0,0,969,311,10.1
2026-08-14 16:26:50,ROI_RESIZED,0,0,0,0,969,311,10.1
2026-08-14 16:26:50,ROI_RESIZED,0,0,0,0,969,311,9.92
2026-08-14 16:26:50,ROI_RESIZED,0,0,0,0,969,311,9.92
2026-08-14 16:26:50,ROI_RESIZED,0,0,0,0,969,311,9.92
2026-08-14 16:26:50,ROI_RESIZED,0,0,0,0,969,311,9.92
2026-08-14 16:26:50,ROI_RESIZED,0,0,0,0,969,311,9.92
2026-08-14 16:26:50,ROI_RESIZED,0,0,0,0,969,311,9.92
2026-08-14 16:26:50,ROI_RESIZED,1,478,252,140,969,311,9.92
2026-08-14 16:26:51,ROI_RESIZED,0,0,0,0,969,311,9.92
2026-08-14 16:26:51,ROI_RESIZED,1,478,255,144,969,311,9.92
2026-08-14 16:26:51,ROI_RESIZED,1,478,244,145,969,311,9.92
2026-08-14 16:26:51,ROI_RESIZED,1,478,235,147,969,311,9.92
2026-08-14 16:26:51,ROI_RESIZED,1,478,238,149,969,311,10.11
2026-08-14 16:26:51,ROI_RESIZED,1,478,214,142,969,311,10.11
2026-08-14 16:26:51,ROI_RESIZED,0,0,0,0,969,311,10.11
2026-08-14 16:26:51,ROI_RESIZED,0,0,0,0,969,311,10.11
2026-08-14 16:26:51,ROI_RESIZED,1,478,317,176,969,311,10.11
2026-08-14 16:26:51,ROI_RESIZED,0,0,0,0,969,311,10.11
2026-08-14 16:26:52,ROI_RESIZED,0,0,0,0,969,311,10.11
2026-08-14 16:26:52,ROI_RESIZED,0,0,0,0,969,311,10.11
2026-08-14 16:26:52,ROI_RESIZED,0,0,0,0,969,311,10.11
2026-08-14 16:26:52,ROI_RESIZED,0,0,0,0,969,311,10.11
2026-08-14 16:26:52,ROI_RESIZED,0,0,0,0,969,311,9.92
2026-08-14 16:26:52,ROI_RESIZED,1,478,236,179,969,311,9.92
2026-08-14 16:26:52,ROI_RESIZED,0,0,0,0,969,311,9.92
2026-08-14 16:26:52,ROI_RESIZED,0,0,0,0,969,311,9.92
2026-08-14 16:26:52,ROI_RESIZED,0,0,0,0,969,311,9.92
2026-08-14 16:26:52,ROI_RESIZED,0,0,0,0,969,311,9.92
2026-08-14 16:26:53,ROI_RESIZED,0,0,0,0,969,311,9.92
2026-08-14 16:26:53,ROI_RESIZED,0,0,0,0,969,311,9.92
2026-08-14 16:26:53,ROI_RESIZED,0,0,0,0,969,311,9.92
2026-08-14 16:26:53,ROI_RESIZED,0,0,0,0,969,311,9.92
2026-08-14 16:26:53,ROI_RESIZED,1,478,241,183,969,311,9.92
2026-08-14 16:26:53,ROI_RESIZED,1,478,247,189,969,311,10.07
2026-08-14 16:26:53,ROI_RESIZED,1,478,250,201,969,311,10.07
2026-08-14 16:26:53,ROI_RESIZED,1,478,257,202,969,311,10.07
2026-08-14 16:26:53,ROI_RESIZED,1,478,262,214,969,311,10.07
2026-08-14 16:26:53,ROI_RESIZED,1,478,266,209,969,311,10.07
2026-08-14 16:26:54,ROI_RESIZED,1,478,248,195,969,311,10.07
2026-08-14 16:26:54,ROI_RESIZED,1,478,245,200,969,311,10.07
2026-08-14 16:26:54,ROI_RESIZED,0,0,0,0,969,311,10.07
2026-08-14 16:26:54,ROI_RESIZED,0,0,0,0,969,311,10.07
2026-08-14 16:26:54,ROI_RESIZED,0,0,0,0,969,311,10.07
2026-08-14 16:26:54,ROI_RESIZED,0,0,0,0,969,311,9.95
2026-08-14 16:26:54,ROI_RESIZED,0,0,0,0,969,311,9.95
2026-08-14 16:26:54,ROI_RESIZED,0,0,0,0,969,311,9.95
2026-08-14 16:26:54,ROI_RESIZED,0,0,0,0,969,311,9.95
2026-08-14 16:26:54,ROI_RESIZED,0,0,0,0,969,311,9.95
2026-08-14 16:26:55,ROI_RESIZED,0,0,0,0,969,311,9.95
2026-08-14 16:26:55,ROI_RESIZED,0,0,0,0,969,311,9.95
2026-08-14 16:26:55,ROI_RESIZED,0,0,0,0,969,311,9.95
2026-08-14 16:26:55,ROI_RESIZED,0,0,0,0,969,311,9.95
2026-08-14 16:26:55,ROI_RESIZED,0,0,0,0,969,311,9.95
2026-08-14 16:26:55,ROI_RESIZED,0,0,0,0,969,311,9.95
2026-08-14 16:26:55,ROI_RESIZED,0,0,0,0,969,311,10.07
2026-08-14 16:26:55,ROI_RESIZED,0,0,0,0,969,311,10.07
2026-08-14 16:26:55,ROI_RESIZED,0,0,0,0,969,311,10.07
2026-08-14 16:26:55,ROI_RESIZED,0,0,0,0,969,311,10.07
2026-08-14 16:26:56,ROI_RESIZED,0,0,0,0,969,311,10.07
2026-08-14 16:26:56,ROI_RESIZED,0,0,0,0,969,311,10.07
2026-08-14 16:26:56,ROI_RESIZED,1,478,228,169,969,311,10.07
2026-08-14 16:26:56,ROI_RESIZED,1,478,246,177,969,311,10.07
2026-08-14 16:26:56,ROI_RESIZED,1,478,243,184,969,311,10.07
2026-08-14 16:26:56,ROI_RESIZED,1,478,261,199,969,311,10.07
2026-08-14 16:26:56,ROI_RESIZED,0,0,0,0,969,311,10.07
2026-08-14 16:26:56,ROI_RESIZED,1,478,253,193,969,311,10.01
2026-08-14 16:26:56,ROI_RESIZED,1,478,258,203,969,311,10.01
2026-08-14 16:26:56,ROI_RESIZED,0,0,0,0,969,311,10.01
2026-08-14 16:26:57,ROI_RESIZED,0,0,0,0,969,311,10.01
2026-08-14 16:26:57,ROI_RESIZED,0,0,0,0,969,311,10.01
2026-08-14 16:26:57,ROI_RESIZED,1,478,265,189,969,311,10.01
2026-08-14 16:26:57,ROI_RESIZED,1,478,262,204,969,311,10.01
2026-08-14 16:26:57,ROI_RESIZED,1,478,264,213,969,311,10.01
2026-08-14 16:26:57,ROI_RESIZED,1,478,263,218,969,311,10.01
2026-08-14 16:26:57,ROI_RESIZED,1,478,271,220,969,311,10.01
2026-08-14 16:26:57,ROI_RESIZED,1,478,265,219,969,311,10.01
2026-08-14 16:26:57,ROI_RESIZED,1,478,268,211,969,311,10.12
2026-08-14 16:26:57,ROI_RESIZED,1,478,265,218,969,311,10.12
2026-08-14 16:26:58,ROI_RESIZED,1,478,267,217,969,311,10.12
2026-08-14 16:26:58,ROI_RESIZED,0,0,0,0,969,311,10.12
2026-08-14 16:26:58,ROI_RESIZED,1,478,249,164,969,311,10.12
2026-08-14 16:26:58,ROI_RESIZED,1,478,236,177,969,311,10.12
2026-08-14 16:26:58,ROI_RESIZED,1,478,230,189,969,311,10.12
2026-08-14 16:26:58,ROI_RESIZED,1,478,261,207,969,311,10.12
2026-08-14 16:26:58,ROI_RESIZED,1,478,257,213,969,311,10.12
2026-08-14 16:26:58,ROI_RESIZED,1,478,259,225,969,311,10.12
2026-08-14 16:26:58,ROI_RESIZED,0,0,0,0,969,311,9.92
2026-08-14 16:26:58,ROI_RESIZED,0,0,0,0,969,311,9.92
2026-08-14 16:26:59,ROI_RESIZED,0,0,0,0,969,311,9.92
2026-08-14 16:26:59,ROI_RESIZED,0,0,0,0,969,311,9.92
2026-08-14 16:26:59,ROI_RESIZED,0,0,0,0,969,311,9.92
2026-08-14 16:26:59,ROI_RESIZED,0,0,0,0,969,311,9.92
2026-08-14 16:26:59,ROI_RESIZED,0,0,0,0,969,311,9.92
2026-08-14 16:26:59,ROI_RESIZED,1,478,292,210,969,311,9.92
2026-08-14 16:26:59,ROI_RESIZED,1,478,283,210,969,311,9.92
2026-08-14 16:26:59,ROI_RESIZED,0,0,0,0,969,311,9.92
2026-08-14 16:26:59,ROI_RESIZED,0,0,0,0,969,311,9.92
2026-08-14 16:26:59,ROI_RESIZED,0,0,0,0,969,311,10.11
2026-08-14 16:27:00,ROI_RESIZED,0,0,0,0,969,311,10.11
2026-08-14 16:27:00,ROI_RESIZED,0,0,0,0,969,311,10.11
2026-08-14 16:27:00,ROI_RESIZED,0,0,0,0,969,311,10.11
2026-08-14 16:27:00,ROI_RESIZED,0,0,0,0,969,311,10.11
2026-08-14 16:27:00,ROI_RESIZED,0,0,0,0,969,311,10.11
2026-08-14 16:27:00,ROI_RESIZED,0,0,0,0,969,311,10.11
2026-08-14 16:27:00,ROI_RESIZED,0,0,0,0,969,311,10.11
2026-08-14 16:27:00,ROI_RESIZED,0,0,0,0,969,311,10.11
2026-08-14 16:27:00,ROI_RESIZED,0,0,0,0,969,311,10.11
2026-08-14 16:27:00,ROI_RESIZED,0,0,0,0,969,311,9.9
2026-08-14 16:27:01,ROI_RESIZED,0,0,0,0,969,311,9.9
2026-08-14 16:27:01,ROI_RESIZED,0,0,0,0,969,311,9.9
2026-08-14 16:27:01,ROI_RESIZED,0,0,0,0,969,311,9.9
2026-08-14 16:27:01,ROI_RESIZED,0,0,0,0,969,311,9.9
2026-08-14 16:27:01,ROI_RESIZED,0,0,0,0,969,311,9.9
2026-08-14 16:27:01,ROI_RESIZED,0,0,0,0,969,311,9.9
2026-08-14 16:27:01,ROI_RESIZED,0,0,0,0,969,311,9.9
2026-08-14 16:27:01,ROI_RESIZED,0,0,0,0,969,311,9.9
2026-08-14 16:27:01,ROI_RESIZED,0,0,0,0,969,311,9.9
2026-08-14 16:27:01,ROI_RESIZED,0,0,0,0,969,311,9.9
2026-08-14 16:27:02,ROI_RESIZED,0,0,0,0,969,311,10.14
2026-08-14 16:27:02,ROI_RESIZED,0,0,0,0,969,311,10.14
2026-08-14 16:27:02,ROI_RESIZED,0,0,0,0,969,311,10.14
2026-08-14 16:27:02,ROI_RESIZED,0,0,0,0,969,311,10.14
2026-08-14 16:27:02,ROI_RESIZED,0,0,0,0,969,311,10.14
2026-08-14 16:27:02,ROI_RESIZED,0,0,0,0,969,311,10.14
2026-08-14 16:27:02,ROI_RESIZED,0,0,0,0,969,311,10.14
2026-08-14 16:27:02,ROI_RESIZED,0,0,0,0,969,311,10.14
2026-08-14 16:27:02,ROI_RESIZED,0,0,0,0,969,311,10.14
2026-08-14 16:27:02,ROI_RESIZED,1,478,299,215,969,311,10.14
2026-08-14 16:27:03,ROI_RESIZED,1,478,290,214,969,311,9.83
2026-08-14 16:27:03,ROI_RESIZED,1,478,299,216,969,311,9.83
2026-08-14 16:27:03,ROI_RESIZED,1,478,303,214,969,311,9.83
2026-08-14 16:27:03,ROI_RESIZED,0,0,0,0,969,311,9.83
2026-08-14 16:27:03,ROI_RESIZED,0,0,0,0,969,311,9.83
2026-08-14 16:27:03,ROI_RESIZED,0,0,0,0,969,311,9.83
2026-08-14 16:27:03,ROI_RESIZED,1,478,263,228,969,311,9.83
2026-08-14 16:27:03,ROI_RESIZED,0,0,0,0,969,311,9.83
2026-08-14 16:27:03,ROI_RESIZED,0,0,0,0,969,311,9.83
2026-08-14 16:27:03,ROI_RESIZED,0,0,0,0,969,311,9.83
2026-08-14 16:27:04,ROI_RESIZED,0,0,0,0,969,311,9.83
2026-08-14 16:27:04,ROI_RESIZED,0,0,0,0,969,311,10.18
2026-08-14 16:27:04,ROI_RESIZED,0,0,0,0,969,311,10.18
2026-08-14 16:27:04,ROI_RESIZED,0,0,0,0,969,311,10.18
2026-08-14 16:27:04,ROI_RESIZED,1,478,239,183,969,311,10.18
2026-08-14 16:27:04,ROI_RESIZED,0,0,0,0,969,311,10.18
2026-08-14 16:27:04,ROI_RESIZED,1,478,248,198,969,311,10.18
2026-08-14 16:27:04,ROI_RESIZED,0,0,0,0,969,311,10.18
2026-08-14 16:27:04,ROI_RESIZED,0,0,0,0,969,311,10.18
2026-08-14 16:27:04,ROI_RESIZED,1,478,264,211,969,311,10.18
2026-08-14 16:27:05,ROI_RESIZED,0,0,0,0,969,311,10.18
2026-08-14 16:27:05,ROI_RESIZED,0,0,0,0,969,311,10.18
2026-08-14 16:27:05,ROI_RESIZED,1,478,234,171,969,311,9.97
2026-08-14 16:27:05,ROI_RESIZED,0,0,0,0,969,311,9.97
2026-08-14 16:27:05,ROI_RESIZED,0,0,0,0,969,311,9.97
2026-08-14 16:27:05,ROI_RESIZED,0,0,0,0,969,311,9.97
2026-08-14 16:27:05,ROI_RESIZED,1,478,238,188,969,311,9.97
2026-08-14 16:27:05,ROI_RESIZED,1,478,241,197,969,311,9.97
2026-08-14 16:27:05,ROI_RESIZED,1,478,239,207,969,311,9.97
2026-08-14 16:27:05,ROI_RESIZED,1,478,247,216,969,311,9.97
2026-08-14 16:27:06,ROI_RESIZED,1,478,249,222,969,311,9.97
2026-08-14 16:27:06,ROI_RESIZED,1,478,260,228,969,311,9.97
2026-08-14 16:27:06,ROI_RESIZED,1,478,260,231,969,311,9.97
2026-08-14 16:27:06,ROI_RESIZED,1,478,259,227,969,311,10.1
2026-08-14 16:27:06,ROI_RESIZED,1,478,258,226,969,311,10.1
2026-08-14 16:27:06,ROI_RESIZED,1,478,256,226,969,311,10.1
2026-08-14 16:27:06,ROI_RESIZED,1,478,253,227,969,311,10.1
2026-08-14 16:27:06,ROI_RESIZED,1,478,259,227,969,311,10.1
2026-08-14 16:27:06,ROI_RESIZED,0,0,0,0,969,311,10.1
2026-08-14 16:27:06,ROI_RESIZED,1,478,238,193,969,311,10.1
2026-08-14 16:27:07,ROI_RESIZED,1,478,236,199,969,311,10.1
2026-08-14 16:27:07,ROI_RESIZED,1,478,237,212,969,311,10.1
2026-08-14 16:27:07,ROI_RESIZED,1,478,251,221,969,311,10.1
2026-08-14 16:27:07,ROI_RESIZED,0,0,0,0,969,311,9.92
2026-08-14 16:27:07,ROI_RESIZED,1,478,245,203,969,311,9.92
2026-08-14 16:27:07,ROI_RESIZED,0,0,0,0,969,311,9.92
2026-08-14 16:27:07,ROI_RESIZED,1,478,229,195,969,311,9.92
2026-08-14 16:27:07,ROI_RESIZED,1,478,231,203,969,311,9.92
2026-08-14 16:27:07,ROI_RESIZED,1,478,236,211,969,311,9.92
2026-08-14 16:27:07,ROI_RESIZED,0,0,0,0,969,311,9.92
2026-08-14 16:27:08,ROI_RESIZED,0,0,0,0,969,311,9.92
2026-08-14 16:27:08,ROI_RESIZED,0,0,0,0,969,311,9.92
2026-08-14 16:27:08,ROI_RESIZED,1,478,242,193,969,311,9.92
2026-08-14 16:27:08,ROI_RESIZED,0,0,0,0,969,311,9.92
2026-08-14 16:27:08,ROI_RESIZED,0,0,0,0,969,311,10.13
2026-08-14 16:27:08,ROI_RESIZED,0,0,0,0,969,311,10.13
2026-08-14 16:27:08,ROI_RESIZED,1,478,242,197,969,311,10.13
2026-08-14 16:27:08,ROI_RESIZED,1,478,245,209,969,311,10.13
2026-08-14 16:27:08,ROI_RESIZED,1,478,251,218,969,311,10.13
2026-08-14 16:27:08,ROI_RESIZED,1,478,254,224,969,311,10.13
2026-08-14 16:27:09,ROI_RESIZED,1,478,261,225,969,311,10.13
2026-08-14 16:27:09,ROI_RESIZED,1,478,260,224,969,311,10.13
2026-08-14 16:27:09,ROI_RESIZED,0,0,0,0,969,311,10.13
2026-08-14 16:27:09,ROI_RESIZED,0,0,0,0,969,311,10.13
2026-08-14 16:27:09,ROI_RESIZED,1,478,233,174,969,311,9.91
2026-08-14 16:27:09,ROI_RESIZED,1,478,224,173,969,311,9.91
2026-08-14 16:27:09,ROI_RESIZED,0,0,0,0,969,311,9.91
2026-08-14 16:27:09,ROI_RESIZED,0,0,0,0,969,311,9.91
2026-08-14 16:27:09,ROI_RESIZED,0,0,0,0,969,311,9.91
2026-08-14 16:27:09,ROI_RESIZED,0,0,0,0,969,311,9.91
2026-08-14 16:27:10,ROI_RESIZED,0,0,0,0,969,311,9.91
2026-08-14 16:27:10,ROI_RESIZED,0,0,0,0,969,311,9.91
2026-08-14 16:27:10,ROI_RESIZED,0,0,0,0,969,311,9.91
2026-08-14 16:27:10,ROI_RESIZED,0,0,0,0,969,311,9.91
2026-08-14 16:27:10,ROI_RESIZED,0,0,0,0,969,311,9.91
2026-08-14 16:27:10,ROI_RESIZED,0,0,0,0,969,311,10.07
2026-08-14 16:27:10,ROI_RESIZED,1,478,232,182,969,311,10.07
2026-08-14 16:27:10,ROI_RESIZED,1,478,231,187,969,311,10.07
2026-08-14 16:27:10,ROI_RESIZED,0,0,0,0,969,311,10.07
2026-08-14 16:27:10,ROI_RESIZED,1,478,218,171,969,311,10.07
2026-08-14 16:27:11,ROI_RESIZED,1,478,247,182,969,311,10.07
2026-08-14 16:27:11,ROI_RESIZED,1,478,250,190,969,311,10.07
2026-08-14 16:27:11,ROI_RESIZED,0,0,0,0,969,311,10.07
2026-08-14 16:27:11,ROI_RESIZED,0,0,0,0,969,311,10.07
2026-08-14 16:27:11,ROI_RESIZED,0,0,0,0,969,311,10.07
2026-08-14 16:27:11,ROI_RESIZED,1,478,272,214,969,311,9.96
2026-08-14 16:27:11,ROI_RESIZED,1,478,253,223,969,311,9.96
2026-08-14 16:27:11,ROI_RESIZED,1,478,271,222,969,311,9.96
2026-08-14 16:27:11,ROI_RESIZED,0,0,0,0,969,311,9.96
2026-08-14 16:27:11,ROI_RESIZED,1,478,275,204,969,311,9.96
2026-08-14 16:27:12,ROI_RESIZED,0,0,0,0,969,311,9.96
2026-08-14 16:27:12,ROI_RESIZED,0,0,0,0,969,311,9.96
2026-08-14 16:27:12,ROI_RESIZED,0,0,0,0,969,311,9.96
2026-08-14 16:27:12,ROI_RESIZED,0,0,0,0,969,311,9.96
2026-08-14 16:27:12,ROI_RESIZED,0,0,0,0,969,311,9.96
2026-08-14 16:27:12,ROI_RESIZED,0,0,0,0,969,311,9.96
2026-08-14 16:27:12,ROI_RESIZED,0,0,0,0,969,311,10.08
2026-08-14 16:27:12,ROI_RESIZED,0,0,0,0,969,311,10.08
2026-08-14 16:27:12,ROI_RESIZED,0,0,0,0,969,311,10.08
2026-08-14 16:27:12,ROI_RESIZED,0,0,0,0,969,311,10.08
2026-08-14 16:27:13,ROI_RESIZED,0,0,0,0,969,311,10.08
2026-08-14 16:27:13,ROI_RESIZED,0,0,0,0,969,311,10.08
2026-08-14 16:27:13,ROI_RESIZED,0,0,0,0,969,311,10.08
2026-08-14 16:27:13,ROI_RESIZED,0,0,0,0,969,311,10.08
2026-08-14 16:27:13,ROI_RESIZED,0,0,0,0,969,311,10.08
2026-08-14 16:27:13,ROI_RESIZED,0,0,0,0,969,311,10.08
2026-08-14 16:27:13,ROI_RESIZED,0,0,0,0,969,311,10.08
2026-08-14 16:27:13,ROI_RESIZED,0,0,0,0,969,311,9.96
2026-08-14 16:27:13,ROI_RESIZED,0,0,0,0,969,311,9.96
2026-08-14 16:27:13,ROI_RESIZED,0,0,0,0,969,311,9.96
2026-08-14 16:27:14,ROI_RESIZED,0,0,0,0,969,311,9.96
2026-08-14 16:27:14,ROI_RESIZED,0,0,0,0,969,311,9.96
2026-08-14 16:27:14,ROI_RESIZED,0,0,0,0,969,311,9.96
2026-08-14 16:27:14,ROI_RESIZED,0,0,0,0,969,311,9.96
2026-08-14 16:27:14,ROI_RESIZED,0,0,0,0,969,311,9.96
2026-08-14 16:27:14,ROI_RESIZED,1,478,257,198,969,311,9.96
2026-08-14 16:27:14,ROI_RESIZED,1,478,252,208,969,311,9.96
2026-08-14 16:27:14,ROI_RESIZED,1,478,243,220,969,311,9.96
2026-08-14 16:27:14,ROI_RESIZED,1,478,249,221,969,311,10.15
2026-08-14 16:27:14,ROI_RESIZED,0,0,0,0,969,311,10.15
2026-08-14 16:27:15,ROI_RESIZED,0,0,0,0,969,311,10.15
2026-08-14 16:27:15,ROI_RESIZED,0,0,0,0,969,311,10.15
2026-08-14 16:27:15,ROI_RESIZED,1,478,249,187,969,311,10.15
2026-08-14 16:27:15,ROI_RESIZED,0,0,0,0,969,311,10.15
2026-08-14 16:27:15,ROI_RESIZED,0,0,0,0,969,311,10.15
2026-08-14 16:27:15,ROI_RESIZED,1,478,248,195,969,311,10.15
2026-08-14 16:27:15,ROI_RESIZED,1,478,245,202,969,311,10.15
2026-08-14 16:27:15,ROI_RESIZED,1,478,245,209,969,311,10.15
2026-08-14 16:27:15,ROI_RESIZED,1,478,250,215,969,311,9.85
2026-08-14 16:27:15,ROI_RESIZED,1,478,249,221,969,311,9.85
2026-08-14 16:27:16,ROI_RESIZED,1,478,262,222,969,311,9.85
2026-08-14 16:27:16,ROI_RESIZED,1,478,265,222,969,311,9.85
2026-08-14 16:27:16,ROI_RESIZED,1,478,261,219,969,311,9.85
2026-08-14 16:27:16,ROI_RESIZED,1,478,253,219,969,311,9.85
2026-08-14 16:27:16,ROI_RESIZED,1,478,256,221,969,311,9.85
2026-08-14 16:27:16,ROI_RESIZED,1,478,257,223,969,311,9.85
2026-08-14 16:27:16,ROI_RESIZED,1,478,260,223,969,311,9.85
2026-08-14 16:27:16,ROI_RESIZED,1,478,262,225,969,311,9.85
2026-08-14 16:27:16,ROI_RESIZED,1,478,257,222,969,311,9.85
2026-08-14 16:27:16,ROI_RESIZED,1,478,264,222,969,311,10.18
2026-08-14 16:27:17,ROI_RESIZED,1,478,253,222,969,311,10.18
2026-08-14 16:27:17,ROI_RESIZED,1,478,252,224,969,311,10.18
2026-08-14 16:27:17,ROI_RESIZED,1,478,255,224,969,311,10.18
2026-08-14 16:27:17,ROI_RESIZED,1,478,250,223,969,311,10.18
2026-08-14 16:27:17,ROI_RESIZED,1,478,248,222,969,311,10.18
2026-08-14 16:27:17,ROI_RESIZED,1,478,249,222,969,311,10.18
2026-08-14 16:27:17,ROI_RESIZED,1,478,249,224,969,311,10.18
2026-08-14 16:27:17,ROI_RESIZED,1,478,250,226,969,311,10.18
2026-08-14 16:27:17,ROI_RESIZED,1,478,249,227,969,311,10.18
2026-08-14 16:27:17,ROI_RESIZED,1,478,248,228,969,311,9.97
2026-08-14 16:27:18,ROI_RESIZED,1,478,255,230,969,311,9.97
2026-08-14 16:27:18,ROI_RESIZED,1,478,272,232,969,311,9.97
2026-08-14 16:27:18,ROI_RESIZED,1,478,270,227,969,311,9.97
2026-08-14 16:27:18,ROI_RESIZED,1,478,260,227,969,311,9.97
2026-08-14 16:27:18,ROI_RESIZED,1,478,262,229,969,311,9.97
2026-08-14 16:27:18,ROI_RESIZED,1,478,251,228,969,311,9.97
2026-08-14 16:27:18,ROI_RESIZED,1,478,252,229,969,311,9.97
2026-08-14 16:27:18,ROI_RESIZED,1,478,255,229,969,311,9.97
2026-08-14 16:27:18,ROI_RESIZED,1,478,258,230,969,311,9.97
2026-08-14 16:27:18,ROI_RESIZED,1,478,262,227,969,311,9.97
2026-08-14 16:27:19,ROI_RESIZED,1,478,265,228,969,311,10.09
2026-08-14 16:27:19,ROI_RESIZED,0,0,0,0,969,311,10.09
2026-08-14 16:27:19,ROI_RESIZED,0,0,0,0,969,311,10.09
2026-08-14 16:27:19,ROI_RESIZED,1,478,253,208,969,311,10.09
2026-08-14 16:27:19,ROI_RESIZED,1,478,274,222,969,311,10.09
2026-08-14 16:27:19,ROI_RESIZED,1,478,260,225,969,311,10.09
2026-08-14 16:27:19,ROI_RESIZED,1,478,262,226,969,311,10.09
2026-08-14 16:27:19,ROI_RESIZED,1,478,263,226,969,311,10.09
2026-08-14 16:27:19,ROI_RESIZED,1,478,264,228,969,311,10.09
2026-08-14 16:27:19,ROI_RESIZED,1,478,256,227,969,311,10.09
2026-08-14 16:27:20,ROI_RESIZED,1,478,261,230,969,311,9.9
2026-08-14 16:27:20,ROI_RESIZED,1,478,258,230,969,311,9.9
2026-08-14 16:27:20,ROI_RESIZED,1,478,256,229,969,311,9.9
2026-08-14 16:27:20,ROI_RESIZED,1,478,254,229,969,311,9.9
2026-08-14 16:27:20,ROI_RESIZED,1,478,261,231,969,311,9.9
2026-08-14 16:31:18,ROI_RESIZED,0,0,0,0,673,351,0.36
2026-08-14 16:31:18,ROI_RESIZED,0,0,0,0,673,351,0.36
2026-08-14 16:31:18,ROI_RESIZED,0,0,0,0,673,351,0.36
2026-08-14 16:31:18,ROI_RESIZED,1,478,224,249,673,351,0.36
2026-08-14 16:31:18,ROI_RESIZED,1,478,233,262,673,351,0.36
2026-08-14 16:31:18,ROI_RESIZED,1,478,235,267,673,351,0.36
2026-08-14 16:31:18,ROI_RESIZED,1,478,230,270,673,351,0.36
2026-08-14 16:31:18,ROI_RESIZED,1,478,229,273,673,351,0.36
2026-08-14 16:31:18,ROI_RESIZED,1,478,229,274,673,351,0.36
2026-08-14 16:31:19,ROI_RESIZED,1,478,229,274,673,351,0.36
2026-08-14 16:31:19,ROI_RESIZED,1,478,229,274,673,351,0.36
2026-08-14 16:31:19,ROI_RESIZED,1,478,228,275,673,351,10.83
2026-08-14 16:31:19,ROI_RESIZED,1,478,231,275,673,351,10.83
2026-08-14 16:31:19,ROI_RESIZED,1,478,232,274,673,351,10.83
2026-08-14 16:31:19,ROI_RESIZED,1,478,235,275,673,351,10.83
2026-08-14 16:31:19,ROI_RESIZED,1,478,232,275,673,351,10.83
2026-08-14 16:31:19,ROI_RESIZED,1,478,230,275,673,351,10.83
2026-08-14 16:31:19,ROI_RESIZED,1,478,234,275,673,351,10.83
2026-08-14 16:31:19,ROI_RESIZED,1,478,233,275,673,351,10.83
2026-08-14 16:31:19,ROI_RESIZED,1,478,235,275,673,351,10.83
2026-08-14 16:31:20,ROI_RESIZED,1,478,235,275,673,351,10.83
2026-08-14 16:31:20,ROI_RESIZED,1,478,233,275,673,351,9.9
2026-08-14 16:31:20,ROI_RESIZED,1,478,235,275,673,351,9.9
2026-08-14 16:31:20,ROI_RESIZED,1,478,238,275,673,351,9.9
2026-08-14 16:31:20,ROI_RESIZED,1,478,238,268,673,351,9.9
2026-08-14 16:31:20,ROI_RESIZED,0,0,0,0,673,351,9.9
2026-08-14 16:31:20,ROI_RESIZED,1,478,190,253,673,351,9.9
2026-08-14 16:31:20,ROI_RESIZED,1,478,187,265,673,351,9.9
2026-08-14 16:31:20,ROI_RESIZED,1,478,191,265,673,351,9.9
2026-08-14 16:31:21,ROI_RESIZED,1,478,211,273,673,351,9.9
2026-08-14 16:31:21,ROI_RESIZED,1,478,218,274,673,351,9.9
2026-08-14 16:31:21,ROI_RESIZED,1,478,225,273,673,351,9.9
2026-08-14 16:31:21,ROI_RESIZED,1,478,229,268,673,351,10.12
2026-08-14 16:31:21,ROI_RESIZED,1,478,228,263,673,351,10.12
2026-08-14 16:31:21,ROI_RESIZED,1,478,232,259,673,351,10.12
2026-08-14 16:31:21,ROI_RESIZED,1,478,258,257,673,351,10.12
2026-08-14 16:31:21,ROI_RESIZED,1,478,274,262,673,351,10.12
2026-08-14 16:31:21,ROI_RESIZED,1,478,268,279,673,351,10.12
2026-08-14 16:31:21,ROI_RESIZED,1,478,261,276,673,351,10.12
2026-08-14 16:31:22,ROI_RESIZED,1,478,257,274,673,351,10.12
2026-08-14 16:31:22,ROI_RESIZED,1,478,255,274,673,351,10.12
2026-08-14 16:31:22,ROI_RESIZED,1,478,255,272,673,351,10.12
2026-08-14 16:31:22,ROI_RESIZED,1,478,256,277,673,351,9.94
2026-08-14 16:31:22,ROI_RESIZED,1,478,256,276,673,351,9.94
2026-08-14 16:31:22,ROI_RESIZED,1,478,255,275,673,351,9.94
2026-08-14 16:31:22,ROI_RESIZED,1,478,253,276,673,351,9.94
2026-08-14 16:31:22,ROI_RESIZED,1,478,251,271,673,351,9.94
2026-08-14 16:31:22,ROI_RESIZED,1,478,247,256,673,351,9.94
2026-08-14 16:31:22,ROI_RESIZED,0,0,0,0,673,351,9.94
2026-08-14 16:31:22,ROI_RESIZED,0,0,0,0,673,351,9.94
2026-08-14 16:31:23,ROI_RESIZED,0,0,0,0,673,351,9.94
2026-08-14 16:31:23,ROI_RESIZED,0,0,0,0,673,351,9.94
2026-08-14 16:31:23,ROI_RESIZED,0,0,0,0,673,351,9.94
2026-08-14 16:31:23,ROI_RESIZED,0,0,0,0,673,351,10.1
2026-08-14 16:31:23,ROI_RESIZED,0,0,0,0,673,351,10.1
2026-08-14 16:31:23,ROI_RESIZED,1,478,222,272,673,351,10.1
2026-08-14 16:31:23,ROI_RESIZED,1,478,264,287,673,351,10.1
2026-08-14 16:31:23,ROI_RESIZED,1,478,258,269,673,351,10.1
2026-08-14 16:31:23,ROI_RESIZED,0,0,0,0,673,351,10.1
2026-08-14 16:31:23,ROI_RESIZED,0,0,0,0,673,351,10.1
2026-08-14 16:31:24,ROI_RESIZED,0,0,0,0,673,351,10.1
2026-08-14 16:31:24,ROI_RESIZED,0,0,0,0,673,351,10.1
2026-08-14 16:31:24,ROI_RESIZED,1,478,303,229,673,351,10.1
2026-08-14 16:31:24,ROI_RESIZED,1,478,281,247,673,351,9.85
2026-08-14 16:31:24,ROI_RESIZED,1,478,270,264,673,351,9.85
2026-08-14 16:31:24,ROI_RESIZED,1,478,253,281,673,351,9.85
2026-08-14 16:31:24,ROI_RESIZED,1,478,260,277,673,351,9.85
2026-08-14 16:31:24,ROI_RESIZED,1,478,252,271,673,351,9.85
2026-08-14 16:31:24,ROI_RESIZED,1,478,248,279,673,351,9.85
2026-08-14 16:31:24,ROI_RESIZED,1,478,246,269,673,351,9.85
2026-08-14 16:31:25,ROI_RESIZED,1,478,244,265,673,351,9.85
2026-08-14 16:31:25,ROI_RESIZED,1,478,248,268,673,351,9.85
2026-08-14 16:31:25,ROI_RESIZED,1,478,245,270,673,351,9.85
2026-08-14 16:31:25,ROI_RESIZED,1,478,247,272,673,351,9.85
2026-08-14 16:31:25,ROI_RESIZED,1,478,246,272,673,351,10.18
2026-08-14 16:31:25,ROI_RESIZED,1,478,255,265,673,351,10.18
2026-08-14 16:31:25,ROI_RESIZED,1,478,240,262,673,351,10.18
2026-08-14 16:31:25,ROI_RESIZED,1,478,236,268,673,351,10.18
2026-08-14 16:31:25,ROI_RESIZED,1,478,234,263,673,351,10.18
2026-08-14 16:31:25,ROI_RESIZED,1,478,232,266,673,351,10.18
2026-08-14 16:31:26,ROI_RESIZED,1,478,247,267,673,351,10.18
2026-08-14 16:31:26,ROI_RESIZED,1,478,242,264,673,351,10.18
2026-08-14 16:31:26,ROI_RESIZED,1,478,236,265,673,351,10.18
2026-08-14 16:31:26,ROI_RESIZED,1,478,237,267,673,351,10.18
2026-08-14 16:31:26,ROI_RESIZED,1,478,232,269,673,351,9.87
2026-08-14 16:31:26,ROI_RESIZED,1,478,237,271,673,351,9.87
2026-08-14 16:31:26,ROI_RESIZED,1,478,238,272,673,351,9.87
2026-08-14 16:31:26,ROI_RESIZED,1,478,246,270,673,351,9.87
2026-08-14 16:31:26,ROI_RESIZED,1,478,254,271,673,351,9.87
2026-08-14 16:31:26,ROI_RESIZED,1,478,252,268,673,351,9.87
2026-08-14 16:31:27,ROI_RESIZED,1,478,254,272,673,351,9.87
2026-08-14 16:31:27,ROI_RESIZED,1,478,250,270,673,351,9.87
2026-08-14 16:31:27,ROI_RESIZED,1,478,263,268,673,351,9.87
2026-08-14 16:31:27,ROI_RESIZED,1,478,268,270,673,351,9.87
2026-08-14 16:31:27,ROI_RESIZED,1,478,254,269,673,351,9.87
2026-08-14 16:31:27,ROI_RESIZED,1,478,250,268,673,351,10.17
2026-08-14 16:31:27,ROI_RESIZED,1,478,246,267,673,351,10.17
2026-08-14 16:31:27,ROI_RESIZED,1,478,247,268,673,351,10.17
2026-08-14 16:31:27,ROI_RESIZED,1,478,243,268,673,351,10.17
2026-08-14 16:31:27,ROI_RESIZED,1,478,245,268,673,351,10.17
2026-08-14 16:31:28,ROI_RESIZED,1,478,269,273,673,351,10.17
2026-08-14 16:31:28,ROI_RESIZED,1,478,279,279,673,351,10.17
2026-08-14 16:31:28,ROI_RESIZED,1,478,278,283,673,351,10.17
2026-08-14 16:31:28,ROI_RESIZED,1,478,274,286,673,351,10.17
2026-08-14 16:31:28,ROI_RESIZED,1,478,266,286,673,351,10.17
2026-08-14 16:31:28,ROI_RESIZED,1,478,265,285,673,351,9.9
2026-08-14 16:31:28,ROI_RESIZED,1,478,263,283,673,351,9.9
2026-08-14 16:31:28,ROI_RESIZED,1,478,268,286,673,351,9.9
2026-08-14 16:31:28,ROI_RESIZED,1,478,255,282,673,351,9.9
2026-08-14 16:31:28,ROI_RESIZED,1,478,272,281,673,351,9.9
2026-08-14 16:31:29,ROI_RESIZED,1,478,266,274,673,351,9.9
2026-08-14 16:31:29,ROI_RESIZED,1,478,259,269,673,351,9.9
2026-08-14 16:31:29,ROI_RESIZED,1,478,240,261,673,351,9.9
2026-08-14 16:31:29,ROI_RESIZED,1,478,237,266,673,351,9.9
2026-08-14 16:31:29,ROI_RESIZED,1,478,241,267,673,351,9.9
2026-08-14 16:31:29,ROI_RESIZED,1,478,238,267,673,351,9.9
2026-08-14 16:31:29,ROI_RESIZED,1,478,237,267,673,351,10.13
2026-08-14 16:31:29,ROI_RESIZED,1,478,239,267,673,351,10.13
2026-08-14 16:31:29,ROI_RESIZED,1,478,240,267,673,351,10.13
2026-08-14 16:31:29,ROI_RESIZED,1,478,240,266,673,351,10.13
2026-08-14 16:31:30,ROI_RESIZED,1,478,239,268,673,351,10.13
2026-08-14 16:31:30,ROI_RESIZED,1,478,241,266,673,351,10.13
2026-08-14 16:31:30,ROI_RESIZED,1,478,242,266,673,351,10.13
2026-08-14 16:31:30,ROI_RESIZED,1,478,242,268,673,351,10.13
2026-08-14 16:31:30,ROI_RESIZED,1,478,241,268,673,351,10.13
2026-08-14 16:31:30,ROI_RESIZED,1,478,241,270,673,351,10.13
2026-08-14 16:31:30,FULL_FRAME,0,0,0,0,673,351,10.13
2026-08-14 16:31:30,FULL_FRAME,1,478,239,263,673,351,9.96
2026-08-14 16:31:30,FULL_FRAME,1,478,239,271,673,351,9.96
2026-08-14 16:31:30,FULL_FRAME,1,478,240,273,673,351,9.96
2026-08-14 16:31:31,FULL_FRAME,1,478,238,273,673,351,9.96
2026-08-14 16:31:31,FULL_FRAME,1,478,238,273,673,351,9.96
2026-08-14 16:31:31,FULL_FRAME,1,478,238,274,673,351,9.96
2026-08-14 16:31:31,FULL_FRAME,1,478,238,273,673,351,9.96
2026-08-14 16:31:31,FULL_FRAME,1,478,238,273,673,351,9.96
2026-08-14 16:31:31,FULL_FRAME,1,478,240,275,673,351,9.96
2026-08-14 16:31:31,FULL_FRAME,1,478,242,275,673,351,9.96
2026-08-14 16:31:31,FULL_FRAME,1,478,242,275,673,351,9.96
2026-08-14 16:31:31,FULL_FRAME,1,478,243,277,673,351,10.13
2026-08-14 16:31:31,FULL_FRAME,1,478,241,278,673,351,10.13
2026-08-14 16:31:32,FULL_FRAME,1,478,241,278,673,351,10.13
2026-08-14 16:31:32,FULL_FRAME,1,478,241,278,673,351,10.13
2026-08-14 16:31:32,FULL_FRAME,1,478,241,277,673,351,10.13
2026-08-14 16:31:32,FULL_FRAME,1,478,241,277,673,351,10.13
2026-08-14 16:31:32,FULL_FRAME,1,478,240,276,673,351,10.13
2026-08-14 16:31:32,FULL_FRAME,1,478,241,276,673,351,10.13
2026-08-14 16:31:32,FULL_FRAME,1,478,239,276,673,351,10.13
2026-08-14 16:31:32,FULL_FRAME,1,478,238,275,673,351,10.13
2026-08-14 16:31:32,FULL_FRAME,1,478,239,276,673,351,9.94
2026-08-14 16:31:32,FULL_FRAME,1,478,240,277,673,351,9.94
2026-08-14 16:31:33,FULL_FRAME,1,478,240,277,673,351,9.94
2026-08-14 16:31:33,FULL_FRAME,1,478,240,277,673,351,9.94
2026-08-14 16:31:33,FULL_FRAME,1,478,240,277,673,351,9.94
2026-08-14 16:31:33,FULL_FRAME,1,478,240,277,673,351,9.94
2026-08-14 16:31:33,FULL_FRAME,1,478,240,276,673,351,9.94
2026-08-14 16:31:33,FULL_FRAME,1,478,239,276,673,351,9.94
2026-08-14 16:31:33,FULL_FRAME,1,478,238,276,673,351,9.94
2026-08-14 16:31:33,FULL_FRAME,1,478,239,275,673,351,9.94
2026-08-14 16:31:33,FULL_FRAME,1,478,239,277,673,351,9.94
2026-08-14 16:31:33,FULL_FRAME,1,478,240,277,673,351,10.06
2026-08-14 16:31:34,FULL_FRAME,1,478,242,277,673,351,10.06
2026-08-14 16:31:34,FULL_FRAME,1,478,241,276,673,351,10.06
2026-08-14 16:31:34,FULL_FRAME,1,478,241,277,673,351,10.06
2026-08-14 16:31:34,FULL_FRAME,1,478,242,278,673,351,10.06
2026-08-14 16:31:34,FULL_FRAME,1,478,242,278,673,351,10.06
2026-08-14 16:31:34,FULL_FRAME,1,478,239,277,673,351,10.06
2026-08-14 16:31:34,FULL_FRAME,1,478,241,278,673,351,10.06
2026-08-14 16:31:34,FULL_FRAME,1,478,241,278,673,351,10.06
2026-08-14 16:31:34,FULL_FRAME,1,478,241,278,673,351,10.06
2026-08-14 16:31:34,FULL_FRAME,1,478,241,277,673,351,9.93
2026-08-14 16:31:35,FULL_FRAME,1,478,239,276,673,351,9.93
2026-08-14 16:31:35,FULL_FRAME,1,478,239,277,673,351,9.93
2026-08-14 16:31:35,FULL_FRAME,1,478,239,278,673,351,9.93
2026-08-14 16:31:35,FULL_FRAME,1,478,239,278,673,351,9.93
2026-08-14 16:31:35,FULL_FRAME,1,478,242,281,673,351,9.93
2026-08-14 16:31:35,ROI_RESIZED,0,0,0,0,673,351,9.93
2026-08-14 16:31:35,ROI_RESIZED,1,478,247,264,673,351,9.93
2026-08-14 16:31:35,ROI_RESIZED,1,478,247,272,673,351,9.93
2026-08-14 16:31:35,ROI_RESIZED,1,478,240,272,673,351,9.93
2026-08-14 16:31:35,ROI_RESIZED,1,478,241,273,673,351,9.93
2026-08-14 16:31:36,ROI_RESIZED,1,478,241,273,673,351,10.08
2026-08-14 16:31:36,ROI_RESIZED,1,478,243,274,673,351,10.08
2026-08-14 16:31:36,ROI_RESIZED,1,478,243,274,673,351,10.08
2026-08-14 16:31:36,ROI_RESIZED,1,478,242,274,673,351,10.08
2026-08-14 16:31:36,ROI_RESIZED,1,478,242,274,673,351,10.08
2026-08-14 16:31:36,ROI_RESIZED,1,478,241,273,673,351,10.08
2026-08-14 16:31:36,ROI_RESIZED,1,478,241,272,673,351,10.08
2026-08-14 16:31:36,ROI_RESIZED,1,478,241,272,673,351,10.08
2026-08-14 16:31:36,ROI_RESIZED,1,478,241,273,673,351,10.08
2026-08-14 16:31:36,ROI_RESIZED,1,478,242,276,673,351,10.08
2026-08-14 16:31:37,ROI_RESIZED,1,478,243,275,673,351,9.96
2026-08-14 16:31:37,ROI_RESIZED,1,478,248,275,673,351,9.96
2026-08-14 16:31:37,ROI_RESIZED,1,478,245,275,673,351,9.96
2026-08-14 16:31:37,ROI_RESIZED,1,478,251,279,673,351,9.96
2026-08-14 16:31:37,ROI_RESIZED,1,478,248,277,673,351,9.96
2026-08-14 16:31:37,ROI_RESIZED,1,478,247,278,673,351,9.96
2026-08-14 16:31:37,ROI_RESIZED,1,478,246,276,673,351,9.96
2026-08-14 16:31:37,ROI_RESIZED,1,478,245,272,673,351,9.96
2026-08-14 16:31:37,ROI_RESIZED,1,478,243,271,673,351,9.96
2026-08-14 16:31:37,ROI_RESIZED,1,478,240,269,673,351,9.96
2026-08-14 16:31:38,ROI_RESIZED,1,478,242,269,673,351,9.96
2026-08-14 16:31:38,ROI_RESIZED,1,478,241,269,673,351,10.09
2026-08-14 16:31:38,ROI_RESIZED,1,478,241,272,673,351,10.09
2026-08-14 16:31:38,ROI_RESIZED,1,478,243,271,673,351,10.09
2026-08-14 16:31:38,ROI_RESIZED,1,478,246,271,673,351,10.09
2026-08-14 16:31:38,ROI_RESIZED,1,478,253,270,673,351,10.09
2026-08-14 16:31:38,ROI_RESIZED,1,478,262,275,673,351,10.09
2026-08-14 16:31:38,ROI_RESIZED,1,478,249,274,673,351,10.09
2026-08-14 16:31:38,ROI_RESIZED,1,478,245,273,673,351,10.09
2026-08-14 16:31:38,ROI_RESIZED,1,478,248,270,673,351,10.09
2026-08-14 16:31:39,ROI_RESIZED,1,478,249,270,673,351,10.09
2026-08-14 16:31:39,ROI_RESIZED,1,478,246,269,673,351,10.09
2026-08-14 16:31:39,ROI_RESIZED,1,478,244,275,673,351,9.95
2026-08-14 16:31:39,ROI_RESIZED,1,478,240,278,673,351,9.95
2026-08-14 16:31:39,ROI_RESIZED,1,478,239,278,673,351,9.95
2026-08-14 16:31:39,ROI_RESIZED,1,478,243,279,673,351,9.95
2026-08-14 16:31:39,ROI_RESIZED,1,478,245,281,673,351,9.95
2026-08-14 16:31:39,ROI_RESIZED,1,478,244,282,673,351,9.95
2026-08-14 16:31:39,ROI_RESIZED,1,478,247,281,673,351,9.95
2026-08-14 16:31:39,ROI_RESIZED,1,478,247,278,673,351,9.95
2026-08-14 16:31:40,ROI_RESIZED,1,478,243,274,673,351,9.95
2026-08-14 16:31:40,ROI_RESIZED,1,478,259,278,673,351,9.95
2026-08-14 16:31:40,ROI_RESIZED,1,478,265,278,673,351,9.95
2026-08-14 16:31:40,ROI_RESIZED,1,478,265,284,673,351,10.13
2026-08-14 16:31:40,ROI_RESIZED,1,478,272,279,673,351,10.13
2026-08-14 16:31:40,ROI_RESIZED,1,478,263,276,673,351,10.13
2026-08-14 16:31:40,ROI_RESIZED,1,478,260,276,673,351,10.13
2026-08-14 16:31:40,ROI_RESIZED,1,478,260,275,673,351,10.13
2026-08-14 16:31:40,ROI_RESIZED,1,478,259,273,673,351,10.13
2026-08-14 16:31:40,ROI_RESIZED,1,478,260,272,673,351,10.13
2026-08-14 16:31:41,ROI_RESIZED,1,478,278,272,673,351,10.13
2026-08-14 16:31:41,ROI_RESIZED,1,478,275,282,673,351,10.13
2026-08-14 16:31:41,ROI_RESIZED,1,478,272,284,673,351,10.13
2026-08-14 16:31:41,ROI_RESIZED,1,478,266,280,673,351,9.91
2026-08-14 16:31:41,ROI_RESIZED,1,478,276,282,673,351,9.91
2026-08-14 16:31:41,ROI_RESIZED,1,478,264,283,673,351,9.91
2026-08-14 16:31:41,ROI_RESIZED,1,478,268,283,673,351,9.91
2026-08-14 16:31:41,ROI_RESIZED,1,478,268,276,673,351,9.91
2026-08-14 16:31:41,ROI_RESIZED,1,478,267,278,673,351,9.91
2026-08-14 16:31:41,ROI_RESIZED,1,478,265,278,673,351,9.91
2026-08-14 16:31:42,ROI_RESIZED,1,478,263,279,673,351,9.91
2026-08-14 16:31:42,ROI_RESIZED,1,478,264,276,673,351,9.91
2026-08-14 16:31:42,ROI_RESIZED,1,478,263,267,673,351,9.91
2026-08-14 16:31:42,ROI_RESIZED,1,478,261,269,673,351,9.91
2026-08-14 16:31:42,ROI_RESIZED,1,478,259,264,673,351,10.11
2026-08-14 16:31:42,ROI_RESIZED,1,478,262,266,673,351,10.11
2026-08-14 16:31:42,ROI_RESIZED,1,478,261,268,673,351,10.11
2026-08-14 16:31:42,ROI_RESIZED,1,478,261,277,673,351,10.11
2026-08-14 16:31:42,ROI_RESIZED,1,478,265,282,673,351,10.11
2026-08-14 16:31:42,ROI_RESIZED,1,478,257,283,673,351,10.11
2026-08-14 16:31:43,ROI_RESIZED,1,478,266,286,673,351,10.11
2026-08-14 16:31:43,ROI_RESIZED,1,478,265,285,673,351,10.11
2026-08-14 16:31:43,ROI_RESIZED,1,478,264,287,673,351,10.11
2026-08-14 16:31:43,ROI_RESIZED,1,478,273,288,673,351,10.11
2026-08-14 16:31:43,ROI_RESIZED,1,478,273,291,673,351,9.87
2026-08-14 16:31:43,ROI_RESIZED,1,478,271,287,673,351,9.87
2026-08-14 16:31:43,ROI_RESIZED,1,478,266,284,673,351,9.87
2026-08-14 16:31:43,ROI_RESIZED,1,478,249,271,673,351,9.87
2026-08-14 16:31:43,ROI_RESIZED,1,478,240,236,673,351,9.87
2026-08-14 16:31:43,ROI_RESIZED,1,478,258,251,673,351,9.87
2026-08-14 16:31:44,ROI_RESIZED,1,478,257,266,673,351,9.87
2026-08-14 16:31:44,ROI_RESIZED,1,478,252,258,673,351,9.87
2026-08-14 16:31:44,ROI_RESIZED,1,478,251,264,673,351,9.87
2026-08-14 16:31:44,ROI_RESIZED,1,478,252,264,673,351,9.87
2026-08-14 16:31:44,ROI_RESIZED,1,478,249,272,673,351,9.87
2026-08-14 16:31:44,ROI_RESIZED,1,478,249,272,673,351,10.17
2026-08-14 16:31:44,ROI_RESIZED,1,478,253,271,673,351,10.17
2026-08-14 16:31:44,ROI_RESIZED,1,478,258,278,673,351,10.17
2026-08-14 16:31:44,ROI_RESIZED,1,478,261,279,673,351,10.17
2026-08-14 16:31:44,ROI_RESIZED,1,478,256,281,673,351,10.17
2026-08-14 16:31:45,ROI_RESIZED,1,478,259,280,673,351,10.17
2026-08-14 16:31:45,ROI_RESIZED,1,478,255,283,673,351,10.17
2026-08-14 16:31:45,ROI_RESIZED,1,478,264,289,673,351,10.17
2026-08-14 16:31:45,ROI_RESIZED,1,478,260,287,673,351,10.17
2026-08-14 16:31:45,ROI_RESIZED,1,478,258,288,673,351,10.17
2026-08-14 16:31:45,ROI_RESIZED,1,478,257,287,673,351,9.88
2026-08-14 16:31:45,ROI_RESIZED,1,478,262,287,673,351,9.88
2026-08-14 16:31:45,ROI_RESIZED,1,478,256,286,673,351,9.88
2026-08-14 16:31:45,ROI_RESIZED,1,478,255,285,673,351,9.88
2026-08-14 16:31:45,ROI_RESIZED,1,478,252,285,673,351,9.88
2026-08-14 16:31:46,ROI_RESIZED,1,478,254,287,673,351,9.88
2026-08-14 16:31:46,ROI_RESIZED,1,478,254,287,673,351,9.88
2026-08-14 16:31:46,ROI_RESIZED,1,478,254,285,673,351,9.88
2026-08-14 16:31:46,ROI_RESIZED,1,478,254,287,673,351,9.88
2026-08-14 16:31:46,ROI_RESIZED,1,478,254,288,673,351,9.88
2026-08-14 16:31:46,ROI_RESIZED,1,478,253,285,673,351,9.88
2026-08-14 16:31:46,ROI_RESIZED,1,478,254,286,673,351,10.15
2026-08-14 16:31:46,ROI_RESIZED,1,478,254,284,673,351,10.15
2026-08-14 16:31:46,ROI_RESIZED,1,478,254,284,673,351,10.15
2026-08-14 16:31:46,ROI_RESIZED,1,478,255,286,673,351,10.15
2026-08-14 16:31:47,ROI_RESIZED,1,478,254,286,673,351,10.15
2026-08-14 16:31:47,ROI_RESIZED,1,478,257,285,673,351,10.15
2026-08-14 16:31:47,ROI_RESIZED,1,478,257,285,673,351,10.15
2026-08-14 16:31:47,ROI_RESIZED,1,478,255,284,673,351,10.15
2026-08-14 16:31:47,ROI_RESIZED,1,478,253,283,673,351,10.15
2026-08-14 16:31:47,ROI_RESIZED,1,478,252,282,673,351,10.15
2026-08-14 16:31:47,ROI_RESIZED,1,478,251,281,673,351,10.15
2026-08-14 16:31:47,ROI_RESIZED,1,478,255,284,673,351,9.96
2026-08-14 16:31:47,ROI_RESIZED,1,478,255,284,673,351,9.96
2026-08-14 16:31:47,ROI_RESIZED,1,478,254,284,673,351,9.96
2026-08-14 16:31:48,ROI_RESIZED,1,478,256,284,673,351,9.96
2026-08-14 16:31:48,ROI_RESIZED,1,478,255,282,673,351,9.96
2026-08-14 16:31:48,ROI_RESIZED,1,478,256,281,673,351,9.96
2026-08-14 16:31:48,ROI_RESIZED,1,478,257,280,673,351,9.96
2026-08-14 16:31:48,ROI_RESIZED,1,478,255,280,673,351,9.96
2026-08-14 16:31:48,ROI_RESIZED,1,478,256,281,673,351,9.96
2026-08-14 16:31:48,ROI_RESIZED,1,478,257,283,673,351,9.96
2026-08-14 16:31:48,ROI_RESIZED,1,478,256,285,673,351,9.96
2026-08-14 16:31:48,ROI_RESIZED,1,478,260,288,673,351,10.12
2026-08-14 16:31:48,ROI_RESIZED,1,478,263,289,673,351,10.12
2026-08-14 16:31:49,ROI_RESIZED,1,478,260,284,673,351,10.12
2026-08-14 16:31:49,ROI_RESIZED,1,478,259,284,673,351,10.12
2026-08-14 16:31:49,ROI_RESIZED,1,478,259,287,673,351,10.12
2026-08-14 16:31:49,ROI_RESIZED,1,478,256,286,673,351,10.12
2026-08-14 16:31:49,ROI_RESIZED,1,478,255,285,673,351,10.12
2026-08-14 16:31:49,ROI_RESIZED,1,478,256,287,673,351,10.12
2026-08-14 16:31:49,ROI_RESIZED,1,478,258,288,673,351,10.12
2026-08-14 16:31:49,ROI_RESIZED,1,478,257,279,673,351,10.12
2026-08-14 16:31:49,ROI_RESIZED,1,478,252,270,673,351,9.94
2026-08-14 16:31:49,ROI_RESIZED,1,478,251,266,673,351,9.94
2026-08-14 16:31:50,ROI_RESIZED,1,478,257,272,673,351,9.94
2026-08-14 16:31:50,ROI_RESIZED,1,478,258,270,673,351,9.94
2026-08-14 16:31:50,ROI_RESIZED,1,478,258,280,673,351,9.94
2026-08-14 16:31:50,ROI_RESIZED,1,478,261,287,673,351,9.94
2026-08-14 16:31:50,ROI_RESIZED,1,478,259,288,673,351,9.94
2026-08-14 16:31:50,ROI_RESIZED,1,478,254,286,673,351,9.94
2026-08-14 16:31:50,ROI_RESIZED,1,478,254,285,673,351,9.94
2026-08-14 16:31:50,ROI_RESIZED,1,478,256,285,673,351,9.94
2026-08-14 16:31:50,ROI_RESIZED,1,478,255,284,673,351,9.94
2026-08-14 16:31:50,ROI_RESIZED,1,478,253,283,673,351,10.08
2026-08-14 16:31:51,ROI_RESIZED,1,478,249,281,673,351,10.08
2026-08-14 16:31:51,ROI_RESIZED,1,478,249,283,673,351,10.08
2026-08-14 16:31:51,ROI_RESIZED,1,478,249,284,673,351,10.08
2026-08-14 16:31:51,ROI_RESIZED,1,478,250,285,673,351,10.08
2026-08-14 16:31:51,ROI_RESIZED,1,478,251,283,673,351,10.08
2026-08-14 16:31:51,ROI_RESIZED,1,478,252,283,673,351,10.08
2026-08-14 16:31:51,ROI_RESIZED,1,478,251,282,673,351,10.08
2026-08-14 16:31:51,FULL_FRAME,0,0,0,0,673,351,10.08
2026-08-14 16:31:51,FULL_FRAME,1,478,249,285,673,351,10.08
2026-08-14 16:31:51,FULL_FRAME,1,478,251,289,673,351,9.96
2026-08-14 16:31:52,FULL_FRAME,1,478,251,289,673,351,9.96
2026-08-14 16:31:52,FULL_FRAME,1,478,251,290,673,351,9.96
2026-08-14 16:31:52,FULL_FRAME,1,478,252,293,673,351,9.96
2026-08-14 16:31:52,FULL_FRAME,1,478,252,293,673,351,9.96
2026-08-14 16:31:52,FULL_FRAME,1,478,250,292,673,351,9.96
2026-08-14 16:31:52,FULL_FRAME,1,478,249,290,673,351,9.96
2026-08-14 16:31:52,FULL_FRAME,1,478,249,288,673,351,9.96
2026-08-14 16:31:52,FULL_FRAME,1,478,251,286,673,351,9.96
2026-08-14 16:31:52,FULL_FRAME,1,478,254,287,673,351,9.96
2026-08-14 16:31:52,FULL_FRAME,1,478,254,290,673,351,9.96
2026-08-14 16:31:53,FULL_FRAME,1,478,249,288,673,351,10.06
2026-08-14 16:31:53,FULL_FRAME,1,478,243,284,673,351,10.06
2026-08-14 16:31:53,FULL_FRAME,1,478,252,284,673,351,10.06
2026-08-14 16:31:53,FULL_FRAME,1,478,257,288,673,351,10.06
2026-08-14 16:31:53,FULL_FRAME,1,478,249,288,673,351,10.06
2026-08-14 16:31:53,FULL_FRAME,1,478,246,282,673,351,10.06
2026-08-14 16:31:53,FULL_FRAME,1,478,239,280,673,351,10.06
2026-08-14 16:31:53,FULL_FRAME,1,478,244,276,673,351,10.06
2026-08-14 16:31:53,FULL_FRAME,1,478,242,275,673,351,10.06
2026-08-14 16:31:53,FULL_FRAME,1,478,246,275,673,351,10.06
2026-08-14 16:31:54,FULL_FRAME,1,478,248,275,673,351,9.94
2026-08-14 16:31:54,FULL_FRAME,1,478,257,279,673,351,9.94
2026-08-14 16:31:54,FULL_FRAME,1,478,254,282,673,351,9.94
2026-08-14 16:31:54,FULL_FRAME,1,478,250,275,673,351,9.94
2026-08-14 16:31:54,FULL_FRAME,1,478,257,278,673,351,9.94
2026-08-14 16:31:54,FULL_FRAME,1,478,256,285,673,351,9.94
2026-08-14 16:31:54,FULL_FRAME,1,478,247,285,673,351,9.94
2026-08-14 16:31:54,FULL_FRAME,1,478,251,286,673,351,9.94
2026-08-14 16:31:54,FULL_FRAME,1,478,248,284,673,351,9.94
2026-08-14 16:31:54,FULL_FRAME,1,478,247,284,673,351,9.94
2026-08-14 16:31:55,FULL_FRAME,1,478,247,285,673,351,9.94
2026-08-14 16:31:55,FULL_FRAME,1,478,247,286,673,351,10.06
2026-08-14 16:31:55,FULL_FRAME,1,478,246,287,673,351,10.06
2026-08-14 16:31:55,FULL_FRAME,1,478,248,287,673,351,10.06
2026-08-14 16:31:55,FULL_FRAME,1,478,247,287,673,351,10.06
2026-08-14 16:31:55,FULL_FRAME,1,478,247,288,673,351,10.06
2026-08-14 16:31:55,FULL_FRAME,1,478,247,287,673,351,10.06
2026-08-14 16:31:55,FULL_FRAME,1,478,246,287,673,351,10.06
2026-08-14 16:31:55,FULL_FRAME,1,478,248,288,673,351,10.06
2026-08-14 16:31:55,FULL_FRAME,1,478,248,287,673,351,10.06
2026-08-14 16:31:56,FULL_FRAME,1,478,248,286,673,351,10.06
2026-08-14 16:31:56,FULL_FRAME,1,478,251,286,673,351,10.06
2026-08-14 16:31:56,FULL_FRAME,1,478,248,286,673,351,10.02
2026-08-14 16:31:56,FULL_FRAME,1,478,247,283,673,351,10.02
2026-08-14 16:31:56,FULL_FRAME,1,478,248,283,673,351,10.02
2026-08-14 16:31:56,FULL_FRAME,1,478,247,285,673,351,10.02
2026-08-14 16:31:56,FULL_FRAME,1,478,249,284,673,351,10.02
2026-08-14 16:31:56,FULL_FRAME,1,478,248,285,673,351,10.02
2026-08-14 16:31:56,FULL_FRAME,1,478,249,283,673,351,10.02
2026-08-14 16:31:56,FULL_FRAME,1,478,248,284,673,351,10.02
2026-08-14 16:31:57,FULL_FRAME,1,478,248,285,673,351,10.02
2026-08-14 16:31:57,FULL_FRAME,1,478,248,285,673,351,10.02
2026-08-14 16:31:57,FULL_FRAME,1,478,248,285,673,351,10.02
2026-08-14 16:31:57,FULL_FRAME,1,478,246,285,673,351,10.16
2026-08-14 16:31:57,FULL_FRAME,1,478,246,285,673,351,10.16
2026-08-14 16:31:57,FULL_FRAME,1,478,246,285,673,351,10.16
2026-08-14 16:31:57,FULL_FRAME,1,478,248,286,673,351,10.16
2026-08-14 16:31:57,FULL_FRAME,1,478,247,284,673,351,10.16
2026-08-14 16:31:57,FULL_FRAME,1,478,247,281,673,351,10.16
2026-08-14 16:31:57,FULL_FRAME,1,478,265,279,673,351,10.16
2026-08-14 16:31:58,FULL_FRAME,1,478,263,284,673,351,10.16
2026-08-14 16:31:58,FULL_FRAME,1,478,266,288,673,351,10.16
2026-08-14 16:31:58,FULL_FRAME,1,478,270,288,673,351,10.16
2026-08-14 16:31:58,FULL_FRAME,1,478,261,291,673,351,9.85
2026-08-14 16:31:58,FULL_FRAME,1,478,266,296,673,351,9.85
2026-08-14 16:31:58,FULL_FRAME,1,478,268,298,673,351,9.85
2026-08-14 16:31:58,FULL_FRAME,1,478,262,299,673,351,9.85
2026-08-14 16:31:58,FULL_FRAME,1,478,254,298,673,351,9.85
2026-08-14 16:31:58,FULL_FRAME,1,478,278,308,673,351,9.85
2026-08-14 16:31:58,FULL_FRAME,0,0,0,0,673,351,9.85
2026-08-14 16:31:59,FULL_FRAME,1,478,235,124,673,351,9.85
2026-08-14 16:31:59,FULL_FRAME,0,0,0,0,673,351,9.85
2026-08-14 16:31:59,FULL_FRAME,1,478,260,281,673,351,9.85
2026-08-14 16:31:59,FULL_FRAME,1,478,268,296,673,351,9.85
2026-08-14 16:31:59,FULL_FRAME,1,478,268,299,673,351,10.13
2026-08-14 16:31:59,FULL_FRAME,1,478,273,301,673,351,10.13
2026-08-14 16:31:59,FULL_FRAME,1,478,271,304,673,351,10.13
2026-08-14 16:31:59,FULL_FRAME,1,478,276,305,673,351,10.13
2026-08-14 16:31:59,FULL_FRAME,1,478,281,306,673,351,10.13
2026-08-14 16:31:59,FULL_FRAME,1,478,281,305,673,351,10.13
2026-08-14 16:32:00,FULL_FRAME,1,478,265,299,673,351,10.13
2026-08-14 16:32:00,FULL_FRAME,1,478,248,291,673,351,10.13
2026-08-14 16:32:00,FULL_FRAME,1,478,247,280,673,351,10.13
2026-08-14 16:32:00,FULL_FRAME,1,478,249,275,673,351,10.13
2026-08-14 16:32:00,FULL_FRAME,1,478,243,266,673,351,9.86
2026-08-14 16:32:00,FULL_FRAME,1,478,242,266,673,351,9.86
2026-08-14 16:32:00,FULL_FRAME,1,478,244,266,673,351,9.86
2026-08-14 16:32:00,FULL_FRAME,1,478,243,270,673,351,9.86
2026-08-14 16:32:00,FULL_FRAME,1,478,243,276,673,351,9.86
2026-08-14 16:32:00,FULL_FRAME,1,478,247,284,673,351,9.86
2026-08-14 16:32:01,FULL_FRAME,1,478,247,278,673,351,9.86
2026-08-14 16:32:01,FULL_FRAME,1,478,246,276,673,351,9.86
2026-08-14 16:32:01,FULL_FRAME,1,478,244,277,673,351,9.86
2026-08-14 16:32:01,FULL_FRAME,1,478,240,273,673,351,9.86
2026-08-14 16:32:01,FULL_FRAME,1,478,239,271,673,351,9.86
2026-08-14 16:32:01,FULL_FRAME,1,478,237,271,673,351,10.17
2026-08-14 16:32:01,FULL_FRAME,1,478,239,270,673,351,10.17
2026-08-14 16:32:01,FULL_FRAME,1,478,238,272,673,351,10.17
2026-08-14 16:32:01,FULL_FRAME,1,478,239,272,673,351,10.17
2026-08-14 16:32:01,FULL_FRAME,1,478,242,276,673,351,10.17
2026-08-14 16:32:01,FULL_FRAME,1,478,241,276,673,351,10.17
2026-08-14 16:32:02,FULL_FRAME,1,478,245,276,673,351,10.17
2026-08-14 16:32:02,FULL_FRAME,1,478,245,276,673,351,10.17
2026-08-14 16:32:02,FULL_FRAME,1,478,249,279,673,351,10.17
2026-08-14 16:32:02,FULL_FRAME,1,478,250,279,673,351,10.17
2026-08-14 16:32:02,FULL_FRAME,1,478,247,277,673,351,9.93
2026-08-14 16:32:02,FULL_FRAME,1,478,245,280,673,351,9.93
2026-08-14 16:32:02,FULL_FRAME,1,478,253,280,673,351,9.93
2026-08-14 16:32:02,FULL_FRAME,1,478,259,280,673,351,9.93
2026-08-14 16:32:02,FULL_FRAME,1,478,253,277,673,351,9.93
2026-08-14 16:32:03,FULL_FRAME,1,478,253,277,673,351,9.93
2026-08-14 16:32:03,FULL_FRAME,1,478,251,277,673,351,9.93
2026-08-14 16:32:03,FULL_FRAME,1,478,246,277,673,351,9.93
2026-08-14 16:32:03,FULL_FRAME,1,478,244,279,673,351,9.93
2026-08-14 16:32:03,FULL_FRAME,1,478,244,281,673,351,9.93
2026-08-14 16:32:03,FULL_FRAME,1,478,244,279,673,351,10.0
2026-08-14 16:32:03,FULL_FRAME,1,478,246,279,673,351,10.0
2026-08-14 16:32:03,FULL_FRAME,1,478,242,279,673,351,10.0
2026-08-14 16:32:03,FULL_FRAME,1,478,255,282,673,351,10.0
2026-08-14 16:32:03,FULL_FRAME,1,478,248,287,673,351,10.0
2026-08-14 16:32:04,FULL_FRAME,1,478,253,288,673,351,10.0
2026-08-14 16:32:04,FULL_FRAME,1,478,270,289,673,351,10.0
2026-08-14 16:32:04,FULL_FRAME,1,478,273,293,673,351,10.0
2026-08-14 16:32:04,FULL_FRAME,1,478,271,299,673,351,10.0
2026-08-14 16:32:04,FULL_FRAME,1,478,264,307,673,351,10.0
2026-08-14 16:32:04,FULL_FRAME,1,478,257,294,673,351,10.0
2026-08-14 16:32:04,FULL_FRAME,1,478,249,287,673,351,10.15
2026-08-14 16:32:04,FULL_FRAME,1,478,249,285,673,351,10.15
2026-08-14 16:32:04,FULL_FRAME,1,478,254,284,673,351,10.15
2026-08-14 16:32:04,FULL_FRAME,1,478,251,284,673,351,10.15
2026-08-14 16:32:04,FULL_FRAME,1,478,248,285,673,351,10.15
2026-08-14 16:32:05,FULL_FRAME,1,478,243,284,673,351,10.15
2026-08-14 16:32:05,FULL_FRAME,1,478,252,283,673,351,10.15
2026-08-14 16:32:05,FULL_FRAME,1,478,250,280,673,351,10.15
2026-08-14 16:32:05,FULL_FRAME,1,478,249,278,673,351,10.15
2026-08-14 16:32:05,FULL_FRAME,1,478,250,279,673,351,10.15
2026-08-14 16:32:05,FULL_FRAME,1,478,247,276,673,351,9.9
2026-08-14 16:32:05,FULL_FRAME,1,478,247,278,673,351,9.9
2026-08-14 16:32:05,FULL_FRAME,1,478,246,278,673,351,9.9
2026-08-14 16:32:05,FULL_FRAME,1,478,236,276,673,351,9.9
2026-08-14 16:32:05,FULL_FRAME,1,478,240,277,673,351,9.9
2026-08-14 16:32:06,FULL_FRAME,1,478,249,284,673,351,9.9
2026-08-14 16:32:06,FULL_FRAME,1,478,251,288,673,351,9.9
2026-08-14 16:32:06,FULL_FRAME,1,478,257,285,673,351,9.9
2026-08-14 16:32:06,FULL_FRAME,1,478,250,286,673,351,9.9
2026-08-14 16:32:06,FULL_FRAME,1,478,247,285,673,351,9.9
2026-08-14 16:32:06,FULL_FRAME,1,478,247,288,673,351,9.9
2026-08-14 16:32:06,FULL_FRAME,1,478,247,287,673,351,10.15
2026-08-14 16:32:06,FULL_FRAME,1,478,244,288,673,351,10.15
2026-08-14 16:32:06,FULL_FRAME,1,478,245,287,673,351,10.15
2026-08-14 16:32:06,FULL_FRAME,1,478,245,286,673,351,10.15
2026-08-14 16:32:07,FULL_FRAME,1,478,245,287,673,351,10.15
2026-08-14 16:32:07,FULL_FRAME,1,478,245,288,673,351,10.15
2026-08-14 16:32:07,FULL_FRAME,1,478,245,286,673,351,10.15
2026-08-14 16:32:07,FULL_FRAME,1,478,244,285,673,351,10.15
2026-08-14 16:32:07,FULL_FRAME,1,478,246,288,673,351,10.15
2026-08-14 16:32:07,FULL_FRAME,1,478,243,285,673,351,10.15
2026-08-14 16:32:07,FULL_FRAME,1,478,243,284,673,351,9.89
2026-08-14 16:32:07,FULL_FRAME,1,478,250,289,673,351,9.89
2026-08-14 16:32:07,FULL_FRAME,1,478,254,292,673,351,9.89
2026-08-14 16:32:07,FULL_FRAME,1,478,258,292,673,351,9.89
2026-08-14 16:32:08,FULL_FRAME,1,478,257,291,673,351,9.89
2026-08-14 16:32:08,FULL_FRAME,1,478,267,296,673,351,9.89
2026-08-14 16:32:08,FULL_FRAME,1,478,268,299,673,351,9.89
2026-08-14 16:32:08,FULL_FRAME,1,478,272,297,673,351,9.89
2026-08-14 16:32:08,FULL_FRAME,0,0,0,0,673,351,9.89
2026-08-14 16:32:08,FULL_FRAME,1,478,245,254,673,351,9.89
2026-08-14 16:32:08,FULL_FRAME,1,478,263,276,673,351,9.89
2026-08-14 16:32:08,FULL_FRAME,1,478,274,293,673,351,10.16
2026-08-14 16:32:08,FULL_FRAME,1,478,270,297,673,351,10.16
2026-08-14 16:32:08,FULL_FRAME,1,478,288,299,673,351,10.16
2026-08-14 16:32:09,FULL_FRAME,1,478,268,295,673,351,10.16
2026-08-14 16:32:09,FULL_FRAME,1,478,251,288,673,351,10.16
2026-08-14 16:32:09,FULL_FRAME,1,478,248,284,673,351,10.16
2026-08-14 16:32:09,FULL_FRAME,1,478,248,287,673,351,10.16
2026-08-14 16:32:09,FULL_FRAME,1,478,246,287,673,351,10.16
2026-08-14 16:32:09,FULL_FRAME,1,478,251,285,673,351,10.16
2026-08-14 16:32:09,FULL_FRAME,1,478,264,288,673,351,10.16
2026-08-14 16:32:09,FULL_FRAME,1,478,263,290,673,351,9.89
2026-08-14 16:32:09,FULL_FRAME,1,478,260,291,673,351,9.89
2026-08-14 16:32:09,FULL_FRAME,1,478,260,292,673,351,9.89
2026-08-14 16:32:10,FULL_FRAME,1,478,253,293,673,351,9.89
2026-08-14 16:32:10,FULL_FRAME,1,478,251,290,673,351,9.89
2026-08-14 16:32:10,FULL_FRAME,1,478,249,291,673,351,9.89
2026-08-14 16:32:10,FULL_FRAME,1,478,246,290,673,351,9.89
2026-08-14 16:32:10,FULL_FRAME,1,478,247,284,673,351,9.89
2026-08-14 16:32:10,FULL_FRAME,1,478,242,283,673,351,9.89
2026-08-14 16:32:10,FULL_FRAME,1,478,248,286,673,351,9.89
2026-08-14 16:32:10,FULL_FRAME,1,478,246,290,673,351,9.89
2026-08-14 16:32:10,FULL_FRAME,1,478,246,289,673,351,10.15
2026-08-14 16:32:10,FULL_FRAME,1,478,245,289,673,351,10.15
2026-08-14 16:32:11,FULL_FRAME,1,478,251,289,673,351,10.15
2026-08-14 16:32:11,FULL_FRAME,1,478,245,282,673,351,10.15
2026-08-14 16:32:11,FULL_FRAME,1,478,239,279,673,351,10.15
2026-08-14 16:32:11,FULL_FRAME,1,478,247,283,673,351,10.15
2026-08-14 16:32:11,FULL_FRAME,1,478,242,285,673,351,10.15
2026-08-14 16:32:11,FULL_FRAME,1,478,246,285,673,351,10.15
2026-08-14 16:32:11,FULL_FRAME,1,478,244,287,673,351,10.15
2026-08-14 16:32:11,FULL_FRAME,1,478,244,290,673,351,10.15
2026-08-14 16:32:11,FULL_FRAME,1,478,246,289,673,351,9.84
2026-08-14 16:32:11,FULL_FRAME,1,478,255,288,673,351,9.84
2026-08-14 16:32:12,FULL_FRAME,1,478,263,288,673,351,9.84
2026-08-14 16:32:12,FULL_FRAME,1,478,276,293,673,351,9.84
2026-08-14 16:32:12,FULL_FRAME,1,478,270,294,673,351,9.84
2026-08-14 16:32:12,FULL_FRAME,1,478,273,291,673,351,9.84
2026-08-14 16:32:12,FULL_FRAME,1,478,270,296,673,351,9.84
2026-08-14 16:32:12,FULL_FRAME,1,478,263,302,673,351,9.84
2026-08-14 16:32:12,FULL_FRAME,1,478,268,291,673,351,9.84
2026-08-14 16:32:12,FULL_FRAME,1,478,252,283,673,351,9.84
2026-08-14 16:32:12,FULL_FRAME,1,478,252,294,673,351,9.84
2026-08-14 16:32:12,FULL_FRAME,1,478,246,296,673,351,10.17
2026-08-14 16:32:13,FULL_FRAME,1,478,250,294,673,351,10.17
2026-08-14 16:32:13,FULL_FRAME,1,478,249,294,673,351,10.17
2026-08-14 16:32:13,FULL_FRAME,1,478,248,293,673,351,10.17
2026-08-14 16:32:13,FULL_FRAME,1,478,244,291,673,351,10.17
2026-08-14 16:32:13,FULL_FRAME,1,478,241,291,673,351,10.17
2026-08-14 16:32:13,FULL_FRAME,1,478,244,289,673,351,10.17
2026-08-14 16:32:13,FULL_FRAME,1,478,257,285,673,351,10.17
2026-08-14 16:32:13,FULL_FRAME,1,478,252,280,673,351,10.17
2026-08-14 16:32:13,FULL_FRAME,1,478,269,286,673,351,10.17
2026-08-14 16:32:13,FULL_FRAME,1,478,262,288,673,351,9.92
2026-08-14 16:32:14,FULL_FRAME,1,478,258,291,673,351,9.92
2026-08-14 16:32:14,FULL_FRAME,1,478,252,290,673,351,9.92
2026-08-14 16:32:14,FULL_FRAME,1,478,252,288,673,351,9.92
2026-08-14 16:32:14,FULL_FRAME,1,478,254,288,673,351,9.92
2026-08-14 16:32:14,FULL_FRAME,1,478,252,289,673,351,9.92
2026-08-14 16:32:14,FULL_FRAME,1,478,248,291,673,351,9.92
2026-08-14 16:32:14,FULL_FRAME,1,478,250,292,673,351,9.92
2026-08-14 16:32:14,FULL_FRAME,1,478,250,292,673,351,9.92
2026-08-14 16:32:14,FULL_FRAME,1,478,245,292,673,351,9.92
2026-08-14 16:32:14,FULL_FRAME,1,478,257,299,673,351,9.92
2026-08-14 16:32:15,FULL_FRAME,1,478,265,302,673,351,10.11
2026-08-14 16:32:15,FULL_FRAME,1,478,265,301,673,351,10.11
2026-08-14 16:32:15,FULL_FRAME,1,478,258,301,673,351,10.11
2026-08-14 16:32:15,FULL_FRAME,1,478,257,297,673,351,10.11
2026-08-14 16:32:15,FULL_FRAME,1,478,255,294,673,351,10.11
2026-08-14 16:32:15,FULL_FRAME,1,478,256,296,673,351,10.11
2026-08-14 16:32:15,FULL_FRAME,1,478,256,295,673,351,10.11
2026-08-14 16:32:15,FULL_FRAME,1,478,256,293,673,351,10.11
2026-08-14 16:32:15,FULL_FRAME,1,478,259,297,673,351,10.11
2026-08-14 16:32:15,FULL_FRAME,1,478,254,297,673,351,10.11
2026-08-14 16:32:16,FULL_FRAME,1,478,255,299,673,351,9.88
2026-08-14 16:32:16,FULL_FRAME,1,478,255,296,673,351,9.88
2026-08-14 16:32:16,FULL_FRAME,1,478,256,295,673,351,9.88
2026-08-14 16:32:16,FULL_FRAME,1,478,257,296,673,351,9.88
2026-08-14 16:32:16,FULL_FRAME,1,478,255,299,673,351,9.88
2026-08-14 16:32:16,FULL_FRAME,1,478,262,301,673,351,9.88
2026-08-14 16:32:16,FULL_FRAME,1,478,263,302,673,351,9.88
2026-08-14 16:32:16,FULL_FRAME,1,478,259,298,673,351,9.88
2026-08-14 16:32:16,FULL_FRAME,1,478,251,291,673,351,9.88
2026-08-14 16:32:16,FULL_FRAME,1,478,246,290,673,351,9.88
2026-08-14 16:32:17,FULL_FRAME,1,478,253,293,673,351,9.88
2026-08-14 16:32:17,FULL_FRAME,1,478,260,294,673,351,10.14
2026-08-14 16:32:17,FULL_FRAME,1,478,262,295,673,351,10.14
2026-08-14 16:32:17,FULL_FRAME,1,478,263,299,673,351,10.14
2026-08-14 16:32:17,FULL_FRAME,1,478,262,302,673,351,10.14
2026-08-14 16:32:17,FULL_FRAME,1,478,266,303,673,351,10.14
2026-08-14 16:32:17,FULL_FRAME,1,478,270,306,673,351,10.14
2026-08-14 16:32:17,FULL_FRAME,1,478,270,307,673,351,10.14
2026-08-14 16:32:17,FULL_FRAME,1,478,278,306,673,351,10.14
2026-08-14 16:32:17,FULL_FRAME,1,478,272,306,673,351,10.14
2026-08-14 16:32:18,FULL_FRAME,1,478,265,306,673,351,10.14
2026-08-14 16:32:18,FULL_FRAME,1,478,263,301,673,351,10.14
2026-08-14 16:32:18,FULL_FRAME,1,478,259,303,673,351,9.95
2026-08-14 16:32:18,FULL_FRAME,1,478,256,301,673,351,9.95
2026-08-14 16:32:18,FULL_FRAME,1,478,257,299,673,351,9.95
2026-08-14 16:32:18,FULL_FRAME,1,478,257,298,673,351,9.95
2026-08-14 16:32:18,FULL_FRAME,1,478,262,297,673,351,9.95
2026-08-14 16:32:18,FULL_FRAME,1,478,260,301,673,351,9.95
2026-08-14 16:32:18,FULL_FRAME,1,478,255,300,673,351,9.95
2026-08-14 16:32:18,FULL_FRAME,1,478,252,296,673,351,9.95
2026-08-14 16:32:19,FULL_FRAME,1,478,250,296,673,351,9.95
2026-08-14 16:32:19,FULL_FRAME,1,478,248,291,673,351,9.95
2026-08-14 16:32:19,FULL_FRAME,1,478,249,292,673,351,9.95
2026-08-14 16:32:19,FULL_FRAME,1,478,248,289,673,351,10.14
2026-08-14 16:32:19,FULL_FRAME,1,478,237,283,673,351,10.14
2026-08-14 16:32:19,FULL_FRAME,1,478,239,274,673,351,10.14
2026-08-14 16:32:19,FULL_FRAME,1,478,256,288,673,351,10.14
2026-08-14 16:32:19,FULL_FRAME,1,478,250,296,673,351,10.14
2026-08-14 16:32:19,FULL_FRAME,1,478,240,292,673,351,10.14
2026-08-14 16:32:19,FULL_FRAME,1,478,264,292,673,351,10.14
2026-08-14 16:32:20,FULL_FRAME,1,478,267,295,673,351,10.14
2026-08-14 16:32:20,FULL_FRAME,1,478,266,294,673,351,10.14
2026-08-14 16:32:20,FULL_FRAME,1,478,242,291,673,351,10.14
2026-08-14 16:32:20,FULL_FRAME,1,478,251,290,673,351,9.92
2026-08-14 16:32:20,FULL_FRAME,1,478,266,294,673,351,9.92
2026-08-14 16:32:20,FULL_FRAME,1,478,269,293,673,351,9.92
2026-08-14 16:32:20,FULL_FRAME,1,478,267,297,673,351,9.92
2026-08-14 16:32:20,FULL_FRAME,1,478,269,300,673,351,9.92
2026-08-14 16:32:20,FULL_FRAME,1,478,269,299,673,351,9.92
2026-08-14 16:32:20,FULL_FRAME,1,478,267,297,673,351,9.92
2026-08-14 16:32:21,FULL_FRAME,1,478,264,296,673,351,9.92
2026-08-14 16:32:21,FULL_FRAME,1,478,286,296,673,351,9.92
2026-08-14 16:32:21,FULL_FRAME,1,478,291,296,673,351,9.92
2026-08-14 16:32:21,FULL_FRAME,1,478,245,294,673,351,9.92
2026-08-14 16:32:21,FULL_FRAME,1,478,242,288,673,351,10.11
2026-08-14 16:32:21,FULL_FRAME,1,478,240,281,673,351,10.11
2026-08-14 16:32:21,FULL_FRAME,1,478,241,281,673,351,10.11
2026-08-14 16:32:21,FULL_FRAME,1,478,242,280,673,351,10.11
2026-08-14 16:32:21,FULL_FRAME,1,478,244,281,673,351,10.11
2026-08-14 16:32:21,FULL_FRAME,1,478,247,283,673,351,10.11
2026-08-14 16:32:22,FULL_FRAME,1,478,248,284,673,351,10.11
2026-08-14 16:32:22,FULL_FRAME,1,478,250,285,673,351,10.11
2026-08-14 16:32:22,FULL_FRAME,1,478,249,285,673,351,10.11
2026-08-14 16:32:22,FULL_FRAME,1,478,250,285,673,351,10.11
2026-08-14 16:32:22,FULL_FRAME,1,478,249,285,673,351,9.91
2026-08-14 16:32:22,FULL_FRAME,1,478,246,283,673,351,9.91
2026-08-14 16:32:22,FULL_FRAME,1,478,244,283,673,351,9.91
2026-08-14 16:32:22,FULL_FRAME,1,478,244,283,673,351,9.91
2026-08-14 16:32:22,FULL_FRAME,1,478,245,281,673,351,9.91
2026-08-14 16:32:22,FULL_FRAME,1,478,248,281,673,351,9.91
2026-08-14 16:32:23,FULL_FRAME,1,478,249,282,673,351,9.91
2026-08-14 16:32:23,FULL_FRAME,1,478,248,285,673,351,9.91
2026-08-14 16:32:23,FULL_FRAME,1,478,249,290,673,351,9.91
2026-08-14 16:32:23,FULL_FRAME,1,478,249,294,673,351,9.91
2026-08-14 16:32:23,FULL_FRAME,1,478,247,296,673,351,9.91
2026-08-14 16:32:23,FULL_FRAME,1,478,250,297,673,351,10.11
2026-08-14 16:32:23,FULL_FRAME,1,478,250,299,673,351,10.11
2026-08-14 16:32:23,FULL_FRAME,1,478,249,300,673,351,10.11
2026-08-14 16:32:23,FULL_FRAME,1,478,249,301,673,351,10.11
2026-08-14 16:32:23,FULL_FRAME,1,478,246,302,673,351,10.11
2026-08-14 16:32:24,FULL_FRAME,1,478,249,307,673,351,10.11
2026-08-14 16:32:24,FULL_FRAME,1,478,251,311,673,351,10.11
2026-08-14 16:32:24,FULL_FRAME,1,478,252,311,673,351,10.11
2026-08-14 16:32:24,FULL_FRAME,1,478,253,311,673,351,10.11
2026-08-14 16:32:24,FULL_FRAME,1,478,255,311,673,351,10.11
2026-08-14 16:32:24,FULL_FRAME,1,478,253,310,673,351,9.92
2026-08-14 16:32:24,FULL_FRAME,1,478,253,314,673,351,9.92
2026-08-14 16:32:24,FULL_FRAME,1,478,258,317,673,351,9.92
2026-08-14 16:32:24,FULL_FRAME,1,478,258,316,673,351,9.92
2026-08-14 16:32:24,FULL_FRAME,1,478,259,316,673,351,9.92
2026-08-14 16:32:25,FULL_FRAME,1,478,258,309,673,351,9.92
2026-08-14 16:32:25,FULL_FRAME,1,478,257,303,673,351,9.92
2026-08-14 16:32:25,FULL_FRAME,1,478,259,302,673,351,9.92
2026-08-14 16:32:25,FULL_FRAME,1,478,261,306,673,351,9.92
2026-08-14 16:32:25,FULL_FRAME,1,478,262,305,673,351,9.92
2026-08-14 16:32:25,FULL_FRAME,1,478,262,305,673,351,9.92
2026-08-14 16:32:25,FULL_FRAME,1,478,263,310,673,351,10.08
2026-08-14 16:32:25,FULL_FRAME,1,478,265,321,673,351,10.08
2026-08-14 16:32:25,FULL_FRAME,1,478,265,322,673,351,10.08
2026-08-14 16:32:25,FULL_FRAME,1,478,264,320,673,351,10.08
2026-08-14 16:32:26,FULL_FRAME,1,478,264,317,673,351,10.08
2026-08-14 16:32:26,FULL_FRAME,1,478,265,317,673,351,10.08
2026-08-14 16:32:26,FULL_FRAME,1,478,266,320,673,351,10.08
2026-08-14 16:32:26,FULL_FRAME,1,478,267,323,673,351,10.08
2026-08-14 16:32:26,FULL_FRAME,1,478,265,319,673,351,10.08
2026-08-14 16:32:26,FULL_FRAME,1,478,264,309,673,351,10.08
2026-08-14 16:32:26,FULL_FRAME,1,478,263,309,673,351,10.08
2026-08-14 16:32:26,FULL_FRAME,1,478,268,312,673,351,9.95
2026-08-14 16:32:26,FULL_FRAME,1,478,268,320,673,351,9.95
2026-08-14 16:32:26,FULL_FRAME,1,478,268,324,673,351,9.95
2026-08-14 16:32:27,FULL_FRAME,1,478,269,326,673,351,9.95
2026-08-14 16:32:27,FULL_FRAME,1,478,271,325,673,351,9.95
2026-08-14 16:32:27,FULL_FRAME,1,478,270,325,673,351,9.95
2026-08-14 16:32:27,FULL_FRAME,1,478,268,317,673,351,9.95
2026-08-14 16:32:27,FULL_FRAME,1,478,261,303,673,351,9.95
2026-08-14 16:32:27,FULL_FRAME,1,478,272,300,673,351,9.95
2026-08-14 16:32:27,FULL_FRAME,1,478,265,296,673,351,9.95
2026-08-14 16:32:27,FULL_FRAME,1,478,259,297,673,351,9.95
2026-08-14 16:32:27,FULL_FRAME,1,478,250,297,673,351,10.16
2026-08-14 16:32:27,FULL_FRAME,1,478,248,297,673,351,10.16
2026-08-14 16:32:28,FULL_FRAME,1,478,251,296,673,351,10.16
2026-08-14 16:32:28,FULL_FRAME,1,478,255,292,673,351,10.16
2026-08-14 16:32:28,FULL_FRAME,1,478,251,288,673,351,10.16
2026-08-14 16:32:28,FULL_FRAME,1,478,262,286,673,351,10.16
2026-08-14 16:32:28,FULL_FRAME,1,478,245,284,673,351,10.16
2026-08-14 16:32:28,FULL_FRAME,1,478,254,285,673,351,10.16
2026-08-14 16:32:28,FULL_FRAME,1,478,252,285,673,351,10.16
2026-08-14 16:32:28,FULL_FRAME,1,478,250,284,673,351,10.16
2026-08-14 16:32:28,FULL_FRAME,1,478,248,285,673,351,9.87
2026-08-14 16:32:28,FULL_FRAME,1,478,247,287,673,351,9.87
2026-08-14 16:32:29,FULL_FRAME,1,478,247,287,673,351,9.87
2026-08-14 16:32:29,FULL_FRAME,1,478,246,288,673,351,9.87
2026-08-14 16:32:29,FULL_FRAME,1,478,244,288,673,351,9.87
2026-08-14 16:32:29,FULL_FRAME,1,478,245,288,673,351,9.87
2026-08-14 16:32:29,FULL_FRAME,1,478,245,289,673,351,9.87
2026-08-14 16:32:29,FULL_FRAME,1,478,245,289,673,351,9.87
2026-08-14 16:32:29,FULL_FRAME,1,478,247,291,673,351,9.87
2026-08-14 16:32:29,FULL_FRAME,1,478,246,291,673,351,9.87
2026-08-14 16:32:29,FULL_FRAME,1,478,246,290,673,351,9.87
2026-08-14 16:32:29,FULL_FRAME,1,478,247,290,673,351,10.14
2026-08-14 16:32:30,FULL_FRAME,1,478,247,291,673,351,10.14
2026-08-14 16:32:30,FULL_FRAME,1,478,245,290,673,351,10.14
2026-08-14 16:32:30,FULL_FRAME,1,478,246,290,673,351,10.14
2026-08-14 16:32:30,FULL_FRAME,1,478,247,290,673,351,10.14
2026-08-14 16:32:30,FULL_FRAME,1,478,248,290,673,351,10.14
2026-08-14 16:32:30,FULL_FRAME,1,478,249,289,673,351,10.14
2026-08-14 16:32:30,FULL_FRAME,1,478,249,291,673,351,10.14
2026-08-14 16:32:30,FULL_FRAME,1,478,253,293,673,351,10.14
2026-08-14 16:32:30,FULL_FRAME,1,478,249,293,673,351,10.14
2026-08-14 16:32:30,FULL_FRAME,1,478,251,294,673,351,9.87
2026-08-14 16:32:31,FULL_FRAME,1,478,247,293,673,351,9.87
2026-08-14 16:32:31,FULL_FRAME,1,478,243,291,673,351,9.87
2026-08-14 16:32:31,FULL_FRAME,1,478,243,292,673,351,9.87
2026-08-14 16:32:31,FULL_FRAME,1,478,244,292,673,351,9.87
2026-08-14 16:32:31,FULL_FRAME,1,478,243,291,673,351,9.87
2026-08-14 16:32:31,FULL_FRAME,1,478,243,291,673,351,9.87
2026-08-14 16:32:31,FULL_FRAME,1,478,244,293,673,351,9.87
2026-08-14 16:32:31,FULL_FRAME,1,478,244,292,673,351,9.87
2026-08-14 16:32:31,FULL_FRAME,1,478,247,292,673,351,9.87
2026-08-14 16:32:31,FULL_FRAME,1,478,246,290,673,351,9.87
2026-08-14 16:32:32,FULL_FRAME,1,478,245,289,673,351,10.17
2026-08-14 16:32:32,FULL_FRAME,1,478,245,289,673,351,10.17
2026-08-14 16:32:32,FULL_FRAME,1,478,246,290,673,351,10.17
2026-08-14 16:32:32,FULL_FRAME,1,478,245,290,673,351,10.17
2026-08-14 16:32:32,FULL_FRAME,1,478,244,287,673,351,10.17
2026-08-14 16:32:32,FULL_FRAME,1,478,246,289,673,351,10.17
2026-08-14 16:32:32,FULL_FRAME,1,478,247,285,673,351,10.17
2026-08-14 16:32:32,FULL_FRAME,1,478,249,288,673,351,10.17
2026-08-14 16:32:32,FULL_FRAME,1,478,246,288,673,351,10.17
2026-08-14 16:32:32,FULL_FRAME,1,478,247,289,673,351,10.17
2026-08-14 16:32:33,FULL_FRAME,1,478,245,287,673,351,9.88
2026-08-14 16:32:33,FULL_FRAME,1,478,246,288,673,351,9.88
2026-08-14 16:32:33,FULL_FRAME,1,478,246,289,673,351,9.88
2026-08-14 16:32:33,FULL_FRAME,1,478,246,289,673,351,9.88
2026-08-14 16:32:33,FULL_FRAME,1,478,245,289,673,351,9.88
2026-08-14 16:32:33,FULL_FRAME,1,478,245,289,673,351,9.88
2026-08-14 16:32:33,FULL_FRAME,1,478,243,290,673,351,9.88
2026-08-14 16:32:33,FULL_FRAME,1,478,242,290,673,351,9.88
2026-08-14 16:32:33,FULL_FRAME,1,478,243,291,673,351,9.88
2026-08-14 16:32:33,FULL_FRAME,1,478,243,291,673,351,9.88
2026-08-14 16:32:34,FULL_FRAME,1,478,244,290,673,351,9.88
2026-08-14 16:32:34,FULL_FRAME,1,478,246,289,673,351,10.14
2026-08-14 16:32:34,FULL_FRAME,1,478,248,290,673,351,10.14
2026-08-14 16:32:34,FULL_FRAME,1,478,246,292,673,351,10.14
2026-08-14 16:32:34,FULL_FRAME,1,478,245,292,673,351,10.14
2026-08-14 16:32:34,FULL_FRAME,1,478,247,292,673,351,10.14
2026-08-14 16:32:34,FULL_FRAME,1,478,248,291,673,351,10.14
2026-08-14 16:32:34,FULL_FRAME,1,478,248,292,673,351,10.14
2026-08-14 16:32:34,FULL_FRAME,1,478,246,290,673,351,10.14
2026-08-14 16:32:34,FULL_FRAME,1,478,245,289,673,351,10.14
2026-08-14 16:32:35,FULL_FRAME,1,478,244,289,673,351,10.14
2026-08-14 16:32:35,FULL_FRAME,1,478,243,289,673,351,10.14
2026-08-14 16:32:35,FULL_FRAME,1,478,244,289,673,351,9.98
2026-08-14 16:32:35,FULL_FRAME,1,478,243,289,673,351,9.98
2026-08-14 16:32:35,FULL_FRAME,1,478,244,288,673,351,9.98
2026-08-14 16:32:35,FULL_FRAME,1,478,244,288,673,351,9.98
2026-08-14 16:32:35,FULL_FRAME,1,478,246,285,673,351,9.98
2026-08-14 16:32:35,FULL_FRAME,1,478,247,286,673,351,9.98
2026-08-14 16:32:35,FULL_FRAME,1,478,238,285,673,351,9.98
2026-08-14 16:32:35,FULL_FRAME,1,478,263,290,673,351,9.98
2026-08-14 16:32:36,FULL_FRAME,1,478,260,293,673,351,9.98
2026-08-14 16:32:36,FULL_FRAME,1,478,257,298,673,351,9.98
2026-08-14 16:32:36,FULL_FRAME,1,478,265,299,673,351,9.98
2026-08-14 16:32:36,FULL_FRAME,1,478,259,302,673,351,10.09
2026-08-14 16:32:36,FULL_FRAME,1,478,257,301,673,351,10.09
2026-08-14 16:32:36,FULL_FRAME,1,478,256,299,673,351,10.09
2026-08-14 16:32:36,FULL_FRAME,1,478,261,294,673,351,10.09
2026-08-14 16:32:36,FULL_FRAME,1,478,263,292,673,351,10.09
2026-08-14 16:32:36,FULL_FRAME,1,478,261,293,673,351,10.09
2026-08-14 16:32:36,FULL_FRAME,1,478,256,291,673,351,10.09
2026-08-14 16:32:37,FULL_FRAME,1,478,257,290,673,351,10.09
2026-08-14 16:32:37,FULL_FRAME,1,478,255,288,673,351,10.09
2026-08-14 16:32:37,FULL_FRAME,1,478,254,289,673,351,10.09
2026-08-14 16:32:37,FULL_FRAME,1,478,255,290,673,351,9.92
2026-08-14 16:32:37,FULL_FRAME,1,478,248,286,673,351,9.92
2026-08-14 16:32:37,FULL_FRAME,1,478,253,288,673,351,9.92
2026-08-14 16:32:37,FULL_FRAME,1,478,251,287,673,351,9.92
2026-08-14 16:32:37,FULL_FRAME,1,478,252,298,673,351,9.92
2026-08-14 16:32:37,FULL_FRAME,1,478,257,303,673,351,9.92
2026-08-14 16:32:37,FULL_FRAME,1,478,258,302,673,351,9.92
2026-08-14 16:32:38,FULL_FRAME,1,478,258,300,673,351,9.92
2026-08-14 16:32:38,FULL_FRAME,1,478,267,304,673,351,9.92
2026-08-14 16:32:38,FULL_FRAME,1,478,263,306,673,351,9.92
2026-08-14 16:32:38,FULL_FRAME,1,478,262,305,673,351,9.92
2026-08-14 16:32:38,FULL_FRAME,1,478,259,305,673,351,10.12
2026-08-14 16:32:38,FULL_FRAME,1,478,254,303,673,351,10.12
2026-08-14 16:32:38,FULL_FRAME,1,478,254,302,673,351,10.12
2026-08-14 16:32:38,FULL_FRAME,1,478,254,303,673,351,10.12
2026-08-14 16:32:38,FULL_FRAME,1,478,252,303,673,351,10.12
2026-08-14 16:32:38,FULL_FRAME,1,478,252,301,673,351,10.12
2026-08-14 16:32:39,FULL_FRAME,1,478,254,300,673,351,10.12
2026-08-14 16:32:39,FULL_FRAME,1,478,256,298,673,351,10.12
2026-08-14 16:32:39,FULL_FRAME,1,478,247,296,673,351,10.12
2026-08-14 16:32:39,FULL_FRAME,1,478,253,297,673,351,10.12
2026-08-14 16:32:39,FULL_FRAME,1,478,255,299,673,351,9.94
2026-08-14 16:32:39,FULL_FRAME,1,478,254,299,673,351,9.94
2026-08-14 16:32:39,FULL_FRAME,1,478,253,299,673,351,9.94
2026-08-14 16:32:39,FULL_FRAME,1,478,257,299,673,351,9.94
2026-08-14 16:32:39,FULL_FRAME,1,478,255,301,673,351,9.94
2026-08-14 16:32:39,FULL_FRAME,1,478,259,303,673,351,9.94
2026-08-14 16:32:40,FULL_FRAME,1,478,259,305,673,351,9.94
2026-08-14 16:32:40,FULL_FRAME,1,478,258,305,673,351,9.94
2026-08-14 16:32:40,FULL_FRAME,1,478,258,305,673,351,9.94
2026-08-14 16:32:40,FULL_FRAME,1,478,256,304,673,351,9.94
2026-08-14 16:32:40,FULL_FRAME,1,478,256,304,673,351,9.94
2026-08-14 16:32:40,FULL_FRAME,1,478,257,304,673,351,10.0
2026-08-14 16:32:40,FULL_FRAME,1,478,253,303,673,351,10.0
2026-08-14 16:32:40,FULL_FRAME,1,478,252,304,673,351,10.0
2026-08-14 16:32:40,FULL_FRAME,1,478,252,304,673,351,10.0
2026-08-14 16:32:40,FULL_FRAME,1,478,252,304,673,351,10.0
2026-08-14 16:32:41,FULL_FRAME,1,478,253,305,673,351,10.0
2026-08-14 16:32:41,FULL_FRAME,1,478,254,305,673,351,10.0
2026-08-14 16:32:41,FULL_FRAME,1,478,254,303,673,351,10.0
2026-08-14 16:32:41,FULL_FRAME,1,478,256,301,673,351,10.0
2026-08-14 16:32:41,FULL_FRAME,1,478,259,299,673,351,10.0
2026-08-14 16:32:41,FULL_FRAME,1,478,262,297,673,351,10.0
2026-08-14 16:32:41,FULL_FRAME,1,478,261,300,673,351,10.03
2026-08-14 16:32:41,FULL_FRAME,1,478,260,303,673,351,10.03
2026-08-14 16:32:41,FULL_FRAME,1,478,257,302,673,351,10.03
2026-08-14 16:32:41,FULL_FRAME,1,478,255,303,673,351,10.03
2026-08-14 16:32:42,FULL_FRAME,1,478,257,303,673,351,10.03
2026-08-14 16:32:42,FULL_FRAME,1,478,257,301,673,351,10.03
2026-08-14 16:32:42,FULL_FRAME,1,478,256,299,673,351,10.03
2026-08-14 16:32:42,FULL_FRAME,1,478,255,298,673,351,10.03
2026-08-14 16:32:42,FULL_FRAME,1,478,255,296,673,351,10.03
2026-08-14 16:32:42,FULL_FRAME,1,478,255,296,673,351,10.03
2026-08-14 16:32:42,FULL_FRAME,1,478,256,296,673,351,10.03
2026-08-14 16:32:42,FULL_FRAME,1,478,255,297,673,351,10.15
2026-08-14 16:32:42,FULL_FRAME,1,478,257,299,673,351,10.15
2026-08-14 16:32:42,FULL_FRAME,1,478,257,299,673,351,10.15
2026-08-14 16:32:43,FULL_FRAME,1,478,258,298,673,351,10.15
2026-08-14 16:32:43,FULL_FRAME,1,478,258,298,673,351,10.15
2026-08-14 16:32:43,FULL_FRAME,1,478,257,299,673,351,10.15
2026-08-14 16:32:43,FULL_FRAME,1,478,257,299,673,351,10.15
2026-08-14 16:32:43,FULL_FRAME,1,478,257,300,673,351,10.15
2026-08-14 16:32:43,FULL_FRAME,1,478,256,300,673,351,10.15
2026-08-14 16:32:43,FULL_FRAME,1,478,256,301,673,351,10.15
2026-08-14 16:32:43,FULL_FRAME,1,478,257,301,673,351,9.88
2026-08-14 16:32:43,FULL_FRAME,1,478,256,299,673,351,9.88
2026-08-14 16:32:43,FULL_FRAME,1,478,255,299,673,351,9.88
2026-08-14 16:32:43,FULL_FRAME,1,478,255,297,673,351,9.88
2026-08-14 16:32:44,FULL_FRAME,1,478,255,297,673,351,9.88
2026-08-14 16:32:44,FULL_FRAME,1,478,254,297,673,351,9.88
2026-08-14 16:32:44,FULL_FRAME,1,478,253,297,673,351,9.88
2026-08-14 16:32:44,FULL_FRAME,1,478,253,296,673,351,9.88
2026-08-14 16:32:44,FULL_FRAME,1,478,252,296,673,351,9.88
2026-08-14 16:32:44,FULL_FRAME,1,478,252,297,673,351,9.88
2026-08-14 16:32:44,FULL_FRAME,1,478,252,297,673,351,9.88
2026-08-14 16:32:44,FULL_FRAME,1,478,252,297,673,351,10.14
2026-08-14 16:32:44,FULL_FRAME,1,478,253,297,673,351,10.14
2026-08-14 16:32:45,FULL_FRAME,1,478,254,298,673,351,10.14
2026-08-14 16:32:45,FULL_FRAME,1,478,253,299,673,351,10.14
2026-08-14 16:32:45,FULL_FRAME,1,478,253,299,673,351,10.14
2026-08-14 16:32:45,FULL_FRAME,1,478,253,298,673,351,10.14
2026-08-14 16:32:45,FULL_FRAME,1,478,252,297,673,351,10.14
2026-08-14 16:32:45,FULL_FRAME,1,478,252,297,673,351,10.14
2026-08-14 16:32:45,FULL_FRAME,1,478,252,298,673,351,10.14
2026-08-14 16:32:45,FULL_FRAME,1,478,254,298,673,351,10.14
2026-08-14 16:32:45,FULL_FRAME,1,478,255,298,673,351,9.88
2026-08-14 16:32:45,FULL_FRAME,1,478,256,299,673,351,9.88
2026-08-14 16:32:45,FULL_FRAME,1,478,257,300,673,351,9.88
2026-08-14 16:32:46,FULL_FRAME,1,478,256,300,673,351,9.88
2026-08-14 16:32:46,FULL_FRAME,1,478,255,300,673,351,9.88
2026-08-14 16:32:46,FULL_FRAME,1,478,255,300,673,351,9.88
2026-08-14 16:32:46,FULL_FRAME,1,478,254,298,673,351,9.88
2026-08-14 16:32:46,FULL_FRAME,1,478,252,297,673,351,9.88
2026-08-14 16:32:46,FULL_FRAME,1,478,251,298,673,351,9.88
2026-08-14 16:32:46,FULL_FRAME,1,478,250,296,673,351,9.88
2026-08-14 16:32:46,FULL_FRAME,1,478,251,297,673,351,9.88
2026-08-14 16:32:46,FULL_FRAME,1,478,253,298,673,351,10.15
2026-08-14 16:32:46,FULL_FRAME,1,478,254,298,673,351,10.15
2026-08-14 16:32:47,FULL_FRAME,1,478,254,297,673,351,10.15
2026-08-14 16:32:47,FULL_FRAME,1,478,256,298,673,351,10.15
2026-08-14 16:32:47,FULL_FRAME,1,478,257,297,673,351,10.15
2026-08-14 16:32:47,FULL_FRAME,1,478,256,298,673,351,10.15
2026-08-14 16:32:47,FULL_FRAME,1,478,257,296,673,351,10.15
2026-08-14 16:32:47,FULL_FRAME,1,478,264,294,673,351,10.15
2026-08-14 16:32:47,FULL_FRAME,1,478,268,297,673,351,10.15
2026-08-14 16:32:47,FULL_FRAME,1,478,269,297,673,351,10.15
2026-08-14 16:32:47,FULL_FRAME,1,478,260,295,673,351,9.88
2026-08-14 16:32:47,FULL_FRAME,1,478,259,291,673,351,9.88
2026-08-14 16:32:48,FULL_FRAME,1,478,259,292,673,351,9.88
2026-08-14 16:32:48,FULL_FRAME,1,478,258,291,673,351,9.88
2026-08-14 16:32:48,FULL_FRAME,1,478,257,291,673,351,9.88
2026-08-14 16:32:48,FULL_FRAME,1,478,254,290,673,351,9.88
2026-08-14 16:32:48,FULL_FRAME,1,478,252,290,673,351,9.88
2026-08-14 16:32:48,FULL_FRAME,1,478,252,290,673,351,9.88
2026-08-14 16:32:48,FULL_FRAME,1,478,251,291,673,351,9.88
2026-08-14 16:32:48,FULL_FRAME,1,478,252,289,673,351,9.88
2026-08-14 16:32:48,FULL_FRAME,1,478,253,291,673,351,9.88
2026-08-14 16:32:48,FULL_FRAME,1,478,256,294,673,351,10.15
2026-08-14 16:32:49,FULL_FRAME,1,478,256,294,673,351,10.15
2026-08-14 16:32:49,FULL_FRAME,1,478,257,294,673,351,10.15
2026-08-14 16:32:49,FULL_FRAME,1,478,257,294,673,351,10.15
2026-08-14 16:32:49,FULL_FRAME,1,478,255,293,673,351,10.15
2026-08-14 16:32:49,FULL_FRAME,1,478,253,291,673,351,10.15
2026-08-14 16:32:49,FULL_FRAME,1,478,254,291,673,351,10.15
2026-08-14 16:32:49,FULL_FRAME,1,478,254,290,673,351,10.15
2026-08-14 16:32:49,FULL_FRAME,1,478,252,290,673,351,10.15
2026-08-14 16:32:49,FULL_FRAME,1,478,251,288,673,351,10.15
2026-08-14 16:32:49,FULL_FRAME,1,478,250,288,673,351,9.93
2026-08-14 16:32:50,FULL_FRAME,1,478,251,288,673,351,9.93
2026-08-14 16:32:50,FULL_FRAME,1,478,251,290,673,351,9.93
2026-08-14 16:32:50,FULL_FRAME,1,478,252,292,673,351,9.93
2026-08-14 16:32:50,FULL_FRAME,1,478,253,293,673,351,9.93
2026-08-14 16:32:50,FULL_FRAME,1,478,255,296,673,351,9.93
2026-08-14 16:32:50,FULL_FRAME,1,478,254,296,673,351,9.93
2026-08-14 16:32:50,FULL_FRAME,1,478,255,297,673,351,9.93
2026-08-14 16:32:50,FULL_FRAME,1,478,255,298,673,351,9.93
2026-08-14 16:32:50,FULL_FRAME,1,478,255,297,673,351,9.93
2026-08-14 16:32:50,FULL_FRAME,1,478,257,297,673,351,9.99
2026-08-14 16:32:51,FULL_FRAME,1,478,257,297,673,351,9.99
2026-08-14 16:32:51,FULL_FRAME,1,478,255,297,673,351,9.99
2026-08-14 16:32:51,FULL_FRAME,1,478,254,297,673,351,9.99
2026-08-14 16:32:51,FULL_FRAME,1,478,255,297,673,351,9.99
2026-08-14 16:32:51,FULL_FRAME,1,478,257,296,673,351,9.99
2026-08-14 16:32:51,FULL_FRAME,1,478,257,295,673,351,9.99
2026-08-14 16:32:51,FULL_FRAME,1,478,262,295,673,351,9.99
2026-08-14 16:32:51,FULL_FRAME,1,478,259,293,673,351,9.99
2026-08-14 16:32:51,FULL_FRAME,1,478,261,293,673,351,9.99
2026-08-14 16:32:51,FULL_FRAME,1,478,263,292,673,351,9.99
2026-08-14 16:32:52,FULL_FRAME,1,478,267,295,673,351,10.16
2026-08-14 16:32:52,FULL_FRAME,1,478,261,296,673,351,10.16
2026-08-14 16:32:52,FULL_FRAME,1,478,262,296,673,351,10.16
2026-08-14 16:32:52,FULL_FRAME,1,478,266,296,673,351,10.16
2026-08-14 16:32:52,FULL_FRAME,1,478,271,297,673,351,10.16
2026-08-14 16:32:52,FULL_FRAME,1,478,265,301,673,351,10.16
2026-08-14 16:32:52,FULL_FRAME,1,478,257,300,673,351,10.16
2026-08-14 16:32:52,FULL_FRAME,1,478,259,300,673,351,10.16
2026-08-14 16:32:52,FULL_FRAME,1,478,256,300,673,351,10.16
2026-08-14 16:32:52,FULL_FRAME,1,478,257,300,673,351,10.16
2026-08-14 16:32:53,FULL_FRAME,1,478,255,298,673,351,9.9
2026-08-14 16:32:53,FULL_FRAME,1,478,252,296,673,351,9.9
2026-08-14 16:32:53,FULL_FRAME,1,478,249,292,673,351,9.9
2026-08-14 16:32:53,FULL_FRAME,1,478,250,290,673,351,9.9
2026-08-14 16:32:53,FULL_FRAME,1,478,253,288,673,351,9.9
2026-08-14 16:32:53,FULL_FRAME,1,478,254,285,673,351,9.9
2026-08-14 16:32:53,FULL_FRAME,1,478,257,285,673,351,9.9
2026-08-14 16:32:53,FULL_FRAME,1,478,251,287,673,351,9.9
2026-08-14 16:32:53,FULL_FRAME,1,478,252,287,673,351,9.9
2026-08-14 16:32:53,FULL_FRAME,1,478,251,287,673,351,9.9
2026-08-14 16:32:54,FULL_FRAME,1,478,250,287,673,351,9.9
2026-08-14 16:32:54,FULL_FRAME,1,478,249,287,673,351,10.15
2026-08-14 16:32:54,FULL_FRAME,1,478,250,288,673,351,10.15
2026-08-14 16:32:54,FULL_FRAME,1,478,251,288,673,351,10.15
2026-08-14 16:32:54,FULL_FRAME,1,478,250,289,673,351,10.15
2026-08-14 16:32:54,FULL_FRAME,1,478,252,291,673,351,10.15
2026-08-14 16:32:54,FULL_FRAME,1,478,253,291,673,351,10.15
2026-08-14 16:32:54,FULL_FRAME,1,478,252,292,673,351,10.15
2026-08-14 16:32:54,FULL_FRAME,1,478,252,293,673,351,10.15
2026-08-14 16:32:54,FULL_FRAME,1,478,252,293,673,351,10.15
2026-08-14 16:32:55,FULL_FRAME,1,478,253,293,673,351,10.15
2026-08-14 16:32:55,FULL_FRAME,1,478,254,296,673,351,9.88
2026-08-14 16:32:55,FULL_FRAME,1,478,254,295,673,351,9.88
2026-08-14 16:32:55,FULL_FRAME,1,478,252,295,673,351,9.88
2026-08-14 16:32:55,FULL_FRAME,1,478,254,295,673,351,9.88
2026-08-14 16:32:55,FULL_FRAME,1,478,254,295,673,351,9.88
2026-08-14 16:32:55,FULL_FRAME,1,478,255,294,673,351,9.88
2026-08-14 16:32:55,FULL_FRAME,1,478,255,292,673,351,9.88
2026-08-14 16:32:55,FULL_FRAME,1,478,255,293,673,351,9.88
2026-08-14 16:32:55,FULL_FRAME,1,478,257,294,673,351,9.88
2026-08-14 16:32:56,FULL_FRAME,1,478,254,293,673,351,9.88
2026-08-14 16:32:56,FULL_FRAME,1,478,262,292,673,351,9.88
2026-08-14 16:32:56,FULL_FRAME,1,478,261,292,673,351,10.15
2026-08-14 16:32:56,FULL_FRAME,1,478,264,294,673,351,10.15
2026-08-14 16:32:56,FULL_FRAME,1,478,260,296,673,351,10.15
2026-08-14 16:32:56,FULL_FRAME,1,478,260,295,673,351,10.15
2026-08-14 16:32:56,FULL_FRAME,1,478,262,295,673,351,10.15
2026-08-14 16:32:56,FULL_FRAME,1,478,259,296,673,351,10.15
2026-08-14 16:32:56,FULL_FRAME,1,478,264,295,673,351,10.15
2026-08-14 16:32:56,FULL_FRAME,1,478,267,293,673,351,10.15
2026-08-14 16:32:57,FULL_FRAME,1,478,260,294,673,351,10.15
2026-08-14 16:32:57,FULL_FRAME,1,478,260,294,673,351,10.15
2026-08-14 16:32:57,FULL_FRAME,1,478,254,293,673,351,9.87
2026-08-14 16:32:57,FULL_FRAME,1,478,254,292,673,351,9.87
2026-08-14 16:32:57,FULL_FRAME,1,478,254,291,673,351,9.87
2026-08-14 16:32:57,FULL_FRAME,1,478,254,294,673,351,9.87
2026-08-14 16:32:57,FULL_FRAME,1,478,257,297,673,351,9.87
2026-08-14 16:32:57,FULL_FRAME,1,478,256,297,673,351,9.87
2026-08-14 16:32:57,FULL_FRAME,1,478,255,297,673,351,9.87
2026-08-14 16:32:57,FULL_FRAME,1,478,253,295,673,351,9.87
2026-08-14 16:32:58,FULL_FRAME,1,478,252,295,673,351,9.87
2026-08-14 16:32:58,FULL_FRAME,1,478,252,293,673,351,9.87
2026-08-14 16:32:58,FULL_FRAME,1,478,252,293,673,351,9.87
2026-08-14 16:32:58,FULL_FRAME,1,478,251,295,673,351,10.17
2026-08-14 16:32:58,FULL_FRAME,1,478,250,294,673,351,10.17
2026-08-14 16:32:58,FULL_FRAME,1,478,251,293,673,351,10.17
2026-08-14 16:32:58,FULL_FRAME,1,478,251,292,673,351,10.17
2026-08-14 16:32:58,FULL_FRAME,1,478,251,295,673,351,10.17
2026-08-14 16:32:58,FULL_FRAME,1,478,250,292,673,351,10.17
2026-08-14 16:32:58,FULL_FRAME,1,478,250,289,673,351,10.17
2026-08-14 16:32:59,FULL_FRAME,1,478,254,287,673,351,10.17
2026-08-14 16:32:59,FULL_FRAME,1,478,252,289,673,351,10.17
2026-08-14 16:32:59,FULL_FRAME,1,478,254,291,673,351,10.17
2026-08-14 16:32:59,FULL_FRAME,1,478,254,294,673,351,9.87
2026-08-14 16:32:59,FULL_FRAME,1,478,254,293,673,351,9.87
2026-08-14 16:32:59,FULL_FRAME,1,478,255,292,673,351,9.87
2026-08-14 16:32:59,FULL_FRAME,1,478,256,292,673,351,9.87
2026-08-14 16:32:59,FULL_FRAME,1,478,254,292,673,351,9.87
2026-08-14 16:32:59,FULL_FRAME,1,478,252,292,673,351,9.87
2026-08-14 16:32:59,FULL_FRAME,1,478,251,291,673,351,9.87
2026-08-14 16:33:00,FULL_FRAME,1,478,257,289,673,351,9.87
2026-08-14 16:33:00,FULL_FRAME,1,478,255,289,673,351,9.87
2026-08-14 16:33:00,FULL_FRAME,1,478,252,293,673,351,9.87
2026-08-14 16:33:00,FULL_FRAME,1,478,252,293,673,351,9.87
2026-08-14 16:33:00,FULL_FRAME,1,478,254,292,673,351,10.16
2026-08-14 16:33:00,FULL_FRAME,1,478,255,292,673,351,10.16
2026-08-14 16:33:00,FULL_FRAME,1,478,253,292,673,351,10.16
2026-08-14 16:33:00,FULL_FRAME,1,478,252,293,673,351,10.16
2026-08-14 16:33:00,FULL_FRAME,1,478,252,294,673,351,10.16
2026-08-14 16:33:00,FULL_FRAME,1,478,252,295,673,351,10.16
2026-08-14 16:33:01,FULL_FRAME,1,478,253,296,673,351,10.16
2026-08-14 16:33:01,FULL_FRAME,1,478,252,295,673,351,10.16
2026-08-14 16:33:01,FULL_FRAME,1,478,250,295,673,351,10.16
2026-08-14 16:33:01,FULL_FRAME,1,478,250,295,673,351,10.16
2026-08-14 16:33:01,FULL_FRAME,1,478,251,293,673,351,9.87
2026-08-14 16:33:01,FULL_FRAME,1,478,251,294,673,351,9.87
2026-08-14 16:33:01,FULL_FRAME,1,478,249,292,673,351,9.87
2026-08-14 16:33:01,FULL_FRAME,1,478,248,293,673,351,9.87
2026-08-14 16:33:01,FULL_FRAME,1,478,249,293,673,351,9.87
2026-08-14 16:33:01,FULL_FRAME,1,478,251,293,673,351,9.87
2026-08-14 16:33:02,FULL_FRAME,1,478,250,295,673,351,9.87
2026-08-14 16:33:02,FULL_FRAME,1,478,251,294,673,351,9.87
2026-08-14 16:33:02,FULL_FRAME,1,478,252,295,673,351,9.87
2026-08-14 16:33:02,FULL_FRAME,1,478,252,296,673,351,9.87
2026-08-14 16:33:02,FULL_FRAME,1,478,254,293,673,351,9.87
2026-08-14 16:33:02,FULL_FRAME,1,478,259,291,673,351,10.15
2026-08-14 16:33:02,FULL_FRAME,1,478,268,292,673,351,10.15
2026-08-14 16:33:02,FULL_FRAME,1,478,264,292,673,351,10.15
2026-08-14 16:33:02,FULL_FRAME,1,478,259,291,673,351,10.15
2026-08-14 16:33:02,FULL_FRAME,1,478,260,292,673,351,10.15
2026-08-14 16:33:03,FULL_FRAME,1,478,257,293,673,351,10.15
2026-08-14 16:33:03,FULL_FRAME,1,478,255,295,673,351,10.15
2026-08-14 16:33:03,FULL_FRAME,1,478,252,295,673,351,10.15
2026-08-14 16:33:03,FULL_FRAME,1,478,245,294,673,351,10.15
2026-08-14 16:33:03,FULL_FRAME,1,478,247,294,673,351,10.15
2026-08-14 16:33:03,FULL_FRAME,1,478,247,292,673,351,9.88
2026-08-14 16:33:03,FULL_FRAME,1,478,247,293,673,351,9.88
2026-08-14 16:33:03,FULL_FRAME,1,478,244,294,673,351,9.88
2026-08-14 16:33:03,FULL_FRAME,1,478,243,294,673,351,9.88
2026-08-14 16:33:03,FULL_FRAME,1,478,245,295,673,351,9.88
2026-08-14 16:33:04,FULL_FRAME,1,478,244,295,673,351,9.88
2026-08-14 16:33:04,FULL_FRAME,1,478,245,294,673,351,9.88
2026-08-14 16:33:04,FULL_FRAME,1,478,245,293,673,351,9.88
2026-08-14 16:33:04,FULL_FRAME,1,478,245,292,673,351,9.88
2026-08-14 16:33:04,FULL_FRAME,1,478,244,292,673,351,9.88
2026-08-14 16:33:04,FULL_FRAME,1,478,248,291,673,351,9.88
2026-08-14 16:33:04,FULL_FRAME,1,478,248,291,673,351,10.14
2026-08-14 16:33:04,FULL_FRAME,1,478,251,291,673,351,10.14
2026-08-14 16:33:04,FULL_FRAME,1,478,253,292,673,351,10.14
2026-08-14 16:33:04,FULL_FRAME,1,478,253,291,673,351,10.14
2026-08-14 16:33:05,FULL_FRAME,1,478,250,288,673,351,10.14
2026-08-14 16:33:05,FULL_FRAME,1,478,251,288,673,351,10.14
2026-08-14 16:33:05,FULL_FRAME,1,478,249,287,673,351,10.14
2026-08-14 16:33:05,FULL_FRAME,1,478,246,286,673,351,10.14
2026-08-14 16:33:05,FULL_FRAME,1,478,247,287,673,351,10.14
2026-08-14 16:33:05,FULL_FRAME,1,478,248,287,673,351,10.14
2026-08-14 16:33:05,FULL_FRAME,1,478,249,286,673,351,10.14
2026-08-14 16:33:05,FULL_FRAME,1,478,251,287,673,351,9.97
2026-08-14 16:33:05,FULL_FRAME,1,478,253,287,673,351,9.97
2026-08-14 16:33:05,FULL_FRAME,1,478,250,285,673,351,9.97
2026-08-14 16:33:06,FULL_FRAME,1,478,250,287,673,351,9.97
2026-08-14 16:33:06,FULL_FRAME,1,478,248,285,673,351,9.97
2026-08-14 16:33:06,FULL_FRAME,1,478,249,286,673,351,9.97
2026-08-14 16:33:06,FULL_FRAME,1,478,253,286,673,351,9.97
2026-08-14 16:33:06,FULL_FRAME,1,478,256,287,673,351,9.97
2026-08-14 16:33:06,FULL_FRAME,1,478,258,287,673,351,9.97
2026-08-14 16:33:06,FULL_FRAME,1,478,254,289,673,351,9.97
2026-08-14 16:33:06,FULL_FRAME,1,478,254,289,673,351,9.97
2026-08-14 16:33:06,FULL_FRAME,1,478,252,289,673,351,10.12
2026-08-14 16:33:06,FULL_FRAME,1,478,255,289,673,351,10.12
2026-08-14 16:33:07,FULL_FRAME,1,478,254,289,673,351,10.12
2026-08-14 16:33:07,FULL_FRAME,1,478,256,289,673,351,10.12
2026-08-14 16:33:07,FULL_FRAME,1,478,255,289,673,351,10.12
2026-08-14 16:33:07,FULL_FRAME,1,478,255,289,673,351,10.12
2026-08-14 16:33:07,FULL_FRAME,1,478,256,289,673,351,10.12
2026-08-14 16:33:07,FULL_FRAME,1,478,252,287,673,351,10.12
2026-08-14 16:33:07,FULL_FRAME,1,478,260,286,673,351,10.12
2026-08-14 16:33:07,FULL_FRAME,1,478,260,287,673,351,10.12
2026-08-14 16:33:07,FULL_FRAME,1,478,256,287,673,351,9.93
2026-08-14 16:33:07,FULL_FRAME,1,478,253,288,673,351,9.93
2026-08-14 16:33:08,FULL_FRAME,1,478,251,288,673,351,9.93
2026-08-14 16:33:08,FULL_FRAME,1,478,250,289,673,351,9.93
2026-08-14 16:33:08,FULL_FRAME,1,478,251,289,673,351,9.93
2026-08-14 16:33:08,FULL_FRAME,1,478,251,290,673,351,9.93
2026-08-14 16:33:08,FULL_FRAME,1,478,249,290,673,351,9.93
2026-08-14 16:33:08,FULL_FRAME,1,478,253,292,673,351,9.93
2026-08-14 16:33:08,FULL_FRAME,1,478,253,293,673,351,9.93
2026-08-14 16:33:08,FULL_FRAME,1,478,253,297,673,351,9.93
2026-08-14 16:33:08,FULL_FRAME,1,478,254,297,673,351,9.93
2026-08-14 16:33:08,FULL_FRAME,1,478,254,297,673,351,10.09
2026-08-14 16:33:09,FULL_FRAME,1,478,254,297,673,351,10.09
2026-08-14 16:33:09,FULL_FRAME,1,478,253,297,673,351,10.09
2026-08-14 16:33:09,FULL_FRAME,1,478,253,297,673,351,10.09
2026-08-14 16:33:09,FULL_FRAME,1,478,253,297,673,351,10.09
2026-08-14 16:33:09,FULL_FRAME,1,478,250,297,673,351,10.09
2026-08-14 16:33:09,FULL_FRAME,1,478,250,297,673,351,10.09
2026-08-14 16:33:09,FULL_FRAME,1,478,249,297,673,351,10.09
2026-08-14 16:33:09,FULL_FRAME,1,478,248,298,673,351,10.09
2026-08-14 16:33:09,FULL_FRAME,1,478,249,299,673,351,10.09
2026-08-14 16:33:09,FULL_FRAME,1,478,249,298,673,351,9.92
2026-08-14 16:33:10,FULL_FRAME,1,478,251,299,673,351,9.92
2026-08-14 16:33:10,FULL_FRAME,1,478,252,300,673,351,9.92
2026-08-14 16:33:10,FULL_FRAME,1,478,252,298,673,351,9.92
2026-08-14 16:33:10,FULL_FRAME,1,478,252,297,673,351,9.92
2026-08-14 16:33:10,FULL_FRAME,1,478,250,296,673,351,9.92
2026-08-14 16:33:10,FULL_FRAME,1,478,252,295,673,351,9.92
2026-08-14 16:33:10,FULL_FRAME,1,478,251,295,673,351,9.92
2026-08-14 16:33:10,FULL_FRAME,1,478,251,295,673,351,9.92
2026-08-14 16:33:10,FULL_FRAME,1,478,252,297,673,351,9.92
2026-08-14 16:33:10,FULL_FRAME,1,478,251,298,673,351,9.92
2026-08-14 16:33:11,FULL_FRAME,1,478,252,300,673,351,10.08
2026-08-14 16:33:11,FULL_FRAME,1,478,252,299,673,351,10.08
2026-08-14 16:33:11,FULL_FRAME,1,478,251,299,673,351,10.08
2026-08-14 16:33:11,FULL_FRAME,1,478,250,296,673,351,10.08
2026-08-14 16:33:11,FULL_FRAME,1,478,249,294,673,351,10.08
2026-08-14 16:33:11,FULL_FRAME,1,478,249,295,673,351,10.08
2026-08-14 16:33:11,FULL_FRAME,1,478,258,297,673,351,10.08
2026-08-14 16:33:11,FULL_FRAME,1,478,257,295,673,351,10.08
2026-08-14 16:33:11,FULL_FRAME,1,478,261,294,673,351,10.08
2026-08-14 16:33:11,FULL_FRAME,1,478,263,289,673,351,10.08
2026-08-14 16:33:12,FULL_FRAME,1,478,271,292,673,351,9.96
2026-08-14 16:33:12,FULL_FRAME,1,478,260,289,673,351,9.96
2026-08-14 16:33:12,FULL_FRAME,1,478,259,290,673,351,9.96
2026-08-14 16:33:12,FULL_FRAME,1,478,257,290,673,351,9.96
2026-08-14 16:33:12,FULL_FRAME,1,478,249,289,673,351,9.96
2026-08-14 16:33:12,FULL_FRAME,1,478,246,291,673,351,9.96
2026-08-14 16:33:12,FULL_FRAME,1,478,251,291,673,351,9.96
2026-08-14 16:33:12,FULL_FRAME,1,478,250,291,673,351,9.96
2026-08-14 16:33:12,FULL_FRAME,1,478,251,290,673,351,9.96
2026-08-14 16:33:12,FULL_FRAME,1,478,248,291,673,351,9.96
2026-08-14 16:33:13,FULL_FRAME,1,478,250,294,673,351,9.96
2026-08-14 16:33:13,FULL_FRAME,1,478,249,295,673,351,10.08
2026-08-14 16:33:13,FULL_FRAME,1,478,249,295,673,351,10.08
2026-08-14 16:33:13,FULL_FRAME,1,478,251,292,673,351,10.08
2026-08-14 16:33:13,FULL_FRAME,1,478,250,291,673,351,10.08
2026-08-14 16:33:13,FULL_FRAME,1,478,257,292,673,351,10.08
2026-08-14 16:33:13,FULL_FRAME,1,478,254,291,673,351,10.08
2026-08-14 16:33:13,FULL_FRAME,1,478,252,291,673,351,10.08
2026-08-14 16:33:13,FULL_FRAME,1,478,251,290,673,351,10.08
2026-08-14 16:33:13,FULL_FRAME,1,478,253,291,673,351,10.08
2026-08-14 16:33:14,FULL_FRAME,1,478,251,291,673,351,10.08
2026-08-14 16:33:14,FULL_FRAME,1,478,251,291,673,351,10.08
2026-08-14 16:33:14,FULL_FRAME,1,478,251,291,673,351,9.99
2026-08-14 16:33:14,FULL_FRAME,1,478,252,292,673,351,9.99
2026-08-14 16:33:14,FULL_FRAME,1,478,252,293,673,351,9.99
2026-08-14 16:33:14,FULL_FRAME,1,478,253,295,673,351,9.99
2026-08-14 16:33:14,FULL_FRAME,1,478,254,293,673,351,9.99
2026-08-14 16:33:14,FULL_FRAME,1,478,254,294,673,351,9.99
2026-08-14 16:33:14,FULL_FRAME,1,478,251,294,673,351,9.99
2026-08-14 16:33:14,FULL_FRAME,1,478,251,294,673,351,9.99
2026-08-14 16:33:15,FULL_FRAME,1,478,251,294,673,351,9.99
2026-08-14 16:33:15,FULL_FRAME,1,478,248,294,673,351,9.99
2026-08-14 16:33:15,FULL_FRAME,1,478,247,293,673,351,9.99
2026-08-14 16:33:15,FULL_FRAME,1,478,247,293,673,351,10.11
2026-08-14 16:33:15,FULL_FRAME,1,478,247,289,673,351,10.11
2026-08-14 16:33:15,FULL_FRAME,1,478,246,288,673,351,10.11
2026-08-14 16:33:15,FULL_FRAME,1,478,247,283,673,351,10.11
2026-08-14 16:33:15,FULL_FRAME,1,478,245,275,673,351,10.11
2026-08-14 16:33:15,FULL_FRAME,1,478,244,271,673,351,10.11
2026-08-14 16:33:15,FULL_FRAME,1,478,244,271,673,351,10.11
2026-08-14 16:33:16,FULL_FRAME,1,478,245,273,673,351,10.11
2026-08-14 16:33:16,FULL_FRAME,1,478,245,274,673,351,10.11
2026-08-14 16:33:16,FULL_FRAME,1,478,247,275,673,351,10.11
2026-08-14 16:33:16,FULL_FRAME,1,478,247,276,673,351,9.89
2026-08-14 16:33:16,FULL_FRAME,1,478,245,275,673,351,9.89
2026-08-14 16:33:16,FULL_FRAME,1,478,246,276,673,351,9.89
2026-08-14 16:33:16,FULL_FRAME,1,478,247,277,673,351,9.89
2026-08-14 16:33:16,FULL_FRAME,1,478,248,277,673,351,9.89
2026-08-14 16:33:16,FULL_FRAME,1,478,247,277,673,351,9.89
2026-08-14 16:33:16,FULL_FRAME,1,478,244,275,673,351,9.89
2026-08-14 16:33:17,FULL_FRAME,1,478,244,275,673,351,9.89
2026-08-14 16:33:17,FULL_FRAME,1,478,245,277,673,351,9.89
2026-08-14 16:33:17,FULL_FRAME,1,478,246,281,673,351,9.89
2026-08-14 16:33:17,FULL_FRAME,1,478,246,282,673,351,9.89
2026-08-14 16:33:17,FULL_FRAME,1,478,246,282,673,351,10.15
2026-08-14 16:33:17,FULL_FRAME,1,478,245,281,673,351,10.15
2026-08-14 16:33:17,FULL_FRAME,1,478,246,281,673,351,10.15
2026-08-14 16:33:17,FULL_FRAME,1,478,244,281,673,351,10.15
2026-08-14 16:33:17,FULL_FRAME,1,478,246,281,673,351,10.15
2026-08-14 16:33:17,FULL_FRAME,1,478,246,280,673,351,10.15
2026-08-14 16:33:18,FULL_FRAME,1,478,246,278,673,351,10.15
2026-08-14 16:33:18,FULL_FRAME,1,478,246,277,673,351,10.15
2026-08-14 16:33:18,FULL_FRAME,1,478,247,275,673,351,10.15
2026-08-14 16:33:18,FULL_FRAME,1,478,246,272,673,351,10.15
2026-08-14 16:33:18,FULL_FRAME,1,478,247,272,673,351,9.87
2026-08-14 16:33:18,FULL_FRAME,1,478,246,273,673,351,9.87
2026-08-14 16:33:18,FULL_FRAME,1,478,247,273,673,351,9.87
2026-08-14 16:33:18,FULL_FRAME,1,478,249,275,673,351,9.87
2026-08-14 16:33:18,FULL_FRAME,1,478,249,271,673,351,9.87
2026-08-14 16:33:18,FULL_FRAME,1,478,249,270,673,351,9.87
2026-08-14 16:33:19,FULL_FRAME,1,478,250,275,673,351,9.87
2026-08-14 16:33:19,FULL_FRAME,1,478,249,279,673,351,9.87
2026-08-14 16:33:19,FULL_FRAME,1,478,250,278,673,351,9.87
2026-08-14 16:33:19,FULL_FRAME,1,478,249,276,673,351,9.87
2026-08-14 16:33:19,FULL_FRAME,1,478,250,276,673,351,9.87
2026-08-14 16:33:19,FULL_FRAME,1,478,247,273,673,351,10.16
2026-08-14 16:33:19,FULL_FRAME,1,478,248,272,673,351,10.16
2026-08-14 16:33:19,FULL_FRAME,1,478,249,272,673,351,10.16
2026-08-14 16:33:19,FULL_FRAME,1,478,249,273,673,351,10.16
2026-08-14 16:33:19,FULL_FRAME,1,478,250,274,673,351,10.16
2026-08-14 16:33:20,FULL_FRAME,1,478,255,274,673,351,10.16
2026-08-14 16:33:20,FULL_FRAME,1,478,250,274,673,351,10.16
2026-08-14 16:33:20,FULL_FRAME,1,478,249,274,673,351,10.16
2026-08-14 16:33:20,FULL_FRAME,1,478,249,278,673,351,10.16
2026-08-14 16:33:20,FULL_FRAME,1,478,252,281,673,351,10.16
2026-08-14 16:33:20,FULL_FRAME,1,478,251,282,673,351,9.88
2026-08-14 16:33:20,FULL_FRAME,1,478,251,282,673,351,9.88
2026-08-14 16:33:20,FULL_FRAME,1,478,256,283,673,351,9.88
2026-08-14 16:33:20,FULL_FRAME,1,478,255,285,673,351,9.88
2026-08-14 16:33:20,FULL_FRAME,1,478,251,283,673,351,9.88
2026-08-14 16:33:21,FULL_FRAME,1,478,250,282,673,351,9.88
2026-08-14 16:33:21,FULL_FRAME,1,478,250,282,673,351,9.88
2026-08-14 16:33:21,FULL_FRAME,1,478,253,281,673,351,9.88
2026-08-14 16:33:21,FULL_FRAME,1,478,252,278,673,351,9.88
2026-08-14 16:33:21,FULL_FRAME,1,478,253,277,673,351,9.88
2026-08-14 16:33:21,FULL_FRAME,1,478,253,281,673,351,9.88
2026-08-14 16:33:21,FULL_FRAME,1,478,253,281,673,351,10.14
2026-08-14 16:33:21,FULL_FRAME,1,478,252,281,673,351,10.14
2026-08-14 16:33:21,FULL_FRAME,1,478,253,278,673,351,10.14
2026-08-14 16:33:21,FULL_FRAME,1,478,253,276,673,351,10.14
2026-08-14 16:33:22,FULL_FRAME,1,478,253,276,673,351,10.14
2026-08-14 16:33:22,FULL_FRAME,1,478,254,280,673,351,10.14
2026-08-14 16:33:22,FULL_FRAME,1,478,259,284,673,351,10.14
2026-08-14 16:33:22,FULL_FRAME,1,478,258,282,673,351,10.14
2026-08-14 16:33:22,FULL_FRAME,1,478,256,283,673,351,10.14
2026-08-14 16:33:22,FULL_FRAME,1,478,252,282,673,351,10.14
2026-08-14 16:33:22,FULL_FRAME,1,478,252,279,673,351,10.14
2026-08-14 16:33:22,FULL_FRAME,1,478,250,279,673,351,10.02
2026-08-14 16:33:22,FULL_FRAME,1,478,250,276,673,351,10.02
2026-08-14 16:33:22,FULL_FRAME,1,478,250,278,673,351,10.02
2026-08-14 16:33:23,FULL_FRAME,1,478,251,279,673,351,10.02
2026-08-14 16:33:23,FULL_FRAME,1,478,251,280,673,351,10.02
2026-08-14 16:33:23,FULL_FRAME,1,478,251,281,673,351,10.02
2026-08-14 16:33:23,FULL_FRAME,1,478,249,281,673,351,10.02
2026-08-14 16:33:23,FULL_FRAME,1,478,250,281,673,351,10.02
2026-08-14 16:33:23,FULL_FRAME,1,478,250,284,673,351,10.02
2026-08-14 16:33:23,FULL_FRAME,1,478,250,285,673,351,10.02
2026-08-14 16:33:23,FULL_FRAME,1,478,250,285,673,351,10.02
2026-08-14 16:33:23,FULL_FRAME,1,478,250,284,673,351,10.07
2026-08-14 16:33:23,FULL_FRAME,1,478,250,285,673,351,10.07
2026-08-14 16:33:24,FULL_FRAME,1,478,250,287,673,351,10.07
2026-08-14 16:33:24,FULL_FRAME,1,478,250,286,673,351,10.07
2026-08-14 16:33:24,FULL_FRAME,1,478,250,283,673,351,10.07
2026-08-14 16:33:24,FULL_FRAME,1,478,250,281,673,351,10.07
2026-08-14 16:33:24,FULL_FRAME,1,478,249,279,673,351,10.07
2026-08-14 16:33:24,FULL_FRAME,1,478,250,279,673,351,10.07
2026-08-14 16:33:24,FULL_FRAME,1,478,250,279,673,351,10.07
2026-08-14 16:33:24,FULL_FRAME,1,478,251,279,673,351,10.07
2026-08-14 16:33:24,FULL_FRAME,1,478,252,278,673,351,9.97
2026-08-14 16:33:24,FULL_FRAME,1,478,252,279,673,351,9.97
2026-08-14 16:33:25,FULL_FRAME,1,478,252,278,673,351,9.97
2026-08-14 16:33:25,FULL_FRAME,1,478,250,278,673,351,9.97
2026-08-14 16:33:25,FULL_FRAME,1,478,250,278,673,351,9.97
2026-08-14 16:33:25,FULL_FRAME,1,478,249,278,673,351,9.97
2026-08-14 16:33:25,FULL_FRAME,1,478,249,278,673,351,9.97
2026-08-14 16:33:25,FULL_FRAME,1,478,249,280,673,351,9.97
2026-08-14 16:33:25,FULL_FRAME,1,478,250,282,673,351,9.97
2026-08-14 16:33:25,FULL_FRAME,1,478,251,282,673,351,9.97
2026-08-14 16:33:25,FULL_FRAME,1,478,252,282,673,351,9.97
2026-08-14 16:33:25,FULL_FRAME,1,478,252,282,673,351,10.05
2026-08-14 16:33:25,FULL_FRAME,1,478,252,282,673,351,10.05
2026-08-14 16:33:26,FULL_FRAME,1,478,251,281,673,351,10.05
2026-08-14 16:33:26,FULL_FRAME,1,478,252,280,673,351,10.05
2026-08-14 16:33:26,FULL_FRAME,1,478,244,286,673,351,10.05
2026-08-14 16:33:26,FULL_FRAME,1,478,247,277,673,351,10.05
2026-08-14 16:33:26,FULL_FRAME,1,478,242,185,673,351,10.05
2026-08-14 16:33:26,FULL_FRAME,1,478,249,233,673,351,10.05
2026-08-14 16:33:26,FULL_FRAME,1,478,248,244,673,351,10.05
2026-08-14 16:33:26,FULL_FRAME,1,478,232,250,673,351,10.05
2026-08-14 16:33:26,FULL_FRAME,1,478,239,268,673,351,9.94
2026-08-14 16:33:27,FULL_FRAME,1,478,258,279,673,351,9.94
2026-08-14 16:33:27,FULL_FRAME,1,478,248,274,673,351,9.94
2026-08-14 16:33:27,FULL_FRAME,0,0,0,0,673,351,9.94
2026-08-14 16:33:27,FULL_FRAME,0,0,0,0,673,351,9.94
2026-08-14 16:33:27,FULL_FRAME,0,0,0,0,673,351,9.94
2026-08-14 16:33:27,FULL_FRAME,0,0,0,0,673,351,9.94
2026-08-14 16:33:27,FULL_FRAME,0,0,0,0,673,351,9.94
2026-08-14 16:33:27,FULL_FRAME,0,0,0,0,673,351,9.94
2026-08-14 16:33:27,FULL_FRAME,0,0,0,0,673,351,9.94
2026-08-14 16:33:27,FULL_FRAME,0,0,0,0,673,351,9.94
2026-08-14 16:33:27,FULL_FRAME,0,0,0,0,673,351,10.08
2026-08-14 16:33:28,FULL_FRAME,0,0,0,0,673,351,10.08
2026-08-14 16:33:28,FULL_FRAME,0,0,0,0,673,351,10.08
2026-08-14 16:33:28,FULL_FRAME,0,0,0,0,673,351,10.08
2026-08-14 16:33:28,FULL_FRAME,0,0,0,0,673,351,10.08
2026-08-14 16:33:28,FULL_FRAME,0,0,0,0,673,351,10.08
2026-08-14 16:33:28,FULL_FRAME,1,478,231,274,673,351,10.08
2026-08-14 16:33:28,FULL_FRAME,1,478,255,284,673,351,10.08
2026-08-14 16:33:28,FULL_FRAME,1,478,268,295,673,351,10.08
2026-08-14 16:33:28,FULL_FRAME,1,478,267,304,673,351,10.08
2026-08-14 16:33:29,FULL_FRAME,1,478,272,304,673,351,9.94
2026-08-14 16:33:29,FULL_FRAME,1,478,260,303,673,351,9.94
2026-08-14 16:33:29,FULL_FRAME,1,478,260,302,673,351,9.94
2026-08-14 16:33:29,FULL_FRAME,1,478,256,302,673,351,9.94
2026-08-14 16:33:29,FULL_FRAME,1,478,257,302,673,351,9.94
2026-08-14 16:33:29,FULL_FRAME,1,478,258,301,673,351,9.94
2026-08-14 16:33:29,FULL_FRAME,1,478,256,300,673,351,9.94
2026-08-14 16:33:29,FULL_FRAME,1,478,253,299,673,351,9.94
2026-08-14 16:33:29,FULL_FRAME,1,478,252,298,673,351,9.94
2026-08-14 16:33:29,FULL_FRAME,1,478,248,298,673,351,9.94
2026-08-14 16:33:29,FULL_FRAME,1,478,246,297,673,351,9.94
2026-08-14 16:33:30,FULL_FRAME,1,478,247,296,673,351,10.09
2026-08-14 16:33:30,FULL_FRAME,1,478,247,297,673,351,10.09
2026-08-14 16:33:30,FULL_FRAME,1,478,247,296,673,351,10.09
2026-08-14 16:33:30,FULL_FRAME,1,478,247,297,673,351,10.09
2026-08-14 16:33:30,FULL_FRAME,1,478,246,297,673,351,10.09
2026-08-14 16:33:30,FULL_FRAME,1,478,249,297,673,351,10.09
2026-08-14 16:33:30,FULL_FRAME,1,478,251,296,673,351,10.09
2026-08-14 16:33:30,FULL_FRAME,1,478,252,290,673,351,10.09
2026-08-14 16:33:30,FULL_FRAME,1,478,259,293,673,351,10.09
2026-08-14 16:33:30,FULL_FRAME,1,478,255,295,673,351,10.09
2026-08-14 16:33:31,FULL_FRAME,1,478,251,290,673,351,10.09
2026-08-14 16:33:31,FULL_FRAME,1,478,242,286,673,351,9.97
2026-08-14 16:33:31,FULL_FRAME,1,478,234,281,673,351,9.97
2026-08-14 16:33:31,FULL_FRAME,1,478,251,284,673,351,9.97
2026-08-14 16:33:31,FULL_FRAME,1,478,236,283,673,351,9.97
2026-08-14 16:33:31,FULL_FRAME,1,478,243,287,673,351,9.97
2026-08-14 16:33:31,FULL_FRAME,1,478,236,286,673,351,9.97
2026-08-14 16:33:31,FULL_FRAME,1,478,233,285,673,351,9.97
2026-08-14 16:33:31,FULL_FRAME,1,478,239,289,673,351,9.97
2026-08-14 16:33:31,FULL_FRAME,1,478,245,294,673,351,9.97
2026-08-14 16:33:32,FULL_FRAME,1,478,240,292,673,351,9.97
2026-08-14 16:33:32,FULL_FRAME,1,478,244,292,673,351,9.97
2026-08-14 16:33:32,FULL_FRAME,1,478,249,291,673,351,10.12
2026-08-14 16:33:32,FULL_FRAME,1,478,255,294,673,351,10.12
2026-08-14 16:33:32,FULL_FRAME,1,478,264,297,673,351,10.12
2026-08-14 16:33:32,FULL_FRAME,1,478,253,295,673,351,10.12
2026-08-14 16:33:32,FULL_FRAME,1,478,239,290,673,351,10.12
2026-08-14 16:33:32,FULL_FRAME,1,478,232,286,673,351,10.12
2026-08-14 16:33:32,FULL_FRAME,1,478,234,286,673,351,10.12
2026-08-14 16:33:32,FULL_FRAME,1,478,232,284,673,351,10.12
2026-08-14 16:33:33,FULL_FRAME,1,478,227,282,673,351,10.12
2026-08-14 16:33:33,FULL_FRAME,1,478,228,280,673,351,10.12
2026-08-14 16:33:33,FULL_FRAME,1,478,227,279,673,351,9.95
2026-08-14 16:33:33,FULL_FRAME,1,478,226,279,673,351,9.95
2026-08-14 16:33:33,FULL_FRAME,1,478,226,278,673,351,9.95
2026-08-14 16:33:33,FULL_FRAME,1,478,224,275,673,351,9.95
2026-08-14 16:33:33,FULL_FRAME,1,478,222,275,673,351,9.95
2026-08-14 16:33:33,FULL_FRAME,1,478,224,279,673,351,9.95
2026-08-14 16:33:33,FULL_FRAME,1,478,221,278,673,351,9.95
2026-08-14 16:33:33,FULL_FRAME,1,478,222,281,673,351,9.95
2026-08-14 16:33:34,FULL_FRAME,1,478,219,281,673,351,9.95
2026-08-14 16:33:34,FULL_FRAME,1,478,222,284,673,351,9.95
2026-08-14 16:33:34,FULL_FRAME,1,478,224,284,673,351,9.95
2026-08-14 16:33:34,FULL_FRAME,1,478,226,284,673,351,10.14
2026-08-14 16:33:34,FULL_FRAME,1,478,234,284,673,351,10.14
2026-08-14 16:33:34,FULL_FRAME,1,478,236,285,673,351,10.14
2026-08-14 16:33:34,FULL_FRAME,1,478,233,285,673,351,10.14
2026-08-14 16:33:34,FULL_FRAME,1,478,230,287,673,351,10.14
2026-08-14 16:33:34,FULL_FRAME,1,478,237,288,673,351,10.14
2026-08-14 16:33:34,FULL_FRAME,1,478,236,289,673,351,10.14
2026-08-14 16:33:35,FULL_FRAME,1,478,237,294,673,351,10.14
2026-08-14 16:33:35,FULL_FRAME,1,478,246,298,673,351,10.14
2026-08-14 16:33:35,FULL_FRAME,1,478,253,303,673,351,10.14
2026-08-14 16:33:35,FULL_FRAME,1,478,233,294,673,351,9.8
2026-08-14 16:33:35,FULL_FRAME,1,478,232,292,673,351,9.8
2026-08-14 16:33:35,FULL_FRAME,1,478,237,289,673,351,9.8
2026-08-14 16:33:35,FULL_FRAME,1,478,242,283,673,351,9.8
2026-08-14 16:33:35,FULL_FRAME,1,478,237,278,673,351,9.8
2026-08-14 16:33:35,FULL_FRAME,1,478,243,277,673,351,9.8
2026-08-14 16:33:35,FULL_FRAME,1,478,236,282,673,351,9.8
2026-08-14 16:33:36,FULL_FRAME,1,478,236,278,673,351,9.8
2026-08-14 16:33:36,FULL_FRAME,1,478,235,270,673,351,9.8
2026-08-14 16:33:36,FULL_FRAME,1,478,234,268,673,351,9.8
2026-08-14 16:33:36,FULL_FRAME,1,478,233,259,673,351,9.8
2026-08-14 16:33:36,FULL_FRAME,1,478,231,261,673,351,10.18
2026-08-14 16:33:36,FULL_FRAME,1,478,236,265,673,351,10.18
2026-08-14 16:33:36,FULL_FRAME,1,478,234,271,673,351,10.18
2026-08-14 16:33:36,FULL_FRAME,1,478,230,274,673,351,10.18
2026-08-14 16:33:36,FULL_FRAME,1,478,228,278,673,351,10.18
2026-08-14 16:33:36,FULL_FRAME,1,478,226,277,673,351,10.18
2026-08-14 16:33:37,FULL_FRAME,1,478,225,280,673,351,10.18
2026-08-14 16:33:37,FULL_FRAME,1,478,226,280,673,351,10.18
2026-08-14 16:33:37,FULL_FRAME,1,478,227,278,673,351,10.18
2026-08-14 16:33:37,FULL_FRAME,1,478,233,283,673,351,10.18
2026-08-14 16:33:37,FULL_FRAME,1,478,231,283,673,351,9.86
2026-08-14 16:33:37,FULL_FRAME,1,478,230,282,673,351,9.86
2026-08-14 16:33:37,FULL_FRAME,1,478,227,279,673,351,9.86
2026-08-14 16:33:37,FULL_FRAME,1,478,229,280,673,351,9.86
2026-08-14 16:33:37,FULL_FRAME,1,478,230,280,673,351,9.86
2026-08-14 16:33:37,FULL_FRAME,1,478,231,276,673,351,9.86
2026-08-14 16:33:38,FULL_FRAME,1,478,231,275,673,351,9.86
2026-08-14 16:33:38,FULL_FRAME,1,478,231,273,673,351,9.86
2026-08-14 16:33:38,FULL_FRAME,1,478,230,271,673,351,9.86
2026-08-14 16:33:38,FULL_FRAME,1,478,229,273,673,351,9.86
2026-08-14 16:33:38,FULL_FRAME,1,478,232,274,673,351,9.86
2026-08-14 16:33:38,FULL_FRAME,1,478,234,275,673,351,10.16
2026-08-14 16:33:38,FULL_FRAME,1,478,228,272,673,351,10.16
2026-08-14 16:33:38,FULL_FRAME,1,478,230,274,673,351,10.16
2026-08-14 16:33:38,FULL_FRAME,1,478,228,277,673,351,10.16
2026-08-14 16:33:38,FULL_FRAME,1,478,228,274,673,351,10.16
2026-08-14 16:33:39,FULL_FRAME,1,478,228,273,673,351,10.16
2026-08-14 16:33:39,FULL_FRAME,1,478,231,274,673,351,10.16
2026-08-14 16:33:39,FULL_FRAME,1,478,233,278,673,351,10.16
2026-08-14 16:33:39,FULL_FRAME,1,478,239,281,673,351,10.16
2026-08-14 16:33:39,FULL_FRAME,1,478,239,286,673,351,10.16
2026-08-14 16:33:39,FULL_FRAME,1,478,238,287,673,351,10.16
2026-08-14 16:33:39,FULL_FRAME,1,478,234,287,673,351,9.96
2026-08-14 16:33:39,FULL_FRAME,1,478,234,288,673,351,9.96
2026-08-14 16:33:39,FULL_FRAME,1,478,233,288,673,351,9.96
2026-08-14 16:33:39,FULL_FRAME,1,478,232,287,673,351,9.96
2026-08-14 16:33:40,FULL_FRAME,1,478,233,288,673,351,9.96
2026-08-14 16:33:40,FULL_FRAME,1,478,231,288,673,351,9.96
2026-08-14 16:33:40,FULL_FRAME,1,478,227,287,673,351,9.96
2026-08-14 16:33:40,FULL_FRAME,1,478,226,284,673,351,9.96
2026-08-14 16:33:40,FULL_FRAME,1,478,224,283,673,351,9.96
2026-08-14 16:33:40,FULL_FRAME,1,478,225,279,673,351,9.96
2026-08-14 16:33:40,FULL_FRAME,1,478,224,277,673,351,9.96
2026-08-14 16:33:40,FULL_FRAME,1,478,215,276,673,351,10.11
2026-08-14 16:33:40,FULL_FRAME,1,478,224,279,673,351,10.11
2026-08-14 16:33:40,FULL_FRAME,1,478,244,286,673,351,10.11
2026-08-14 16:33:41,FULL_FRAME,1,478,243,285,673,351,10.11
2026-08-14 16:33:41,FULL_FRAME,1,478,239,285,673,351,10.11
2026-08-14 16:33:41,FULL_FRAME,1,478,237,282,673,351,10.11
2026-08-14 16:33:41,FULL_FRAME,1,478,238,281,673,351,10.11
2026-08-14 16:33:41,FULL_FRAME,1,478,239,283,673,351,10.11
2026-08-14 16:33:41,FULL_FRAME,1,478,244,284,673,351,10.11
2026-08-14 16:33:41,FULL_FRAME,1,478,246,282,673,351,10.11
2026-08-14 16:33:41,FULL_FRAME,1,478,246,281,673,351,9.92
2026-08-14 16:33:41,FULL_FRAME,1,478,246,280,673,351,9.92
2026-08-14 16:33:41,FULL_FRAME,1,478,245,278,673,351,9.92
2026-08-14 16:33:42,FULL_FRAME,1,478,245,276,673,351,9.92
2026-08-14 16:33:42,FULL_FRAME,1,478,247,276,673,351,9.92
2026-08-14 16:33:42,FULL_FRAME,1,478,241,277,673,351,9.92
2026-08-14 16:33:42,FULL_FRAME,1,478,240,284,673,351,9.92
2026-08-14 16:33:42,FULL_FRAME,1,478,242,285,673,351,9.92
2026-08-14 16:33:42,FULL_FRAME,1,478,238,283,673,351,9.92
2026-08-14 16:33:42,FULL_FRAME,1,478,239,283,673,351,9.92
2026-08-14 16:33:42,FULL_FRAME,1,478,237,282,673,351,9.92
2026-08-14 16:33:42,FULL_FRAME,1,478,250,285,673,351,10.12
2026-08-14 16:33:42,FULL_FRAME,1,478,247,283,673,351,10.12
2026-08-14 16:33:43,FULL_FRAME,1,478,258,286,673,351,10.12
2026-08-14 16:33:43,FULL_FRAME,1,478,253,286,673,351,10.12
2026-08-14 16:33:43,FULL_FRAME,1,478,248,286,673,351,10.12
2026-08-14 16:33:43,FULL_FRAME,1,478,249,285,673,351,10.12
2026-08-14 16:33:43,FULL_FRAME,1,478,254,287,673,351,10.12
2026-08-14 16:33:43,FULL_FRAME,1,478,256,289,673,351,10.12
2026-08-14 16:33:43,FULL_FRAME,1,478,257,291,673,351,10.12
2026-08-14 16:33:43,FULL_FRAME,1,478,258,289,673,351,10.12
2026-08-14 16:33:43,FULL_FRAME,1,478,250,290,673,351,9.91
2026-08-14 16:33:43,FULL_FRAME,1,478,252,292,673,351,9.91
2026-08-14 16:33:44,FULL_FRAME,1,478,250,292,673,351,9.91
2026-08-14 16:33:44,FULL_FRAME,1,478,253,293,673,351,9.91
2026-08-14 16:33:44,FULL_FRAME,1,478,246,291,673,351,9.91
2026-08-14 16:33:44,FULL_FRAME,1,478,250,292,673,351,9.91
2026-08-14 16:33:44,FULL_FRAME,1,478,248,293,673,351,9.91
2026-08-14 16:33:44,FULL_FRAME,1,478,252,292,673,351,9.91
2026-08-14 16:33:44,FULL_FRAME,1,478,258,294,673,351,9.91
2026-08-14 16:33:44,FULL_FRAME,1,478,256,295,673,351,9.91
2026-08-14 16:33:44,FULL_FRAME,1,478,254,293,673,351,9.91
2026-08-14 16:33:44,FULL_FRAME,1,478,245,289,673,351,10.14
2026-08-14 16:33:45,FULL_FRAME,1,478,247,289,673,351,10.14
2026-08-14 16:33:45,FULL_FRAME,1,478,247,289,673,351,10.14
2026-08-14 16:33:45,FULL_FRAME,1,478,244,291,673,351,10.14
2026-08-14 16:33:45,FULL_FRAME,1,478,245,291,673,351,10.14
2026-08-14 16:33:45,FULL_FRAME,1,478,241,289,673,351,10.14
2026-08-14 16:33:45,FULL_FRAME,1,478,238,286,673,351,10.14
2026-08-14 16:33:45,FULL_FRAME,1,478,235,287,673,351,10.14
2026-08-14 16:33:45,FULL_FRAME,1,478,231,286,673,351,10.14
2026-08-14 16:33:45,FULL_FRAME,1,478,229,285,673,351,10.14
2026-08-14 16:33:45,FULL_FRAME,1,478,227,282,673,351,9.92
2026-08-14 16:33:46,FULL_FRAME,1,478,229,283,673,351,9.92
2026-08-14 16:33:46,FULL_FRAME,1,478,232,282,673,351,9.92
2026-08-14 16:33:46,FULL_FRAME,1,478,234,282,673,351,9.92
2026-08-14 16:33:46,FULL_FRAME,1,478,239,281,673,351,9.92
2026-08-14 16:33:46,FULL_FRAME,1,478,235,281,673,351,9.92
2026-08-14 16:33:46,FULL_FRAME,1,478,233,281,673,351,9.92
2026-08-14 16:33:46,FULL_FRAME,1,478,233,282,673,351,9.92
2026-08-14 16:33:46,FULL_FRAME,1,478,238,283,673,351,9.92
2026-08-14 16:33:46,FULL_FRAME,1,478,241,284,673,351,9.92
2026-08-14 16:33:46,FULL_FRAME,1,478,241,285,673,351,9.92
2026-08-14 16:33:47,FULL_FRAME,1,478,234,282,673,351,10.06
2026-08-14 16:33:47,FULL_FRAME,1,478,236,284,673,351,10.06
2026-08-14 16:33:47,FULL_FRAME,1,478,234,283,673,351,10.06
2026-08-14 16:33:47,FULL_FRAME,1,478,240,283,673,351,10.06
2026-08-14 16:33:47,FULL_FRAME,1,478,239,284,673,351,10.06
2026-08-14 16:33:47,FULL_FRAME,1,478,239,285,673,351,10.06
2026-08-14 16:33:47,FULL_FRAME,1,478,245,286,673,351,10.06
2026-08-14 16:33:47,FULL_FRAME,1,478,244,287,673,351,10.06
2026-08-14 16:33:47,FULL_FRAME,1,478,242,288,673,351,10.06
2026-08-14 16:33:47,FULL_FRAME,1,478,243,288,673,351,10.06
2026-08-14 16:33:48,FULL_FRAME,1,478,240,288,673,351,10.06
2026-08-14 16:33:48,FULL_FRAME,1,478,232,285,673,351,9.94
2026-08-14 16:33:48,FULL_FRAME,1,478,228,288,673,351,9.94
2026-08-14 16:33:48,FULL_FRAME,1,478,229,288,673,351,9.94
2026-08-14 16:33:48,FULL_FRAME,1,478,230,285,673,351,9.94
2026-08-14 16:33:48,FULL_FRAME,1,478,234,286,673,351,9.94
2026-08-14 16:33:48,FULL_FRAME,1,478,236,286,673,351,9.94
2026-08-14 16:33:48,FULL_FRAME,1,478,235,287,673,351,9.94
2026-08-14 16:33:48,FULL_FRAME,1,478,236,288,673,351,9.94
2026-08-14 16:33:48,FULL_FRAME,1,478,239,288,673,351,9.94
2026-08-14 16:33:49,FULL_FRAME,1,478,235,288,673,351,9.94
2026-08-14 16:33:49,FULL_FRAME,1,478,235,288,673,351,9.94
2026-08-14 16:33:49,FULL_FRAME,1,478,241,291,673,351,10.17
2026-08-14 16:33:49,FULL_FRAME,1,478,239,290,673,351,10.17
2026-08-14 16:33:49,FULL_FRAME,1,478,237,289,673,351,10.17
2026-08-14 16:33:49,FULL_FRAME,1,478,231,286,673,351,10.17
2026-08-14 16:33:49,FULL_FRAME,1,478,233,282,673,351,10.17
2026-08-14 16:33:49,FULL_FRAME,1,478,237,276,673,351,10.17
2026-08-14 16:33:49,FULL_FRAME,1,478,245,282,673,351,10.17
2026-08-14 16:33:49,FULL_FRAME,1,478,250,285,673,351,10.17
2026-08-14 16:33:50,FULL_FRAME,1,478,245,289,673,351,10.17
2026-08-14 16:33:50,FULL_FRAME,1,478,248,286,673,351,10.17
2026-08-14 16:33:50,FULL_FRAME,1,478,239,285,673,351,9.98
2026-08-14 16:33:50,FULL_FRAME,1,478,247,287,673,351,9.98
2026-08-14 16:33:50,FULL_FRAME,1,478,245,286,673,351,9.98
2026-08-14 16:33:50,FULL_FRAME,1,478,248,282,673,351,9.98
2026-08-14 16:33:50,FULL_FRAME,1,478,245,281,673,351,9.98
2026-08-14 16:33:50,FULL_FRAME,1,478,244,279,673,351,9.98
2026-08-14 16:33:50,FULL_FRAME,1,478,246,281,673,351,9.98
2026-08-14 16:33:50,FULL_FRAME,1,478,238,280,673,351,9.98
2026-08-14 16:33:51,FULL_FRAME,1,478,241,283,673,351,9.98
2026-08-14 16:33:51,FULL_FRAME,1,478,246,284,673,351,9.98
2026-08-14 16:33:51,FULL_FRAME,1,478,253,287,673,351,9.98
2026-08-14 16:33:51,FULL_FRAME,1,478,250,289,673,351,10.11
2026-08-14 16:33:51,FULL_FRAME,1,478,247,288,673,351,10.11
2026-08-14 16:33:51,FULL_FRAME,1,478,248,284,673,351,10.11
2026-08-14 16:33:51,FULL_FRAME,1,478,244,283,673,351,10.11
2026-08-14 16:33:51,FULL_FRAME,1,478,244,287,673,351,10.11
2026-08-14 16:33:51,FULL_FRAME,1,478,249,287,673,351,10.11
2026-08-14 16:33:51,FULL_FRAME,1,478,248,286,673,351,10.11
2026-08-14 16:33:52,FULL_FRAME,1,478,248,285,673,351,10.11
2026-08-14 16:33:52,FULL_FRAME,1,478,248,288,673,351,10.11
2026-08-14 16:33:52,FULL_FRAME,1,478,247,285,673,351,10.11
2026-08-14 16:33:52,FULL_FRAME,1,478,255,288,673,351,9.89
2026-08-14 16:33:52,FULL_FRAME,1,478,254,285,673,351,9.89
2026-08-14 16:33:52,FULL_FRAME,1,478,253,286,673,351,9.89
2026-08-14 16:33:52,FULL_FRAME,1,478,252,286,673,351,9.89
2026-08-14 16:33:52,FULL_FRAME,1,478,247,286,673,351,9.89
2026-08-14 16:33:52,FULL_FRAME,1,478,245,287,673,351,9.89
2026-08-14 16:33:52,FULL_FRAME,1,478,246,288,673,351,9.89
2026-08-14 16:33:53,FULL_FRAME,1,478,245,287,673,351,9.89
2026-08-14 16:33:53,FULL_FRAME,1,478,245,286,673,351,9.89
2026-08-14 16:33:53,FULL_FRAME,1,478,246,287,673,351,9.89
2026-08-14 16:33:53,FULL_FRAME,1,478,245,287,673,351,9.89
2026-08-14 16:33:53,FULL_FRAME,1,478,244,286,673,351,10.14
2026-08-14 16:33:53,FULL_FRAME,1,478,244,286,673,351,10.14
2026-08-14 16:33:53,FULL_FRAME,1,478,244,285,673,351,10.14
2026-08-14 16:33:53,FULL_FRAME,1,478,244,285,673,351,10.14
2026-08-14 16:33:53,FULL_FRAME,1,478,244,284,673,351,10.14
2026-08-14 16:33:53,FULL_FRAME,1,478,243,280,673,351,10.14
2026-08-14 16:33:54,FULL_FRAME,1,478,243,280,673,351,10.14
2026-08-14 16:33:54,FULL_FRAME,1,478,245,279,673,351,10.14
2026-08-14 16:33:54,FULL_FRAME,1,478,246,280,673,351,10.14
2026-08-14 16:33:54,FULL_FRAME,1,478,251,280,673,351,10.14
2026-08-14 16:33:54,FULL_FRAME,1,478,254,280,673,351,9.82
2026-08-14 16:33:54,FULL_FRAME,1,478,243,279,673,351,9.82
2026-08-14 16:33:54,FULL_FRAME,1,478,245,280,673,351,9.82
2026-08-14 16:33:54,FULL_FRAME,1,478,252,279,673,351,9.82
2026-08-14 16:33:54,FULL_FRAME,1,478,260,284,673,351,9.82
2026-08-14 16:33:54,FULL_FRAME,1,478,254,286,673,351,9.82
2026-08-14 16:33:55,FULL_FRAME,1,478,255,288,673,351,9.82
2026-08-14 16:33:55,FULL_FRAME,1,478,253,287,673,351,9.82
2026-08-14 16:33:55,FULL_FRAME,1,478,251,289,673,351,9.82
2026-08-14 16:33:55,FULL_FRAME,1,478,250,289,673,351,9.82
2026-08-14 16:33:55,FULL_FRAME,1,478,250,288,673,351,9.82
2026-08-14 16:33:55,FULL_FRAME,1,478,249,287,673,351,10.15
2026-08-14 16:33:55,FULL_FRAME,1,478,248,286,673,351,10.15
2026-08-14 16:33:55,FULL_FRAME,1,478,249,288,673,351,10.15
2026-08-14 16:33:55,FULL_FRAME,1,478,250,289,673,351,10.15
2026-08-14 16:33:55,FULL_FRAME,1,478,250,290,673,351,10.15
2026-08-14 16:33:56,FULL_FRAME,1,478,256,292,673,351,10.15
2026-08-14 16:33:56,FULL_FRAME,1,478,256,291,673,351,10.15
2026-08-14 16:33:56,FULL_FRAME,1,478,254,291,673,351,10.15
2026-08-14 16:33:56,FULL_FRAME,1,478,256,293,673,351,10.15
2026-08-14 16:33:56,FULL_FRAME,1,478,254,295,673,351,10.15
2026-08-14 16:33:56,FULL_FRAME,1,478,262,297,673,351,10.15
2026-08-14 16:33:56,FULL_FRAME,1,478,254,295,673,351,9.97
2026-08-14 16:33:56,FULL_FRAME,1,478,253,294,673,351,9.97
2026-08-14 16:33:56,FULL_FRAME,1,478,255,293,673,351,9.97
2026-08-14 16:33:56,FULL_FRAME,1,478,254,293,673,351,9.97
2026-08-14 16:33:57,FULL_FRAME,1,478,253,292,673,351,9.97
2026-08-14 16:33:57,FULL_FRAME,1,478,253,291,673,351,9.97
2026-08-14 16:33:57,FULL_FRAME,1,478,253,291,673,351,9.97
2026-08-14 16:33:57,FULL_FRAME,1,478,255,285,673,351,9.97
2026-08-14 16:33:57,FULL_FRAME,1,478,273,270,673,351,9.97
2026-08-14 16:33:57,FULL_FRAME,0,0,0,0,673,351,9.97
2026-08-14 16:33:57,FULL_FRAME,0,0,0,0,673,351,9.97
2026-08-14 16:33:57,FULL_FRAME,0,0,0,0,673,351,10.12
2026-08-14 16:33:57,FULL_FRAME,0,0,0,0,673,351,10.12
2026-08-14 16:33:57,FULL_FRAME,1,478,236,252,673,351,10.12
2026-08-14 16:33:58,FULL_FRAME,1,478,237,262,673,351,10.12
2026-08-14 16:33:58,FULL_FRAME,1,478,241,265,673,351,10.12
2026-08-14 16:33:58,FULL_FRAME,1,478,246,281,673,351,10.12
2026-08-14 16:33:58,FULL_FRAME,1,478,276,292,673,351,10.12
2026-08-14 16:33:58,FULL_FRAME,1,478,272,290,673,351,10.12
2026-08-14 16:33:58,FULL_FRAME,1,478,258,289,673,351,10.12
2026-08-14 16:33:58,FULL_FRAME,1,478,249,287,673,351,10.12
2026-08-14 16:33:58,FULL_FRAME,1,478,263,293,673,351,9.89
2026-08-14 16:33:58,FULL_FRAME,1,478,259,293,673,351,9.89
2026-08-14 16:33:58,FULL_FRAME,1,478,272,294,673,351,9.89
2026-08-14 16:33:59,FULL_FRAME,1,478,261,291,673,351,9.89
2026-08-14 16:33:59,FULL_FRAME,1,478,256,294,673,351,9.89
2026-08-14 16:33:59,FULL_FRAME,1,478,245,285,673,351,9.89
2026-08-14 16:33:59,FULL_FRAME,1,478,246,271,673,351,9.89
2026-08-14 16:33:59,FULL_FRAME,1,478,257,277,673,351,9.89
2026-08-14 16:33:59,FULL_FRAME,1,478,257,284,673,351,9.89
2026-08-14 16:33:59,FULL_FRAME,1,478,257,286,673,351,9.89
2026-08-14 16:33:59,FULL_FRAME,1,478,261,286,673,351,9.89
2026-08-14 16:33:59,FULL_FRAME,1,478,261,287,673,351,10.14
2026-08-14 16:33:59,FULL_FRAME,1,478,257,287,673,351,10.14
2026-08-14 16:34:00,FULL_FRAME,1,478,257,288,673,351,10.14
2026-08-14 16:34:00,FULL_FRAME,1,478,255,288,673,351,10.14
2026-08-14 16:34:00,FULL_FRAME,1,478,260,288,673,351,10.14
2026-08-14 16:34:00,FULL_FRAME,1,478,261,289,673,351,10.14
2026-08-14 16:34:00,FULL_FRAME,1,478,261,290,673,351,10.14
2026-08-14 16:34:00,FULL_FRAME,1,478,259,291,673,351,10.14
2026-08-14 16:34:00,FULL_FRAME,1,478,259,291,673,351,10.14
2026-08-14 16:34:00,FULL_FRAME,1,478,255,291,673,351,10.14
2026-08-14 16:34:00,FULL_FRAME,1,478,256,289,673,351,9.89
2026-08-14 16:34:00,FULL_FRAME,1,478,261,291,673,351,9.89
2026-08-14 16:34:01,FULL_FRAME,1,478,261,291,673,351,9.89
2026-08-14 16:34:01,FULL_FRAME,1,478,261,292,673,351,9.89
2026-08-14 16:34:01,FULL_FRAME,1,478,259,295,673,351,9.89
2026-08-14 16:34:01,FULL_FRAME,1,478,259,294,673,351,9.89
2026-08-14 16:34:01,FULL_FRAME,1,478,262,298,673,351,9.89
2026-08-14 16:34:01,FULL_FRAME,1,478,262,296,673,351,9.89
2026-08-14 16:34:01,FULL_FRAME,1,478,260,293,673,351,9.89
2026-08-14 16:34:01,FULL_FRAME,1,478,262,294,673,351,9.89
2026-08-14 16:34:01,FULL_FRAME,1,478,261,293,673,351,9.89
2026-08-14 16:34:01,FULL_FRAME,1,478,260,293,673,351,10.11
2026-08-14 16:34:02,FULL_FRAME,1,478,258,293,673,351,10.11
2026-08-14 16:34:02,FULL_FRAME,1,478,258,293,673,351,10.11
2026-08-14 16:34:02,FULL_FRAME,1,478,254,290,673,351,10.11
2026-08-14 16:34:02,FULL_FRAME,1,478,254,287,673,351,10.11
2026-08-14 16:34:02,FULL_FRAME,1,478,260,287,673,351,10.11
2026-08-14 16:34:02,FULL_FRAME,1,478,263,288,673,351,10.11
2026-08-14 16:34:02,FULL_FRAME,1,478,258,288,673,351,10.11
2026-08-14 16:34:02,FULL_FRAME,1,478,259,288,673,351,10.11
2026-08-14 16:34:02,FULL_FRAME,1,478,252,286,673,351,10.11
2026-08-14 16:34:02,FULL_FRAME,1,478,252,286,673,351,9.92
2026-08-14 16:34:03,FULL_FRAME,1,478,248,288,673,351,9.92
2026-08-14 16:34:03,FULL_FRAME,1,478,246,287,673,351,9.92
2026-08-14 16:34:03,FULL_FRAME,1,478,248,287,673,351,9.92
2026-08-14 16:34:03,FULL_FRAME,1,478,245,289,673,351,9.92
2026-08-14 16:34:03,FULL_FRAME,1,478,244,289,673,351,9.92
2026-08-14 16:34:03,FULL_FRAME,1,478,245,290,673,351,9.92
2026-08-14 16:34:03,FULL_FRAME,1,478,244,290,673,351,9.92
2026-08-14 16:34:03,FULL_FRAME,1,478,245,289,673,351,9.92
2026-08-14 16:34:03,FULL_FRAME,1,478,244,289,673,351,9.92
2026-08-14 16:34:03,FULL_FRAME,1,478,242,289,673,351,9.92
2026-08-14 16:34:04,FULL_FRAME,1,478,241,287,673,351,10.09
2026-08-14 16:34:04,FULL_FRAME,1,478,241,285,673,351,10.09
2026-08-14 16:34:04,FULL_FRAME,1,478,241,283,673,351,10.09
2026-08-14 16:34:04,FULL_FRAME,1,478,242,282,673,351,10.09
2026-08-14 16:34:04,FULL_FRAME,1,478,245,281,673,351,10.09
2026-08-14 16:34:04,FULL_FRAME,1,478,243,281,673,351,10.09
2026-08-14 16:34:04,FULL_FRAME,1,478,248,279,673,351,10.09
2026-08-14 16:34:04,FULL_FRAME,1,478,251,279,673,351,10.09
2026-08-14 16:34:04,FULL_FRAME,1,478,251,280,673,351,10.09
2026-08-14 16:34:04,FULL_FRAME,1,478,248,281,673,351,10.09
2026-08-14 16:34:05,FULL_FRAME,1,478,250,282,673,351,10.09
2026-08-14 16:34:05,FULL_FRAME,1,478,249,283,673,351,9.94
2026-08-14 16:34:05,FULL_FRAME,1,478,250,284,673,351,9.94
2026-08-14 16:34:05,FULL_FRAME,1,478,248,284,673,351,9.94
2026-08-14 16:34:05,FULL_FRAME,1,478,249,284,673,351,9.94
2026-08-14 16:34:05,FULL_FRAME,1,478,249,283,673,351,9.94
2026-08-14 16:34:05,FULL_FRAME,1,478,249,283,673,351,9.94
2026-08-14 16:34:05,FULL_FRAME,1,478,248,281,673,351,9.94
2026-08-14 16:34:05,FULL_FRAME,1,478,251,282,673,351,9.94
2026-08-14 16:34:05,FULL_FRAME,1,478,254,282,673,351,9.94
2026-08-14 16:34:06,FULL_FRAME,1,478,254,284,673,351,9.94
2026-08-14 16:34:06,FULL_FRAME,1,478,257,285,673,351,9.94
2026-08-14 16:34:06,FULL_FRAME,1,478,255,285,673,351,10.18
2026-08-14 16:34:06,FULL_FRAME,1,478,253,289,673,351,10.18
2026-08-14 16:34:06,FULL_FRAME,1,478,253,288,673,351,10.18
2026-08-14 16:34:06,FULL_FRAME,1,478,254,289,673,351,10.18
2026-08-14 16:34:06,FULL_FRAME,1,478,256,290,673,351,10.18
2026-08-14 16:34:06,FULL_FRAME,1,478,256,292,673,351,10.18
2026-08-14 16:34:06,FULL_FRAME,1,478,256,293,673,351,10.18
2026-08-14 16:34:06,FULL_FRAME,1,478,255,294,673,351,10.18
2026-08-14 16:34:07,FULL_FRAME,1,478,255,294,673,351,10.18
2026-08-14 16:34:07,FULL_FRAME,1,478,255,294,673,351,10.18
2026-08-14 16:34:07,FULL_FRAME,1,478,255,295,673,351,9.85
2026-08-14 16:34:07,FULL_FRAME,1,478,255,295,673,351,9.85
2026-08-14 16:34:07,FULL_FRAME,1,478,256,295,673,351,9.85
2026-08-14 16:34:07,FULL_FRAME,1,478,254,295,673,351,9.85
2026-08-14 16:34:07,FULL_FRAME,1,478,254,295,673,351,9.85
2026-08-14 16:34:07,FULL_FRAME,1,478,254,295,673,351,9.85
2026-08-14 16:34:07,FULL_FRAME,1,478,254,295,673,351,9.85
2026-08-14 16:34:07,FULL_FRAME,1,478,253,295,673,351,9.85
2026-08-14 16:34:08,FULL_FRAME,1,478,253,295,673,351,9.85
2026-08-14 16:34:08,FULL_FRAME,1,478,253,295,673,351,9.85
2026-08-14 16:34:08,FULL_FRAME,1,478,253,294,673,351,9.85
2026-08-14 16:34:08,FULL_FRAME,1,478,252,293,673,351,10.17
2026-08-14 16:34:08,FULL_FRAME,1,478,251,291,673,351,10.17
2026-08-14 16:34:08,FULL_FRAME,1,478,252,289,673,351,10.17
2026-08-14 16:34:08,FULL_FRAME,1,478,251,289,673,351,10.17
2026-08-14 16:34:08,FULL_FRAME,1,478,249,286,673,351,10.17
2026-08-14 16:34:08,FULL_FRAME,1,478,247,285,673,351,10.17
2026-08-14 16:34:08,FULL_FRAME,1,478,248,285,673,351,10.17
2026-08-14 16:34:09,FULL_FRAME,1,478,246,285,673,351,10.17
2026-08-14 16:34:09,FULL_FRAME,1,478,249,285,673,351,10.17
2026-08-14 16:34:09,FULL_FRAME,1,478,249,286,673,351,10.17
2026-08-14 16:34:09,FULL_FRAME,1,478,257,285,673,351,9.89
2026-08-14 16:34:09,FULL_FRAME,1,478,262,287,673,351,9.89
2026-08-14 16:34:09,FULL_FRAME,1,478,261,289,673,351,9.89
2026-08-14 16:34:09,FULL_FRAME,1,478,263,292,673,351,9.89
2026-08-14 16:34:09,FULL_FRAME,1,478,263,293,673,351,9.89
2026-08-14 16:34:09,FULL_FRAME,1,478,260,293,673,351,9.89
2026-08-14 16:34:09,FULL_FRAME,1,478,260,292,673,351,9.89
2026-08-14 16:34:09,FULL_FRAME,1,478,256,292,673,351,9.89
2026-08-14 16:34:10,FULL_FRAME,1,478,250,290,673,351,9.89
2026-08-14 16:34:10,FULL_FRAME,1,478,243,285,673,351,9.89
2026-08-14 16:34:10,FULL_FRAME,1,478,246,284,673,351,9.89
2026-08-14 16:34:10,FULL_FRAME,1,478,255,290,673,351,10.12
2026-08-14 16:34:10,FULL_FRAME,1,478,261,292,673,351,10.12
2026-08-14 16:34:10,FULL_FRAME,1,478,257,294,673,351,10.12
2026-08-14 16:34:10,FULL_FRAME,1,478,257,295,673,351,10.12
2026-08-14 16:34:10,FULL_FRAME,1,478,259,296,673,351,10.12
2026-08-14 16:34:10,FULL_FRAME,1,478,256,296,673,351,10.12
2026-08-14 16:34:11,FULL_FRAME,1,478,257,296,673,351,10.12
2026-08-14 16:34:11,FULL_FRAME,1,478,256,295,673,351,10.12
2026-08-14 16:34:11,FULL_FRAME,1,478,253,293,673,351,10.12
2026-08-14 16:34:11,FULL_FRAME,1,478,248,288,673,351,10.12
2026-08-14 16:34:11,FULL_FRAME,1,478,239,287,673,351,9.85
2026-08-14 16:34:11,FULL_FRAME,1,478,239,286,673,351,9.85
2026-08-14 16:34:11,FULL_FRAME,1,478,240,284,673,351,9.85
2026-08-14 16:34:11,FULL_FRAME,1,478,242,284,673,351,9.85
2026-08-14 16:34:11,FULL_FRAME,1,478,247,285,673,351,9.85
2026-08-14 16:34:11,FULL_FRAME,1,478,257,291,673,351,9.85
2026-08-14 16:34:11,FULL_FRAME,1,478,261,293,673,351,9.85
2026-08-14 16:34:12,FULL_FRAME,1,478,259,293,673,351,9.85
2026-08-14 16:34:12,FULL_FRAME,1,478,251,291,673,351,9.85
2026-08-14 16:34:12,FULL_FRAME,1,478,246,287,673,351,9.85
2026-08-14 16:34:12,FULL_FRAME,1,478,245,284,673,351,9.85
2026-08-14 16:34:12,FULL_FRAME,1,478,252,288,673,351,10.23
2026-08-14 16:34:12,FULL_FRAME,1,478,251,289,673,351,10.23
2026-08-14 16:34:12,FULL_FRAME,1,478,258,292,673,351,10.23
2026-08-14 16:34:12,FULL_FRAME,1,478,244,293,673,351,10.23
2026-08-14 16:34:12,FULL_FRAME,1,478,244,293,673,351,10.23
2026-08-14 16:34:12,FULL_FRAME,1,478,248,296,673,351,10.23
2026-08-14 16:34:13,FULL_FRAME,1,478,242,296,673,351,10.23
2026-08-14 16:34:13,FULL_FRAME,1,478,244,291,673,351,10.23
2026-08-14 16:34:13,FULL_FRAME,1,478,247,290,673,351,10.23
2026-08-14 16:34:13,FULL_FRAME,1,478,269,295,673,351,10.23
2026-08-14 16:34:13,FULL_FRAME,1,478,267,298,673,351,9.82
2026-08-14 16:34:13,FULL_FRAME,1,478,265,300,673,351,9.82
2026-08-14 16:34:13,FULL_FRAME,1,478,260,299,673,351,9.82
2026-08-14 16:34:13,FULL_FRAME,1,478,275,302,673,351,9.82
2026-08-14 16:34:13,FULL_FRAME,1,478,261,283,673,351,9.82
2026-08-14 16:34:13,FULL_FRAME,1,478,254,274,673,351,9.82
2026-08-14 16:34:14,FULL_FRAME,1,478,255,272,673,351,9.82
2026-08-14 16:34:14,FULL_FRAME,1,478,257,276,673,351,9.82
2026-08-14 16:34:14,FULL_FRAME,1,478,259,291,673,351,9.82
2026-08-14 16:34:14,FULL_FRAME,1,478,263,299,673,351,9.82
2026-08-14 16:34:14,FULL_FRAME,1,478,259,301,673,351,9.82
2026-08-14 16:34:14,FULL_FRAME,1,478,258,301,673,351,10.15
2026-08-14 16:34:14,FULL_FRAME,1,478,259,300,673,351,10.15
2026-08-14 16:34:14,FULL_FRAME,1,478,257,301,673,351,10.15
2026-08-14 16:34:14,FULL_FRAME,1,478,263,312,673,351,10.15
2026-08-14 16:34:14,FULL_FRAME,1,478,261,309,673,351,10.15
2026-08-14 16:34:15,FULL_FRAME,1,478,263,299,673,351,10.15
2026-08-14 16:34:15,FULL_FRAME,1,478,253,291,673,351,10.15
2026-08-14 16:34:15,FULL_FRAME,1,478,252,284,673,351,10.15
2026-08-14 16:34:15,FULL_FRAME,1,478,251,277,673,351,10.15
2026-08-14 16:34:15,FULL_FRAME,1,478,242,276,673,351,10.15
2026-08-14 16:34:15,FULL_FRAME,1,478,249,280,673,351,10.15
2026-08-14 16:34:15,FULL_FRAME,1,478,258,283,673,351,9.96
2026-08-14 16:34:15,FULL_FRAME,1,478,260,289,673,351,9.96
2026-08-14 16:34:15,FULL_FRAME,1,478,257,288,673,351,9.96
2026-08-14 16:34:15,FULL_FRAME,1,478,260,290,673,351,9.96
2026-08-14 16:34:16,FULL_FRAME,1,478,261,289,673,351,9.96
2026-08-14 16:34:16,FULL_FRAME,1,478,260,291,673,351,9.96
2026-08-14 16:34:16,FULL_FRAME,1,478,261,292,673,351,9.96
2026-08-14 16:34:16,FULL_FRAME,1,478,260,291,673,351,9.96
2026-08-14 16:34:16,FULL_FRAME,1,478,268,294,673,351,9.96
2026-08-14 16:34:16,FULL_FRAME,1,478,267,294,673,351,9.96
2026-08-14 16:34:16,FULL_FRAME,1,478,268,298,673,351,9.96
2026-08-14 16:34:16,FULL_FRAME,1,478,267,297,673,351,10.11
2026-08-14 16:34:16,FULL_FRAME,1,478,263,296,673,351,10.11
2026-08-14 16:34:16,FULL_FRAME,1,478,256,294,673,351,10.11
2026-08-14 16:34:17,FULL_FRAME,1,478,257,294,673,351,10.11
2026-08-14 16:34:17,FULL_FRAME,1,478,255,293,673,351,10.11
2026-08-14 16:34:17,FULL_FRAME,1,478,257,292,673,351,10.11
2026-08-14 16:34:17,FULL_FRAME,1,478,254,290,673,351,10.11
2026-08-14 16:34:17,FULL_FRAME,1,478,253,292,673,351,10.11
2026-08-14 16:34:17,FULL_FRAME,1,478,261,298,673,351,10.11
2026-08-14 16:34:17,FULL_FRAME,1,478,260,298,673,351,10.11
2026-08-14 16:34:17,FULL_FRAME,1,478,255,294,673,351,9.93
2026-08-14 16:34:17,FULL_FRAME,1,478,257,288,673,351,9.93
2026-08-14 16:34:17,FULL_FRAME,1,478,262,288,673,351,9.93
2026-08-14 16:34:18,FULL_FRAME,1,478,264,292,673,351,9.93
2026-08-14 16:34:18,FULL_FRAME,1,478,267,298,673,351,9.93
2026-08-14 16:34:18,FULL_FRAME,1,478,260,299,673,351,9.93
2026-08-14 16:34:18,FULL_FRAME,1,478,254,300,673,351,9.93
2026-08-14 16:34:18,FULL_FRAME,1,478,255,302,673,351,9.93
2026-08-14 16:34:18,FULL_FRAME,1,478,255,301,673,351,9.93
2026-08-14 16:34:18,FULL_FRAME,1,478,257,297,673,351,9.93
2026-08-14 16:34:18,FULL_FRAME,1,478,252,293,673,351,9.93
2026-08-14 16:34:18,FULL_FRAME,1,478,260,296,673,351,10.11
2026-08-14 16:34:18,FULL_FRAME,1,478,256,288,673,351,10.11
2026-08-14 16:34:19,FULL_FRAME,1,478,256,292,673,351,10.11
2026-08-14 16:34:19,FULL_FRAME,1,478,261,295,673,351,10.11
2026-08-14 16:34:19,FULL_FRAME,1,478,262,301,673,351,10.11
2026-08-14 16:34:19,FULL_FRAME,1,478,262,303,673,351,10.11
2026-08-14 16:34:19,FULL_FRAME,1,478,264,307,673,351,10.11
2026-08-14 16:34:19,FULL_FRAME,1,478,262,307,673,351,10.11
2026-08-14 16:34:19,FULL_FRAME,1,478,258,307,673,351,10.11
2026-08-14 16:34:19,FULL_FRAME,1,478,252,300,673,351,10.11
2026-08-14 16:34:19,FULL_FRAME,1,478,269,301,673,351,9.93
2026-08-14 16:34:19,FULL_FRAME,1,478,285,298,673,351,9.93
2026-08-14 16:34:20,FULL_FRAME,1,478,263,301,673,351,9.93
2026-08-14 16:34:20,FULL_FRAME,1,478,256,306,673,351,9.93
2026-08-14 16:34:20,FULL_FRAME,1,478,259,305,673,351,9.93
2026-08-14 16:34:20,FULL_FRAME,1,478,249,302,673,351,9.93
2026-08-14 16:34:20,FULL_FRAME,1,478,252,301,673,351,9.93
2026-08-14 16:34:20,FULL_FRAME,1,478,253,301,673,351,9.93
2026-08-14 16:34:20,FULL_FRAME,1,478,252,300,673,351,9.93
2026-08-14 16:34:20,FULL_FRAME,1,478,249,298,673,351,9.93
2026-08-14 16:34:20,FULL_FRAME,1,478,251,295,673,351,9.93
2026-08-14 16:34:20,FULL_FRAME,1,478,247,295,673,351,10.06
2026-08-14 16:34:21,FULL_FRAME,1,478,246,292,673,351,10.06
2026-08-14 16:34:21,FULL_FRAME,1,478,247,291,673,351,10.06
2026-08-14 16:34:21,FULL_FRAME,1,478,246,289,673,351,10.06
2026-08-14 16:34:21,FULL_FRAME,1,478,246,290,673,351,10.06
2026-08-14 16:34:21,FULL_FRAME,1,478,245,290,673,351,10.06
2026-08-14 16:34:21,FULL_FRAME,1,478,245,289,673,351,10.06
2026-08-14 16:34:21,FULL_FRAME,1,478,245,289,673,351,10.06
2026-08-14 16:34:21,FULL_FRAME,1,478,245,289,673,351,10.06
2026-08-14 16:34:21,FULL_FRAME,1,478,244,289,673,351,10.06
2026-08-14 16:34:21,FULL_FRAME,1,478,245,289,673,351,9.99
2026-08-14 16:34:22,FULL_FRAME,1,478,246,289,673,351,9.99
2026-08-14 16:34:22,FULL_FRAME,1,478,249,288,673,351,9.99
2026-08-14 16:34:22,FULL_FRAME,1,478,276,287,673,351,9.99
2026-08-14 16:34:22,FULL_FRAME,1,478,285,283,673,351,9.99
2026-08-14 16:34:22,FULL_FRAME,1,478,251,283,673,351,9.99
2026-08-14 16:34:22,FULL_FRAME,1,478,256,287,673,351,9.99
2026-08-14 16:34:22,FULL_FRAME,1,478,262,290,673,351,9.99
2026-08-14 16:34:22,FULL_FRAME,1,478,252,289,673,351,9.99
2026-08-14 16:34:22,FULL_FRAME,1,478,247,289,673,351,9.99
2026-08-14 16:34:22,FULL_FRAME,1,478,249,289,673,351,9.99
2026-08-14 16:34:23,FULL_FRAME,1,478,252,290,673,351,10.04
2026-08-14 16:34:23,FULL_FRAME,1,478,251,290,673,351,10.04
2026-08-14 16:34:23,FULL_FRAME,1,478,251,290,673,351,10.04
2026-08-14 16:34:23,FULL_FRAME,1,478,251,290,673,351,10.04
2026-08-14 16:34:23,FULL_FRAME,1,478,253,292,673,351,10.04
2026-08-14 16:34:23,FULL_FRAME,1,478,256,292,673,351,10.04
2026-08-14 16:34:23,FULL_FRAME,1,478,261,293,673,351,10.04
2026-08-14 16:34:23,FULL_FRAME,1,478,259,295,673,351,10.04
2026-08-14 16:34:23,FULL_FRAME,1,478,260,295,673,351,10.04
2026-08-14 16:34:23,FULL_FRAME,1,478,260,293,673,351,10.04
2026-08-14 16:34:24,FULL_FRAME,1,478,262,292,673,351,10.04
2026-08-14 16:34:24,FULL_FRAME,1,478,251,292,673,351,10.06
2026-08-14 16:34:24,FULL_FRAME,1,478,257,294,673,351,10.06
2026-08-14 16:34:24,FULL_FRAME,1,478,248,289,673,351,10.06
2026-08-14 16:34:24,FULL_FRAME,1,478,251,286,673,351,10.06
2026-08-14 16:34:24,FULL_FRAME,1,478,252,286,673,351,10.06
2026-08-14 16:34:24,FULL_FRAME,1,478,249,285,673,351,10.06
2026-08-14 16:34:24,FULL_FRAME,1,478,250,285,673,351,10.06
2026-08-14 16:34:24,FULL_FRAME,1,478,248,284,673,351,10.06
2026-08-14 16:34:24,FULL_FRAME,1,478,250,286,673,351,10.06
2026-08-14 16:34:25,FULL_FRAME,1,478,250,281,673,351,10.06
2026-08-14 16:34:25,FULL_FRAME,1,478,241,283,673,351,10.06
2026-08-14 16:34:25,FULL_FRAME,1,478,256,192,673,351,10.07
2026-08-14 16:34:25,FULL_FRAME,1,478,253,234,673,351,10.07
2026-08-14 16:34:25,FULL_FRAME,1,478,237,244,673,351,10.07
2026-08-14 16:34:25,FULL_FRAME,1,478,235,258,673,351,10.07
2026-08-14 16:34:25,FULL_FRAME,1,478,251,265,673,351,10.07
2026-08-14 16:34:25,FULL_FRAME,1,478,250,263,673,351,10.07
2026-08-14 16:34:25,FULL_FRAME,1,478,252,263,673,351,10.07
2026-08-14 16:34:25,FULL_FRAME,1,478,269,271,673,351,10.07
2026-08-14 16:34:26,FULL_FRAME,1,478,274,283,673,351,10.07
2026-08-14 16:34:26,FULL_FRAME,1,478,292,292,673,351,10.07
2026-08-14 16:34:26,FULL_FRAME,1,478,294,304,673,351,9.9
2026-08-14 16:34:26,FULL_FRAME,1,478,310,311,673,351,9.9
2026-08-14 16:34:26,FULL_FRAME,1,478,309,318,673,351,9.9
2026-08-14 16:34:26,FULL_FRAME,1,478,308,326,673,351,9.9
2026-08-14 16:34:26,FULL_FRAME,1,478,301,326,673,351,9.9
2026-08-14 16:34:26,FULL_FRAME,1,478,305,325,673,351,9.9
2026-08-14 16:34:26,FULL_FRAME,1,478,300,321,673,351,9.9
2026-08-14 16:34:26,FULL_FRAME,1,478,298,319,673,351,9.9
2026-08-14 16:34:27,FULL_FRAME,1,478,309,321,673,351,9.9
2026-08-14 16:34:27,FULL_FRAME,1,478,310,322,673,351,9.9
2026-08-14 16:34:27,FULL_FRAME,1,478,315,330,673,351,9.9
2026-08-14 16:34:27,FULL_FRAME,1,478,308,331,673,351,10.13
2026-08-14 16:34:27,FULL_FRAME,1,478,314,339,673,351,10.13
2026-08-14 16:34:27,FULL_FRAME,1,478,304,340,673,351,10.13
2026-08-14 16:34:27,FULL_FRAME,1,478,296,344,673,351,10.13
2026-08-14 16:34:27,FULL_FRAME,1,478,267,325,673,351,10.13
2026-08-14 16:34:27,FULL_FRAME,1,478,248,305,673,351,10.13
2026-08-14 16:34:27,FULL_FRAME,1,478,268,300,673,351,10.13
2026-08-14 16:34:28,FULL_FRAME,0,0,0,0,673,351,10.13
2026-08-14 16:34:28,FULL_FRAME,0,0,0,0,673,351,10.13
2026-08-14 16:34:28,FULL_FRAME,0,0,0,0,673,351,10.13
2026-08-14 16:34:28,FULL_FRAME,0,0,0,0,673,351,9.87
2026-08-14 16:34:28,FULL_FRAME,0,0,0,0,673,351,9.87
2026-08-14 16:34:28,FULL_FRAME,0,0,0,0,673,351,9.87
2026-08-14 16:34:28,FULL_FRAME,0,0,0,0,673,351,9.87
2026-08-14 16:34:28,FULL_FRAME,0,0,0,0,673,351,9.87
2026-08-14 16:34:28,FULL_FRAME,1,478,240,238,673,351,9.87
2026-08-14 16:34:28,FULL_FRAME,1,478,266,255,673,351,9.87
2026-08-14 16:34:29,FULL_FRAME,1,478,281,282,673,351,9.87
2026-08-14 16:34:29,FULL_FRAME,1,478,282,290,673,351,9.87
2026-08-14 16:34:29,FULL_FRAME,1,478,283,293,673,351,9.87
2026-08-14 16:34:29,FULL_FRAME,1,478,282,292,673,351,9.87
2026-08-14 16:34:29,FULL_FRAME,1,478,277,292,673,351,10.15
2026-08-14 16:34:29,FULL_FRAME,1,478,287,292,673,351,10.15
2026-08-14 16:34:29,FULL_FRAME,1,478,270,288,673,351,10.15
2026-08-14 16:34:29,FULL_FRAME,1,478,275,288,673,351,10.15
2026-08-14 16:34:29,FULL_FRAME,1,478,279,286,673,351,10.15
2026-08-14 16:34:29,FULL_FRAME,1,478,286,285,673,351,10.15
2026-08-14 16:34:30,FULL_FRAME,1,478,279,287,673,351,10.15
2026-08-14 16:34:30,FULL_FRAME,1,478,276,288,673,351,10.15
2026-08-14 16:34:30,FULL_FRAME,1,478,267,286,673,351,10.15
2026-08-14 16:34:30,FULL_FRAME,1,478,273,286,673,351,10.15
2026-08-14 16:34:30,FULL_FRAME,1,478,276,288,673,351,9.92
2026-08-14 16:34:30,FULL_FRAME,1,478,275,292,673,351,9.92
2026-08-14 16:34:30,FULL_FRAME,1,478,268,290,673,351,9.92
2026-08-14 16:34:30,FULL_FRAME,1,478,269,288,673,351,9.92
2026-08-14 16:34:30,FULL_FRAME,1,478,271,284,673,351,9.92
2026-08-14 16:34:30,FULL_FRAME,1,478,271,280,673,351,9.92
2026-08-14 16:34:31,FULL_FRAME,1,478,273,281,673,351,9.92
2026-08-14 16:34:31,FULL_FRAME,1,478,263,282,673,351,9.92
2026-08-14 16:34:31,FULL_FRAME,0,0,0,0,673,351,9.92
2026-08-14 16:34:31,FULL_FRAME,0,0,0,0,673,351,9.92
2026-08-14 16:34:31,FULL_FRAME,0,0,0,0,673,351,9.92
2026-08-14 16:34:31,FULL_FRAME,0,0,0,0,673,351,10.11
2026-08-14 16:34:31,FULL_FRAME,0,0,0,0,673,351,10.11
2026-08-14 16:34:31,FULL_FRAME,0,0,0,0,673,351,10.11
2026-08-14 16:34:31,FULL_FRAME,0,0,0,0,673,351,10.11
2026-08-14 16:34:31,FULL_FRAME,1,478,257,283,673,351,10.11
2026-08-14 16:34:32,FULL_FRAME,1,478,277,292,673,351,10.11
2026-08-14 16:34:32,FULL_FRAME,1,478,269,295,673,351,10.11
2026-08-14 16:34:32,FULL_FRAME,1,478,284,297,673,351,10.11
2026-08-14 16:34:32,FULL_FRAME,1,478,278,298,673,351,10.11
2026-08-14 16:34:32,FULL_FRAME,1,478,271,298,673,351,10.11
2026-08-14 16:34:32,FULL_FRAME,1,478,257,299,673,351,10.11
2026-08-14 16:34:32,FULL_FRAME,1,478,257,299,673,351,9.97
2026-08-14 16:34:32,FULL_FRAME,1,478,254,298,673,351,9.97
2026-08-14 16:34:32,FULL_FRAME,1,478,249,296,673,351,9.97
2026-08-14 16:34:32,FULL_FRAME,1,478,248,296,673,351,9.97
2026-08-14 16:34:33,FULL_FRAME,1,478,250,294,673,351,9.97
2026-08-14 16:34:33,FULL_FRAME,1,478,251,291,673,351,9.97
2026-08-14 16:34:33,FULL_FRAME,1,478,252,289,673,351,9.97
2026-08-14 16:34:33,FULL_FRAME,1,478,275,294,673,351,9.97
2026-08-14 16:34:33,FULL_FRAME,1,478,274,297,673,351,9.97
2026-08-14 16:34:33,FULL_FRAME,1,478,280,301,673,351,9.97
2026-08-14 16:34:33,FULL_FRAME,1,478,267,302,673,351,9.97
2026-08-14 16:34:33,FULL_FRAME,1,478,272,305,673,351,10.12
2026-08-14 16:34:33,FULL_FRAME,1,478,266,306,673,351,10.12
2026-08-14 16:34:33,FULL_FRAME,1,478,264,306,673,351,10.12
2026-08-14 16:34:34,FULL_FRAME,1,478,269,306,673,351,10.12
2026-08-14 16:34:34,FULL_FRAME,1,478,279,307,673,351,10.12
2026-08-14 16:34:34,FULL_FRAME,1,478,274,303,673,351,10.12
2026-08-14 16:34:34,FULL_FRAME,1,478,269,301,673,351,10.12
2026-08-14 16:34:34,FULL_FRAME,1,478,265,296,673,351,10.12
2026-08-14 16:34:34,FULL_FRAME,1,478,263,293,673,351,10.12
2026-08-14 16:34:34,FULL_FRAME,1,478,264,294,673,351,10.12
2026-08-14 16:34:34,FULL_FRAME,1,478,263,292,673,351,9.92
2026-08-14 16:34:34,FULL_FRAME,1,478,261,292,673,351,9.92
2026-08-14 16:34:34,FULL_FRAME,1,478,261,292,673,351,9.92
2026-08-14 16:34:35,FULL_FRAME,1,478,258,292,673,351,9.92
2026-08-14 16:34:35,FULL_FRAME,1,478,257,294,673,351,9.92
2026-08-14 16:34:35,FULL_FRAME,1,478,256,296,673,351,9.92
2026-08-14 16:34:35,FULL_FRAME,1,478,257,299,673,351,9.92
2026-08-14 16:34:35,FULL_FRAME,1,478,256,299,673,351,9.92
2026-08-14 16:34:35,FULL_FRAME,1,478,255,298,673,351,9.92
2026-08-14 16:34:35,FULL_FRAME,1,478,255,299,673,351,9.92
2026-08-14 16:34:35,FULL_FRAME,1,478,257,299,673,351,9.92
2026-08-14 16:34:35,FULL_FRAME,1,478,257,298,673,351,10.1
2026-08-14 16:34:35,FULL_FRAME,1,478,256,297,673,351,10.1
2026-08-14 16:34:36,FULL_FRAME,1,478,256,298,673,351,10.1
2026-08-14 16:34:36,FULL_FRAME,1,478,256,298,673,351,10.1
2026-08-14 16:34:36,FULL_FRAME,1,478,256,298,673,351,10.1
2026-08-14 16:34:36,FULL_FRAME,1,478,260,298,673,351,10.1
2026-08-14 16:34:36,FULL_FRAME,1,478,260,298,673,351,10.1
2026-08-14 16:34:36,FULL_FRAME,1,478,260,300,673,351,10.1
2026-08-14 16:34:36,FULL_FRAME,1,478,260,300,673,351,10.1
2026-08-14 16:34:36,FULL_FRAME,1,478,263,299,673,351,10.1
2026-08-14 16:34:36,FULL_FRAME,1,478,265,300,673,351,9.92
2026-08-14 16:34:36,FULL_FRAME,1,478,264,303,673,351,9.92
2026-08-14 16:34:37,FULL_FRAME,1,478,267,307,673,351,9.92
2026-08-14 16:34:37,FULL_FRAME,1,478,266,314,673,351,9.92
2026-08-14 16:34:37,FULL_FRAME,1,478,271,311,673,351,9.92
2026-08-14 16:34:37,FULL_FRAME,1,478,268,309,673,351,9.92
2026-08-14 16:34:37,FULL_FRAME,0,0,0,0,673,351,9.92
2026-08-14 16:34:37,FULL_FRAME,0,0,0,0,673,351,9.92
2026-08-14 16:34:37,FULL_FRAME,1,478,246,278,673,351,9.92
2026-08-14 16:34:37,FULL_FRAME,1,478,271,292,673,351,9.92
2026-08-14 16:34:37,FULL_FRAME,1,478,272,315,673,351,9.92
2026-08-14 16:34:37,FULL_FRAME,1,478,279,324,673,351,10.08
2026-08-14 16:34:38,FULL_FRAME,1,478,292,324,673,351,10.08
2026-08-14 16:34:38,FULL_FRAME,1,478,288,325,673,351,10.08
2026-08-14 16:34:38,FULL_FRAME,1,478,301,327,673,351,10.08
2026-08-14 16:34:38,FULL_FRAME,1,478,304,321,673,351,10.08
2026-08-14 16:34:38,FULL_FRAME,1,478,288,307,673,351,10.08
2026-08-14 16:34:38,FULL_FRAME,1,478,282,321,673,351,10.08
2026-08-14 16:34:38,FULL_FRAME,1,478,273,318,673,351,10.08
2026-08-14 16:34:38,FULL_FRAME,1,478,257,302,673,351,10.08
2026-08-14 16:34:38,FULL_FRAME,1,478,242,296,673,351,10.08
2026-08-14 16:34:38,FULL_FRAME,1,478,257,303,673,351,9.95
2026-08-14 16:34:39,FULL_FRAME,1,478,268,307,673,351,9.95
2026-08-14 16:34:39,FULL_FRAME,1,478,264,313,673,351,9.95
2026-08-14 16:34:39,FULL_FRAME,1,478,261,317,673,351,9.95
2026-08-14 16:34:39,FULL_FRAME,0,0,0,0,673,351,9.95
2026-08-14 16:34:39,FULL_FRAME,0,0,0,0,673,351,9.95
2026-08-14 16:34:39,FULL_FRAME,0,0,0,0,673,351,9.95
2026-08-14 16:34:39,FULL_FRAME,1,478,237,263,673,351,9.95
2026-08-14 16:34:39,FULL_FRAME,1,478,241,260,673,351,9.95
2026-08-14 16:34:39,FULL_FRAME,1,478,252,268,673,351,9.95
2026-08-14 16:34:39,FULL_FRAME,1,478,275,267,673,351,9.95
2026-08-14 16:34:40,FULL_FRAME,1,478,270,259,673,351,10.07
2026-08-14 16:34:40,FULL_FRAME,0,0,0,0,673,351,10.07
2026-08-14 16:34:40,FULL_FRAME,0,0,0,0,673,351,10.07
2026-08-14 16:34:40,FULL_FRAME,0,0,0,0,673,351,10.07
2026-08-14 16:34:40,FULL_FRAME,0,0,0,0,673,351,10.07
2026-08-14 16:34:40,FULL_FRAME,0,0,0,0,673,351,10.07
2026-08-14 16:34:40,FULL_FRAME,1,478,257,271,673,351,10.07
2026-08-14 16:34:40,FULL_FRAME,1,478,255,275,673,351,10.07
2026-08-14 16:34:40,FULL_FRAME,1,478,264,287,673,351,10.07
2026-08-14 16:34:40,FULL_FRAME,1,478,266,296,673,351,10.07
2026-08-14 16:34:41,FULL_FRAME,1,478,252,301,673,351,10.07
2026-08-14 16:34:41,FULL_FRAME,1,478,255,295,673,351,10.0
2026-08-14 16:34:41,FULL_FRAME,1,478,251,294,673,351,10.0
2026-08-14 16:34:41,FULL_FRAME,1,478,252,294,673,351,10.0
2026-08-14 16:34:41,FULL_FRAME,1,478,251,292,673,351,10.0
2026-08-14 16:34:41,FULL_FRAME,1,478,250,293,673,351,10.0
2026-08-14 16:34:41,FULL_FRAME,1,478,248,289,673,351,10.0
2026-08-14 16:34:41,FULL_FRAME,1,478,263,287,673,351,10.0
2026-08-14 16:34:41,FULL_FRAME,1,478,270,292,673,351,10.0
2026-08-14 16:34:41,FULL_FRAME,1,478,261,297,673,351,10.0
2026-08-14 16:34:42,FULL_FRAME,1,478,258,301,673,351,10.0
2026-08-14 16:34:42,FULL_FRAME,1,478,259,299,673,351,10.0
2026-08-14 16:34:42,FULL_FRAME,1,478,262,299,673,351,10.12
2026-08-14 16:34:42,FULL_FRAME,1,478,258,300,673,351,10.12
2026-08-14 16:34:42,FULL_FRAME,1,478,259,300,673,351,10.12
2026-08-14 16:34:42,FULL_FRAME,1,478,264,302,673,351,10.12
2026-08-14 16:34:42,FULL_FRAME,1,478,262,305,673,351,10.12
2026-08-14 16:34:42,FULL_FRAME,1,478,261,306,673,351,10.12
2026-08-14 16:34:42,FULL_FRAME,1,478,261,307,673,351,10.12
2026-08-14 16:34:42,FULL_FRAME,1,478,259,307,673,351,10.12
2026-08-14 16:34:43,FULL_FRAME,1,478,258,304,673,351,10.12
2026-08-14 16:34:43,FULL_FRAME,1,478,259,303,673,351,10.12
2026-08-14 16:34:43,FULL_FRAME,1,478,258,302,673,351,9.91
2026-08-14 16:34:43,FULL_FRAME,1,478,261,301,673,351,9.91
2026-08-14 16:34:43,FULL_FRAME,1,478,262,296,673,351,9.91
2026-08-14 16:34:43,FULL_FRAME,1,478,267,296,673,351,9.91
2026-08-14 16:34:43,FULL_FRAME,1,478,248,291,673,351,9.91
2026-08-14 16:34:43,FULL_FRAME,1,478,257,292,673,351,9.91
2026-08-14 16:34:43,FULL_FRAME,1,478,271,295,673,351,9.91
2026-08-14 16:34:43,FULL_FRAME,1,478,259,293,673,351,9.91
2026-08-14 16:34:44,FULL_FRAME,1,478,254,295,673,351,9.91
2026-08-14 16:34:44,FULL_FRAME,1,478,255,295,673,351,9.91
2026-08-14 16:34:44,FULL_FRAME,1,478,262,299,673,351,9.91
2026-08-14 16:34:44,FULL_FRAME,1,478,264,301,673,351,10.12
2026-08-14 16:34:44,FULL_FRAME,1,478,264,297,673,351,10.12
2026-08-14 16:34:44,FULL_FRAME,1,478,257,293,673,351,10.12
2026-08-14 16:34:44,FULL_FRAME,1,478,250,293,673,351,10.12
2026-08-14 16:34:44,FULL_FRAME,1,478,253,293,673,351,10.12
2026-08-14 16:34:44,FULL_FRAME,1,478,263,298,673,351,10.12
2026-08-14 16:34:44,FULL_FRAME,1,478,253,296,673,351,10.12
2026-08-14 16:34:45,FULL_FRAME,1,478,251,241,673,351,10.12
2026-08-14 16:34:45,FULL_FRAME,0,0,0,0,673,351,10.12
2026-08-14 16:34:45,FULL_FRAME,0,0,0,0,673,351,10.12
2026-08-14 16:34:45,FULL_FRAME,0,0,0,0,673,351,9.87
2026-08-14 16:34:45,FULL_FRAME,0,0,0,0,673,351,9.87
2026-08-14 16:34:45,FULL_FRAME,1,478,226,165,673,351,9.87
2026-08-14 16:34:45,FULL_FRAME,0,0,0,0,673,351,9.87
2026-08-14 16:34:45,FULL_FRAME,0,0,0,0,673,351,9.87
2026-08-14 16:34:45,FULL_FRAME,1,478,232,247,673,351,9.87
2026-08-14 16:34:45,FULL_FRAME,1,478,230,258,673,351,9.87
2026-08-14 16:34:46,FULL_FRAME,0,0,0,0,673,351,9.87
2026-08-14 16:34:46,FULL_FRAME,0,0,0,0,673,351,9.87
2026-08-14 16:34:46,FULL_FRAME,0,0,0,0,673,351,9.87
2026-08-14 16:34:46,FULL_FRAME,0,0,0,0,673,351,9.87
2026-08-14 16:34:46,FULL_FRAME,0,0,0,0,673,351,10.17
2026-08-14 16:34:46,FULL_FRAME,1,478,241,194,673,351,10.17
2026-08-14 16:34:46,FULL_FRAME,0,0,0,0,673,351,10.17
2026-08-14 16:34:46,FULL_FRAME,0,0,0,0,673,351,10.17
2026-08-14 16:34:47,FULL_FRAME,1,478,230,225,673,351,3.29
2026-08-14 16:34:47,FULL_FRAME,1,478,240,253,673,351,3.29
2026-08-14 16:34:47,FULL_FRAME,1,478,261,278,673,351,3.29
2026-08-14 16:34:47,FULL_FRAME,1,478,261,296,673,351,3.29
2026-08-14 16:34:48,FULL_FRAME,1,478,265,300,673,351,3.29
2026-08-14 16:34:48,FULL_FRAME,1,478,256,296,673,351,3.29
2026-08-14 16:34:48,FULL_FRAME,1,478,258,296,673,351,3.29
2026-08-14 16:34:48,FULL_FRAME,1,478,254,296,673,351,3.29
2026-08-14 16:34:48,FULL_FRAME,1,478,254,295,673,351,3.29
2026-08-14 16:34:48,FULL_FRAME,1,478,256,295,673,351,3.29
2026-08-14 16:34:48,FULL_FRAME,1,478,251,293,673,351,3.29
2026-08-14 16:34:48,FULL_FRAME,1,478,255,294,673,351,10.14
2026-08-14 16:34:48,FULL_FRAME,1,478,254,294,673,351,10.14
2026-08-14 16:34:48,FULL_FRAME,1,478,254,293,673,351,10.14
2026-08-14 16:34:48,FULL_FRAME,1,478,255,293,673,351,10.14
2026-08-14 16:34:49,FULL_FRAME,1,478,250,287,673,351,10.14
2026-08-14 16:34:49,FULL_FRAME,1,478,256,286,673,351,10.14
2026-08-14 16:34:49,FULL_FRAME,1,478,257,287,673,351,10.14
2026-08-14 16:34:49,FULL_FRAME,1,478,267,293,673,351,10.14
2026-08-14 16:34:49,FULL_FRAME,1,478,263,293,673,351,10.14
2026-08-14 16:34:49,FULL_FRAME,1,478,258,292,673,351,10.14
2026-08-14 16:34:49,FULL_FRAME,1,478,258,293,673,351,10.14
2026-08-14 16:34:49,FULL_FRAME,1,478,257,294,673,351,10.13
2026-08-14 16:34:49,FULL_FRAME,1,478,256,294,673,351,10.13
2026-08-14 16:34:50,FULL_FRAME,1,478,255,294,673,351,10.13
2026-08-14 16:34:50,FULL_FRAME,1,478,255,300,673,351,10.13
2026-08-14 16:34:50,FULL_FRAME,1,478,257,300,673,351,10.13
2026-08-14 16:34:50,FULL_FRAME,1,478,257,296,673,351,10.13
2026-08-14 16:34:50,FULL_FRAME,1,478,257,295,673,351,10.13
2026-08-14 16:34:50,FULL_FRAME,1,478,255,294,673,351,10.13
2026-08-14 16:34:50,FULL_FRAME,1,478,255,291,673,351,10.13
2026-08-14 16:34:50,FULL_FRAME,1,478,253,292,673,351,10.13
2026-08-14 16:34:50,FULL_FRAME,1,478,253,291,673,351,9.89
2026-08-14 16:34:50,FULL_FRAME,1,478,252,291,673,351,9.89
2026-08-14 16:34:51,FULL_FRAME,1,478,252,292,673,351,9.89
2026-08-14 16:34:51,FULL_FRAME,1,478,252,291,673,351,9.89
2026-08-14 16:34:51,FULL_FRAME,1,478,251,292,673,351,9.89
2026-08-14 16:34:51,FULL_FRAME,1,478,251,291,673,351,9.89
2026-08-14 16:34:51,FULL_FRAME,1,478,249,291,673,351,9.89
2026-08-14 16:34:51,FULL_FRAME,1,478,248,290,673,351,9.89
2026-08-14 16:34:51,FULL_FRAME,1,478,249,291,673,351,9.89
2026-08-14 16:34:51,FULL_FRAME,1,478,248,291,673,351,9.89
2026-08-14 16:34:51,FULL_FRAME,1,478,249,292,673,351,9.89
2026-08-14 16:34:51,FULL_FRAME,1,478,249,292,673,351,10.13
2026-08-14 16:34:51,FULL_FRAME,1,478,249,292,673,351,10.13
2026-08-14 16:34:52,FULL_FRAME,1,478,249,293,673,351,10.13
2026-08-14 16:34:52,FULL_FRAME,1,478,250,295,673,351,10.13
2026-08-14 16:34:52,FULL_FRAME,1,478,250,296,673,351,10.13
2026-08-14 16:34:52,FULL_FRAME,1,478,249,295,673,351,10.13
2026-08-14 16:34:52,FULL_FRAME,1,478,250,295,673,351,10.13
2026-08-14 16:34:52,FULL_FRAME,1,478,250,295,673,351,10.13
2026-08-14 16:34:52,FULL_FRAME,1,478,251,296,673,351,10.13
2026-08-14 16:34:52,FULL_FRAME,1,478,251,296,673,351,10.13
2026-08-14 16:34:52,FULL_FRAME,1,478,251,295,673,351,10.13
2026-08-14 16:34:52,FULL_FRAME,1,478,251,296,673,351,9.97
2026-08-14 16:34:53,FULL_FRAME,1,478,249,295,673,351,9.97
2026-08-14 16:34:53,FULL_FRAME,1,478,250,294,673,351,9.97
2026-08-14 16:34:53,FULL_FRAME,1,478,249,294,673,351,9.97
2026-08-14 16:34:53,FULL_FRAME,1,478,249,294,673,351,9.97
2026-08-14 16:34:53,FULL_FRAME,1,478,248,294,673,351,9.97
2026-08-14 16:34:53,FULL_FRAME,1,478,248,294,673,351,9.97
2026-08-14 16:34:53,FULL_FRAME,1,478,249,294,673,351,9.97
2026-08-14 16:34:53,FULL_FRAME,1,478,249,293,673,351,9.97
2026-08-14 16:34:53,FULL_FRAME,1,478,249,293,673,351,9.97
2026-08-14 16:34:53,FULL_FRAME,1,478,250,293,673,351,9.97
2026-08-14 16:34:54,FULL_FRAME,1,478,250,292,673,351,10.09
2026-08-14 16:34:54,FULL_FRAME,1,478,251,292,673,351,10.09
2026-08-14 16:34:54,FULL_FRAME,1,478,251,293,673,351,10.09
2026-08-14 16:34:54,FULL_FRAME,1,478,249,292,673,351,10.09
2026-08-14 16:34:54,FULL_FRAME,1,478,249,291,673,351,10.09
2026-08-14 16:34:54,FULL_FRAME,1,478,250,292,673,351,10.09
2026-08-14 16:34:54,FULL_FRAME,1,478,250,293,673,351,10.09
2026-08-14 16:34:54,FULL_FRAME,1,478,250,294,673,351,10.09
2026-08-14 16:34:54,FULL_FRAME,1,478,250,294,673,351,10.09
2026-08-14 16:34:54,FULL_FRAME,1,478,250,293,673,351,10.09
2026-08-14 16:34:55,FULL_FRAME,1,478,251,293,673,351,9.94
2026-08-14 16:34:55,FULL_FRAME,1,478,252,295,673,351,9.94
2026-08-14 16:34:55,FULL_FRAME,1,478,252,296,673,351,9.94
2026-08-14 16:34:55,FULL_FRAME,1,478,250,295,673,351,9.94
2026-08-14 16:34:55,FULL_FRAME,1,478,251,296,673,351,9.94
2026-08-14 16:34:55,FULL_FRAME,1,478,250,295,673,351,9.94
2026-08-14 16:34:55,FULL_FRAME,1,478,251,293,673,351,9.94
2026-08-14 16:34:55,FULL_FRAME,1,478,248,291,673,351,9.94
2026-08-14 16:34:55,FULL_FRAME,1,478,250,291,673,351,9.94
2026-08-14 16:34:55,FULL_FRAME,1,478,251,291,673,351,9.94
2026-08-14 16:34:56,FULL_FRAME,1,478,252,289,673,351,9.94
2026-08-14 16:34:56,FULL_FRAME,1,478,252,290,673,351,10.11
2026-08-14 16:34:56,FULL_FRAME,1,478,253,290,673,351,10.11
2026-08-14 16:34:56,FULL_FRAME,1,478,253,291,673,351,10.11
2026-08-14 16:34:56,FULL_FRAME,1,478,251,290,673,351,10.11
2026-08-14 16:34:56,FULL_FRAME,1,478,251,290,673,351,10.11
2026-08-14 16:34:56,FULL_FRAME,1,478,251,290,673,351,10.11
2026-08-14 16:34:56,FULL_FRAME,1,478,252,291,673,351,10.11
2026-08-14 16:34:56,FULL_FRAME,1,478,251,291,673,351,10.11
2026-08-14 16:34:56,FULL_FRAME,1,478,252,292,673,351,10.11
2026-08-14 16:34:57,FULL_FRAME,1,478,253,292,673,351,10.11
2026-08-14 16:34:57,FULL_FRAME,1,478,252,292,673,351,9.93
2026-08-14 16:34:57,FULL_FRAME,1,478,252,292,673,351,9.93
2026-08-14 16:34:57,FULL_FRAME,1,478,251,292,673,351,9.93
2026-08-14 16:34:57,FULL_FRAME,1,478,250,292,673,351,9.93
2026-08-14 16:34:57,FULL_FRAME,1,478,249,293,673,351,9.93
2026-08-14 16:34:57,FULL_FRAME,1,478,251,293,673,351,9.93
2026-08-14 16:34:57,FULL_FRAME,1,478,252,293,673,351,9.93
2026-08-14 16:34:57,FULL_FRAME,1,478,253,293,673,351,9.93
2026-08-14 16:34:57,FULL_FRAME,1,478,253,293,673,351,9.93
2026-08-14 16:34:58,FULL_FRAME,1,478,251,293,673,351,9.93
2026-08-14 16:34:58,FULL_FRAME,1,478,252,292,673,351,9.93
2026-08-14 16:34:58,FULL_FRAME,1,478,252,291,673,351,10.08
2026-08-14 16:34:58,FULL_FRAME,1,478,252,288,673,351,10.08
2026-08-14 16:34:58,FULL_FRAME,1,478,252,288,673,351,10.08
2026-08-14 16:34:58,FULL_FRAME,1,478,255,287,673,351,10.08
2026-08-14 16:34:58,FULL_FRAME,1,478,258,290,673,351,10.08
2026-08-14 16:34:58,FULL_FRAME,1,478,256,290,673,351,10.08
2026-08-14 16:34:58,FULL_FRAME,1,478,255,288,673,351,10.08
2026-08-14 16:34:58,FULL_FRAME,1,478,252,288,673,351,10.08
2026-08-14 16:34:59,FULL_FRAME,1,478,251,289,673,351,10.08
2026-08-14 16:34:59,FULL_FRAME,1,478,250,290,673,351,10.08
2026-08-14 16:34:59,FULL_FRAME,1,478,248,291,673,351,9.95
2026-08-14 16:34:59,FULL_FRAME,1,478,257,292,673,351,9.95
2026-08-14 16:34:59,FULL_FRAME,1,478,260,292,673,351,9.95
2026-08-14 16:34:59,FULL_FRAME,1,478,273,297,673,351,9.95
2026-08-14 16:34:59,FULL_FRAME,1,478,268,305,673,351,9.95
2026-08-14 16:34:59,FULL_FRAME,1,478,265,307,673,351,9.95
2026-08-14 16:34:59,FULL_FRAME,0,0,0,0,673,351,9.95
2026-08-14 16:34:59,FULL_FRAME,0,0,0,0,673,351,9.95
2026-08-14 16:35:00,FULL_FRAME,0,0,0,0,673,351,9.95
2026-08-14 16:35:00,FULL_FRAME,0,0,0,0,673,351,9.95
2026-08-14 16:35:00,FULL_FRAME,1,478,262,290,673,351,9.95
2026-08-14 16:35:00,FULL_FRAME,1,478,260,298,673,351,10.09
2026-08-14 16:35:00,FULL_FRAME,1,478,278,306,673,351,10.09
2026-08-14 16:35:00,FULL_FRAME,1,478,266,305,673,351,10.09
2026-08-14 16:35:00,FULL_FRAME,1,478,260,303,673,351,10.09
2026-08-14 16:35:00,FULL_FRAME,1,478,263,302,673,351,10.09
2026-08-14 16:35:00,FULL_FRAME,1,478,266,304,673,351,10.09
2026-08-14 16:35:00,FULL_FRAME,1,478,260,305,673,351,10.09
2026-08-14 16:35:01,FULL_FRAME,1,478,261,305,673,351,10.09
2026-08-14 16:35:01,FULL_FRAME,1,478,254,302,673,351,10.09
2026-08-14 16:35:01,FULL_FRAME,1,478,237,294,673,351,10.09
2026-08-14 16:35:01,FULL_FRAME,1,478,250,296,673,351,10.09
2026-08-14 16:35:01,FULL_FRAME,1,478,256,295,673,351,9.94
2026-08-14 16:35:01,FULL_FRAME,1,478,264,298,673,351,9.94
2026-08-14 16:35:01,FULL_FRAME,1,478,250,296,673,351,9.94
2026-08-14 16:35:01,FULL_FRAME,1,478,252,293,673,351,9.94
2026-08-14 16:35:01,FULL_FRAME,1,478,255,294,673,351,9.94
2026-08-14 16:35:01,FULL_FRAME,1,478,249,291,673,351,9.94
2026-08-14 16:35:02,FULL_FRAME,1,478,243,287,673,351,9.94
2026-08-14 16:35:02,FULL_FRAME,1,478,246,286,673,351,9.94
2026-08-14 16:35:02,FULL_FRAME,1,478,248,289,673,351,9.94
2026-08-14 16:35:02,FULL_FRAME,1,478,260,296,673,351,9.94
2026-08-14 16:35:02,FULL_FRAME,1,478,257,299,673,351,9.94
2026-08-14 16:35:02,FULL_FRAME,1,478,255,299,673,351,10.14
2026-08-14 16:35:02,FULL_FRAME,1,478,255,299,673,351,10.14
2026-08-14 16:35:02,FULL_FRAME,1,478,256,299,673,351,10.14
2026-08-14 16:35:02,FULL_FRAME,1,478,255,299,673,351,10.14
2026-08-14 16:35:02,FULL_FRAME,1,478,257,300,673,351,10.14
2026-08-14 16:35:03,FULL_FRAME,1,478,253,299,673,351,10.14
2026-08-14 16:35:03,FULL_FRAME,1,478,253,296,673,351,10.14
2026-08-14 16:35:03,FULL_FRAME,1,478,263,295,673,351,10.14
2026-08-14 16:35:03,FULL_FRAME,1,478,269,295,673,351,10.14
2026-08-14 16:35:03,FULL_FRAME,1,478,257,293,673,351,10.14
2026-08-14 16:35:03,FULL_FRAME,1,478,260,290,673,351,9.87
2026-08-14 16:35:03,FULL_FRAME,1,478,258,290,673,351,9.87
2026-08-14 16:35:03,FULL_FRAME,1,478,246,290,673,351,9.87
2026-08-14 16:35:03,FULL_FRAME,1,478,254,291,673,351,9.87
2026-08-14 16:35:03,FULL_FRAME,1,478,252,291,673,351,9.87
2026-08-14 16:35:04,FULL_FRAME,1,478,252,294,673,351,9.87
2026-08-14 16:35:04,FULL_FRAME,1,478,250,293,673,351,9.87
2026-08-14 16:35:04,FULL_FRAME,1,478,251,292,673,351,9.87
2026-08-14 16:35:04,FULL_FRAME,1,478,251,292,673,351,9.87
2026-08-14 16:35:04,FULL_FRAME,1,478,250,292,673,351,9.87
2026-08-14 16:35:04,FULL_FRAME,1,478,250,291,673,351,9.87
2026-08-14 16:35:04,FULL_FRAME,1,478,249,291,673,351,10.16
2026-08-14 16:35:04,FULL_FRAME,1,478,249,291,673,351,10.16
2026-08-14 16:35:04,FULL_FRAME,1,478,250,291,673,351,10.16
2026-08-14 16:35:04,FULL_FRAME,1,478,253,292,673,351,10.16
2026-08-14 16:35:05,FULL_FRAME,1,478,257,293,673,351,10.16
2026-08-14 16:35:05,FULL_FRAME,1,478,258,296,673,351,10.16
2026-08-14 16:35:05,FULL_FRAME,1,478,256,295,673,351,10.16
2026-08-14 16:35:05,FULL_FRAME,1,478,254,295,673,351,10.16
2026-08-14 16:35:05,FULL_FRAME,1,478,254,295,673,351,10.16
2026-08-14 16:35:05,FULL_FRAME,1,478,253,296,673,351,10.16
2026-08-14 16:35:05,FULL_FRAME,1,478,252,295,673,351,9.9
2026-08-14 16:35:05,FULL_FRAME,1,478,253,295,673,351,9.9
2026-08-14 16:35:05,FULL_FRAME,1,478,252,295,673,351,9.9
2026-08-14 16:35:05,FULL_FRAME,1,478,252,296,673,351,9.9
2026-08-14 16:35:06,FULL_FRAME,1,478,251,296,673,351,9.9
2026-08-14 16:35:06,FULL_FRAME,1,478,251,296,673,351,9.9
2026-08-14 16:35:06,FULL_FRAME,1,478,251,295,673,351,9.9
2026-08-14 16:35:06,FULL_FRAME,1,478,251,295,673,351,9.9
2026-08-14 16:35:06,FULL_FRAME,1,478,251,294,673,351,9.9
2026-08-14 16:35:06,FULL_FRAME,1,478,250,294,673,351,9.9
2026-08-14 16:35:06,FULL_FRAME,1,478,249,293,673,351,9.9
2026-08-14 16:35:06,FULL_FRAME,1,478,250,292,673,351,10.13
2026-08-14 16:35:06,FULL_FRAME,1,478,249,293,673,351,10.13
2026-08-14 16:35:06,FULL_FRAME,1,478,249,294,673,351,10.13
2026-08-14 16:35:07,FULL_FRAME,1,478,249,295,673,351,10.13
2026-08-14 16:35:07,FULL_FRAME,1,478,249,295,673,351,10.13
2026-08-14 16:35:07,FULL_FRAME,1,478,249,295,673,351,10.13
2026-08-14 16:35:07,FULL_FRAME,1,478,249,296,673,351,10.13
2026-08-14 16:35:07,FULL_FRAME,1,478,249,296,673,351,10.13
2026-08-14 16:35:07,FULL_FRAME,1,478,249,296,673,351,10.13
2026-08-14 16:35:07,FULL_FRAME,1,478,249,296,673,351,10.13
2026-08-14 16:35:07,FULL_FRAME,1,478,249,295,673,351,9.9
2026-08-14 16:35:07,FULL_FRAME,1,478,248,295,673,351,9.9
2026-08-14 16:35:07,FULL_FRAME,1,478,248,295,673,351,9.9
2026-08-14 16:35:08,FULL_FRAME,1,478,249,295,673,351,9.9
2026-08-14 16:35:08,FULL_FRAME,1,478,247,289,673,351,9.9
2026-08-14 16:35:08,FULL_FRAME,1,478,254,288,673,351,9.9
2026-08-14 16:35:08,FULL_FRAME,1,478,263,291,673,351,9.9
2026-08-14 16:35:08,FULL_FRAME,1,478,262,291,673,351,9.9
2026-08-14 16:35:08,FULL_FRAME,1,478,255,289,673,351,9.9
2026-08-14 16:35:08,FULL_FRAME,1,478,254,289,673,351,9.9
2026-08-14 16:35:08,FULL_FRAME,1,478,251,289,673,351,9.9
2026-08-14 16:35:08,FULL_FRAME,1,478,246,291,673,351,10.12
2026-08-14 16:35:08,FULL_FRAME,1,478,243,289,673,351,10.12
2026-08-14 16:35:09,FULL_FRAME,1,478,243,289,673,351,10.12
2026-08-14 16:35:09,FULL_FRAME,1,478,243,290,673,351,10.12
2026-08-14 16:35:09,FULL_FRAME,1,478,243,290,673,351,10.12
2026-08-14 16:35:09,FULL_FRAME,1,478,243,288,673,351,10.12
2026-08-14 16:35:09,FULL_FRAME,1,478,241,283,673,351,10.12
2026-08-14 16:35:09,FULL_FRAME,1,478,244,283,673,351,10.12
2026-08-14 16:35:09,FULL_FRAME,1,478,246,284,673,351,10.12
2026-08-14 16:35:09,FULL_FRAME,1,478,246,286,673,351,10.12
2026-08-14 16:35:09,FULL_FRAME,1,478,245,286,673,351,10.12
2026-08-14 16:35:09,FULL_FRAME,1,478,246,287,673,351,9.96
2026-08-14 16:35:10,FULL_FRAME,1,478,246,287,673,351,9.96
2026-08-14 16:35:10,FULL_FRAME,1,478,246,284,673,351,9.96
2026-08-14 16:35:10,FULL_FRAME,1,478,237,283,673,351,9.96
2026-08-14 16:35:10,FULL_FRAME,1,478,250,283,673,351,9.96
2026-08-14 16:35:10,FULL_FRAME,1,478,248,286,673,351,9.96
2026-08-14 16:35:10,FULL_FRAME,1,478,253,288,673,351,9.96
2026-08-14 16:35:10,FULL_FRAME,1,478,248,289,673,351,9.96
2026-08-14 16:35:10,FULL_FRAME,1,478,248,289,673,351,9.96
2026-08-14 16:35:10,FULL_FRAME,1,478,248,289,673,351,9.96
2026-08-14 16:35:10,FULL_FRAME,1,478,249,289,673,351,9.96
2026-08-14 16:35:11,FULL_FRAME,1,478,249,291,673,351,10.11
2026-08-14 16:35:11,FULL_FRAME,1,478,250,291,673,351,10.11
2026-08-14 16:35:11,FULL_FRAME,1,478,252,291,673,351,10.11
2026-08-14 16:35:11,FULL_FRAME,1,478,253,287,673,351,10.11
2026-08-14 16:35:11,FULL_FRAME,1,478,260,289,673,351,10.11
2026-08-14 16:35:11,FULL_FRAME,1,478,253,291,673,351,10.11
2026-08-14 16:35:11,FULL_FRAME,1,478,245,291,673,351,10.11
2026-08-14 16:35:11,FULL_FRAME,1,478,240,295,673,351,10.11
2026-08-14 16:35:11,FULL_FRAME,1,478,243,293,673,351,10.11
2026-08-14 16:35:11,FULL_FRAME,1,478,266,292,673,351,10.11
2026-08-14 16:35:12,FULL_FRAME,1,478,279,299,673,351,9.91
2026-08-14 16:35:12,FULL_FRAME,1,478,273,296,673,351,9.91
2026-08-14 16:35:12,FULL_FRAME,1,478,276,305,673,351,9.91
2026-08-14 16:35:12,FULL_FRAME,1,478,265,304,673,351,9.91
2026-08-14 16:35:12,FULL_FRAME,1,478,258,303,673,351,9.91
2026-08-14 16:35:12,FULL_FRAME,1,478,255,303,673,351,9.91
2026-08-14 16:35:12,FULL_FRAME,1,478,255,302,673,351,9.91
2026-08-14 16:35:12,FULL_FRAME,1,478,255,301,673,351,9.91
2026-08-14 16:35:12,FULL_FRAME,1,478,256,299,673,351,9.91
2026-08-14 16:35:12,FULL_FRAME,1,478,253,299,673,351,9.91
2026-08-14 16:35:13,FULL_FRAME,1,478,252,299,673,351,9.91
2026-08-14 16:35:13,FULL_FRAME,1,478,253,300,673,351,10.12
2026-08-14 16:35:13,FULL_FRAME,1,478,255,301,673,351,10.12
2026-08-14 16:35:13,FULL_FRAME,1,478,257,301,673,351,10.12
2026-08-14 16:35:13,FULL_FRAME,1,478,263,301,673,351,10.12
2026-08-14 16:35:13,FULL_FRAME,1,478,263,300,673,351,10.12
2026-08-14 16:35:13,FULL_FRAME,1,478,265,296,673,351,10.12
2026-08-14 16:35:13,FULL_FRAME,1,478,267,294,673,351,10.12
2026-08-14 16:35:13,FULL_FRAME,1,478,258,296,673,351,10.12
2026-08-14 16:35:13,FULL_FRAME,1,478,254,296,673,351,10.12
2026-08-14 16:35:14,FULL_FRAME,1,478,250,294,673,351,10.12
2026-08-14 16:35:14,FULL_FRAME,1,478,252,294,673,351,9.92
2026-08-14 16:35:14,FULL_FRAME,1,478,250,292,673,351,9.92
2026-08-14 16:35:14,FULL_FRAME,1,478,250,289,673,351,9.92
2026-08-14 16:35:14,FULL_FRAME,1,478,249,288,673,351,9.92
2026-08-14 16:35:14,FULL_FRAME,1,478,247,288,673,351,9.92
2026-08-14 16:35:14,FULL_FRAME,1,478,248,288,673,351,9.92
2026-08-14 16:35:14,FULL_FRAME,1,478,247,288,673,351,9.92
2026-08-14 16:35:14,FULL_FRAME,1,478,246,288,673,351,9.92
2026-08-14 16:35:14,FULL_FRAME,1,478,247,288,673,351,9.92
2026-08-14 16:35:15,FULL_FRAME,1,478,247,285,673,351,9.92
2026-08-14 16:35:15,FULL_FRAME,1,478,245,286,673,351,9.92
2026-08-14 16:35:15,FULL_FRAME,1,478,244,286,673,351,10.1
2026-08-14 16:35:15,FULL_FRAME,1,478,245,286,673,351,10.1
2026-08-14 16:35:15,FULL_FRAME,1,478,248,287,673,351,10.1
2026-08-14 16:35:15,FULL_FRAME,1,478,244,285,673,351,10.1
2026-08-14 16:35:15,FULL_FRAME,1,478,242,282,673,351,10.1
2026-08-14 16:35:15,FULL_FRAME,1,478,241,283,673,351,10.1
2026-08-14 16:35:15,FULL_FRAME,1,478,245,284,673,351,10.1
2026-08-14 16:35:15,FULL_FRAME,1,478,246,285,673,351,10.1
2026-08-14 16:35:16,FULL_FRAME,1,478,247,288,673,351,10.1
2026-08-14 16:35:16,FULL_FRAME,1,478,247,289,673,351,10.1
2026-08-14 16:35:16,FULL_FRAME,1,478,246,290,673,351,9.93
2026-08-14 16:35:16,FULL_FRAME,1,478,245,291,673,351,9.93
2026-08-14 16:35:16,FULL_FRAME,1,478,244,291,673,351,9.93
2026-08-14 16:35:16,FULL_FRAME,1,478,243,289,673,351,9.93
2026-08-14 16:35:16,FULL_FRAME,1,478,242,288,673,351,9.93
2026-08-14 16:35:16,FULL_FRAME,1,478,242,287,673,351,9.93
2026-08-14 16:35:16,FULL_FRAME,1,478,241,287,673,351,9.93
2026-08-14 16:35:16,FULL_FRAME,1,478,240,287,673,351,9.93
2026-08-14 16:35:17,FULL_FRAME,1,478,241,287,673,351,9.93
2026-08-14 16:35:17,FULL_FRAME,1,478,241,286,673,351,9.93
2026-08-14 16:35:17,FULL_FRAME,1,478,240,286,673,351,9.93
2026-08-14 16:35:17,FULL_FRAME,1,478,241,285,673,351,10.1
2026-08-14 16:35:17,FULL_FRAME,1,478,244,285,673,351,10.1
2026-08-14 16:35:17,FULL_FRAME,1,478,244,286,673,351,10.1
2026-08-14 16:35:17,FULL_FRAME,1,478,244,286,673,351,10.1
2026-08-14 16:35:17,FULL_FRAME,1,478,244,286,673,351,10.1
2026-08-14 16:35:17,FULL_FRAME,1,478,243,287,673,351,10.1
2026-08-14 16:35:17,FULL_FRAME,1,478,240,289,673,351,10.1
2026-08-14 16:35:18,FULL_FRAME,1,478,241,289,673,351,10.1
2026-08-14 16:35:18,FULL_FRAME,1,478,245,289,673,351,10.1
2026-08-14 16:35:18,FULL_FRAME,1,478,245,291,673,351,10.1
2026-08-14 16:35:18,FULL_FRAME,1,478,246,289,673,351,10.1
2026-08-14 16:35:18,FULL_FRAME,1,478,249,291,673,351,9.96
2026-08-14 16:35:18,FULL_FRAME,1,478,250,290,673,351,9.96
2026-08-14 16:35:18,FULL_FRAME,1,478,249,291,673,351,9.96
2026-08-14 16:35:18,FULL_FRAME,1,478,248,290,673,351,9.96
2026-08-14 16:35:18,FULL_FRAME,1,478,248,290,673,351,9.96
2026-08-14 16:35:18,FULL_FRAME,1,478,248,290,673,351,9.96
2026-08-14 16:35:19,FULL_FRAME,1,478,246,290,673,351,9.96
2026-08-14 16:35:19,FULL_FRAME,1,478,244,287,673,351,9.96
2026-08-14 16:35:19,FULL_FRAME,1,478,245,285,673,351,9.96
2026-08-14 16:35:19,FULL_FRAME,1,478,256,289,673,351,9.96
2026-08-14 16:35:19,FULL_FRAME,1,478,261,290,673,351,9.96
2026-08-14 16:35:19,FULL_FRAME,1,478,263,292,673,351,10.1
2026-08-14 16:35:19,FULL_FRAME,1,478,261,293,673,351,10.1
2026-08-14 16:35:19,FULL_FRAME,1,478,259,294,673,351,10.1
2026-08-14 16:35:19,FULL_FRAME,1,478,256,293,673,351,10.1
2026-08-14 16:35:19,FULL_FRAME,1,478,255,287,673,351,10.1
2026-08-14 16:35:20,FULL_FRAME,1,478,247,285,673,351,10.1
2026-08-14 16:35:20,FULL_FRAME,1,478,248,284,673,351,10.1
2026-08-14 16:35:20,FULL_FRAME,1,478,245,284,673,351,10.1
2026-08-14 16:35:20,FULL_FRAME,1,478,246,288,673,351,10.1
2026-08-14 16:35:20,FULL_FRAME,1,478,246,288,673,351,10.1
2026-08-14 16:35:20,FULL_FRAME,1,478,248,287,673,351,9.93
2026-08-14 16:35:20,FULL_FRAME,1,478,248,286,673,351,9.93
2026-08-14 16:35:20,FULL_FRAME,1,478,248,283,673,351,9.93
2026-08-14 16:35:20,FULL_FRAME,1,478,247,280,673,351,9.93
2026-08-14 16:35:20,FULL_FRAME,1,478,249,283,673,351,9.93
2026-08-14 16:35:21,FULL_FRAME,1,478,249,285,673,351,9.93
2026-08-14 16:35:21,FULL_FRAME,1,478,249,287,673,351,9.93
2026-08-14 16:35:21,FULL_FRAME,1,478,250,291,673,351,9.93
2026-08-14 16:35:21,FULL_FRAME,1,478,248,293,673,351,9.93
2026-08-14 16:35:21,FULL_FRAME,1,478,244,294,673,351,9.93
2026-08-14 16:35:21,FULL_FRAME,1,478,245,290,673,351,9.93
2026-08-14 16:35:21,FULL_FRAME,1,478,249,291,673,351,10.12
2026-08-14 16:35:21,FULL_FRAME,1,478,247,291,673,351,10.12
2026-08-14 16:35:21,FULL_FRAME,1,478,247,291,673,351,10.12
2026-08-14 16:35:21,ROI_RESIZED,0,0,0,0,673,351,10.12
2026-08-14 16:35:22,ROI_RESIZED,1,478,246,269,673,351,10.12
2026-08-14 16:35:22,ROI_RESIZED,1,478,245,277,673,351,10.12
2026-08-14 16:35:22,ROI_RESIZED,1,478,245,281,673,351,10.12
2026-08-14 16:35:22,ROI_RESIZED,1,478,245,282,673,351,10.12
2026-08-14 16:35:22,ROI_RESIZED,1,478,245,281,673,351,10.12
2026-08-14 16:35:22,ROI_RESIZED,1,478,246,282,673,351,10.12
2026-08-14 16:35:22,ROI_RESIZED,1,478,246,283,673,351,9.88
2026-08-14 16:35:22,ROI_RESIZED,1,478,246,283,673,351,9.88
2026-08-14 16:35:22,ROI_RESIZED,1,478,245,284,673,351,9.88
2026-08-14 16:35:22,ROI_RESIZED,1,478,245,284,673,351,9.88
2026-08-14 16:35:23,ROI_RESIZED,1,478,244,283,673,351,9.88
2026-08-14 16:35:23,ROI_RESIZED,1,478,244,280,673,351,9.88
2026-08-14 16:35:23,ROI_RESIZED,1,478,245,279,673,351,9.88
2026-08-14 16:35:23,ROI_RESIZED,1,478,248,279,673,351,9.88
2026-08-14 16:35:23,ROI_RESIZED,1,478,245,279,673,351,9.88
2026-08-14 16:35:23,ROI_RESIZED,1,478,245,279,673,351,9.88
2026-08-14 16:35:23,ROI_RESIZED,1,478,244,278,673,351,9.88
2026-08-14 16:35:23,ROI_RESIZED,1,478,243,277,673,351,10.15
2026-08-14 16:35:23,ROI_RESIZED,1,478,243,277,673,351,10.15
2026-08-14 16:35:23,ROI_RESIZED,1,478,243,277,673,351,10.15
2026-08-14 16:35:24,ROI_RESIZED,1,478,243,277,673,351,10.15
2026-08-14 16:35:24,ROI_RESIZED,1,478,243,277,673,351,10.15
2026-08-14 16:35:24,ROI_RESIZED,1,478,246,277,673,351,10.15
2026-08-14 16:35:24,ROI_RESIZED,1,478,244,276,673,351,10.15
2026-08-14 16:35:24,ROI_RESIZED,1,478,244,276,673,351,10.15
2026-08-14 16:35:24,ROI_RESIZED,1,478,247,280,673,351,10.15
2026-08-14 16:35:24,ROI_RESIZED,1,478,244,276,673,351,10.15
2026-08-14 16:35:24,ROI_RESIZED,1,478,253,276,673,351,9.89
2026-08-14 16:35:24,ROI_RESIZED,1,478,261,274,673,351,9.89
2026-08-14 16:35:24,ROI_RESIZED,1,478,256,275,673,351,9.89
2026-08-14 16:35:25,ROI_RESIZED,1,478,254,278,673,351,9.89
2026-08-14 16:35:25,ROI_RESIZED,1,478,252,278,673,351,9.89
2026-08-14 16:35:25,ROI_RESIZED,1,478,249,277,673,351,9.89
2026-08-14 16:35:25,ROI_RESIZED,1,478,248,278,673,351,9.89
2026-08-14 16:35:25,ROI_RESIZED,1,478,249,279,673,351,9.89
2026-08-14 16:35:25,ROI_RESIZED,1,478,249,280,673,351,9.89
2026-08-14 16:35:25,ROI_RESIZED,1,478,243,280,673,351,9.89
2026-08-14 16:35:25,ROI_RESIZED,1,478,243,280,673,351,9.89
2026-08-14 16:35:25,ROI_RESIZED,1,478,243,280,673,351,10.14
2026-08-14 16:35:25,ROI_RESIZED,1,478,244,280,673,351,10.14
2026-08-14 16:35:26,ROI_RESIZED,1,478,243,280,673,351,10.14
2026-08-14 16:35:26,ROI_RESIZED,1,478,242,280,673,351,10.14
2026-08-14 16:35:26,ROI_RESIZED,1,478,244,280,673,351,10.14
2026-08-14 16:35:26,ROI_RESIZED,1,478,243,280,673,351,10.14
2026-08-14 16:35:26,ROI_RESIZED,1,478,242,280,673,351,10.14
2026-08-14 16:35:26,ROI_RESIZED,1,478,242,280,673,351,10.14
2026-08-14 16:35:26,ROI_RESIZED,1,478,242,280,673,351,10.14
2026-08-14 16:35:26,ROI_RESIZED,1,478,242,280,673,351,10.14
2026-08-14 16:35:26,ROI_RESIZED,1,478,242,280,673,351,10.14
2026-08-14 16:35:26,ROI_RESIZED,1,478,243,280,673,351,9.92
2026-08-14 16:35:27,ROI_RESIZED,1,478,243,279,673,351,9.92
2026-08-14 16:35:27,ROI_RESIZED,1,478,244,280,673,351,9.92
2026-08-14 16:35:27,ROI_RESIZED,1,478,244,280,673,351,9.92
2026-08-14 16:35:27,ROI_RESIZED,1,478,247,277,673,351,9.92
2026-08-14 16:35:27,ROI_RESIZED,1,478,247,277,673,351,9.92
2026-08-14 16:35:27,ROI_RESIZED,1,478,246,274,673,351,9.92
2026-08-14 16:35:27,ROI_RESIZED,1,478,246,276,673,351,9.92
2026-08-14 16:35:27,ROI_RESIZED,1,478,245,276,673,351,9.92
2026-08-14 16:35:27,ROI_RESIZED,1,478,245,278,673,351,9.92
2026-08-14 16:35:27,ROI_RESIZED,1,478,245,279,673,351,9.92
2026-08-14 16:35:28,ROI_RESIZED,1,478,245,278,673,351,10.13
2026-08-14 16:35:28,ROI_RESIZED,1,478,245,278,673,351,10.13
2026-08-14 16:35:28,ROI_RESIZED,1,478,244,279,673,351,10.13
2026-08-14 16:35:28,ROI_RESIZED,1,478,243,280,673,351,10.13
2026-08-14 16:35:28,ROI_RESIZED,1,478,246,279,673,351,10.13
2026-08-14 16:35:28,ROI_RESIZED,1,478,245,279,673,351,10.13
2026-08-14 16:35:28,ROI_RESIZED,1,478,246,279,673,351,10.13
2026-08-14 16:35:28,ROI_RESIZED,1,478,246,279,673,351,10.13
2026-08-14 16:35:28,ROI_RESIZED,1,478,245,279,673,351,10.13
2026-08-14 16:35:28,ROI_RESIZED,1,478,245,279,673,351,10.13
2026-08-14 16:35:29,ROI_RESIZED,1,478,245,279,673,351,9.91
2026-08-14 16:35:29,ROI_RESIZED,1,478,244,279,673,351,9.91
2026-08-14 16:35:29,ROI_RESIZED,1,478,243,280,673,351,9.91
2026-08-14 16:35:29,ROI_RESIZED,1,478,243,280,673,351,9.91
2026-08-14 16:35:29,ROI_RESIZED,1,478,243,279,673,351,9.91
2026-08-14 16:35:29,ROI_RESIZED,1,478,243,279,673,351,9.91
2026-08-14 16:35:29,ROI_RESIZED,1,478,242,279,673,351,9.91
2026-08-14 16:35:29,ROI_RESIZED,1,478,242,281,673,351,9.91
2026-08-14 16:35:29,ROI_RESIZED,1,478,243,281,673,351,9.91
2026-08-14 16:35:29,ROI_RESIZED,1,478,243,281,673,351,9.91
2026-08-14 16:35:30,ROI_RESIZED,1,478,243,281,673,351,9.91
2026-08-14 16:35:30,ROI_RESIZED,1,478,243,282,673,351,10.11
2026-08-14 16:35:30,ROI_RESIZED,1,478,243,278,673,351,10.11
2026-08-14 16:35:30,ROI_RESIZED,1,478,243,278,673,351,10.11
2026-08-14 16:35:30,ROI_RESIZED,1,478,243,279,673,351,10.11
2026-08-14 16:35:30,ROI_RESIZED,1,478,243,279,673,351,10.11
2026-08-14 16:35:30,ROI_RESIZED,1,478,243,279,673,351,10.11
2026-08-14 16:35:30,ROI_RESIZED,1,478,243,279,673,351,10.11
2026-08-14 16:35:30,ROI_RESIZED,1,478,244,279,673,351,10.11
2026-08-14 16:35:30,ROI_RESIZED,1,478,244,279,673,351,10.11
2026-08-14 16:35:31,ROI_RESIZED,1,478,243,279,673,351,10.11
2026-08-14 16:35:31,ROI_RESIZED,1,478,244,278,673,351,9.93
2026-08-14 16:35:31,ROI_RESIZED,1,478,244,279,673,351,9.93
2026-08-14 16:35:31,ROI_RESIZED,1,478,244,278,673,351,9.93
2026-08-14 16:35:31,ROI_RESIZED,1,478,242,278,673,351,9.93
2026-08-14 16:35:31,ROI_RESIZED,1,478,242,278,673,351,9.93
2026-08-14 16:35:31,ROI_RESIZED,1,478,243,278,673,351,9.93
2026-08-14 16:35:31,ROI_RESIZED,1,478,243,278,673,351,9.93
2026-08-14 16:35:31,ROI_RESIZED,1,478,242,279,673,351,9.93
2026-08-14 16:35:31,ROI_RESIZED,1,478,242,280,673,351,9.93
2026-08-14 16:35:32,ROI_RESIZED,1,478,243,281,673,351,9.93
2026-08-14 16:35:32,ROI_RESIZED,1,478,243,282,673,351,9.93
2026-08-14 16:35:32,ROI_RESIZED,1,478,243,282,673,351,10.06
2026-08-14 16:35:32,ROI_RESIZED,1,478,243,282,673,351,10.06
2026-08-14 16:35:32,ROI_RESIZED,1,478,242,283,673,351,10.06
2026-08-14 16:35:32,ROI_RESIZED,1,478,242,283,673,351,10.06
2026-08-14 16:35:32,ROI_RESIZED,1,478,243,284,673,351,10.06
2026-08-14 16:35:32,ROI_RESIZED,1,478,243,283,673,351,10.06
2026-08-14 16:35:32,ROI_RESIZED,1,478,243,284,673,351,10.06
2026-08-14 16:35:32,ROI_RESIZED,1,478,243,284,673,351,10.06
2026-08-14 16:35:33,ROI_RESIZED,1,478,244,284,673,351,10.06
2026-08-14 16:35:33,ROI_RESIZED,1,478,244,284,673,351,10.06
2026-08-14 16:35:33,ROI_RESIZED,1,478,244,284,673,351,9.95
2026-08-14 16:35:33,ROI_RESIZED,1,478,244,284,673,351,9.95
2026-08-14 16:35:33,ROI_RESIZED,1,478,243,284,673,351,9.95
2026-08-14 16:35:33,ROI_RESIZED,1,478,243,283,673,351,9.95
2026-08-14 16:35:33,ROI_RESIZED,1,478,243,283,673,351,9.95
2026-08-14 16:35:33,ROI_RESIZED,1,478,242,283,673,351,9.95
2026-08-14 16:35:33,ROI_RESIZED,1,478,242,283,673,351,9.95
2026-08-14 16:35:33,ROI_RESIZED,1,478,241,282,673,351,9.95
2026-08-14 16:35:33,ROI_RESIZED,1,478,242,280,673,351,9.95
2026-08-14 16:35:34,ROI_RESIZED,1,478,244,282,673,351,9.95
2026-08-14 16:35:34,ROI_RESIZED,1,478,244,282,673,351,9.95
2026-08-14 16:35:34,ROI_RESIZED,1,478,244,282,673,351,10.06
2026-08-14 16:35:34,ROI_RESIZED,1,478,244,281,673,351,10.06
2026-08-14 16:35:34,ROI_RESIZED,1,478,244,282,673,351,10.06
2026-08-14 16:35:34,ROI_RESIZED,1,478,243,282,673,351,10.06
2026-08-14 16:35:34,ROI_RESIZED,1,478,243,282,673,351,10.06
2026-08-14 16:35:34,ROI_RESIZED,1,478,243,283,673,351,10.06
2026-08-14 16:35:34,ROI_RESIZED,1,478,243,283,673,351,10.06
2026-08-14 16:35:35,ROI_RESIZED,1,478,243,283,673,351,10.06
2026-08-14 16:35:35,ROI_RESIZED,1,478,243,283,673,351,10.06
2026-08-14 16:35:35,ROI_RESIZED,1,478,243,283,673,351,10.06
2026-08-14 16:35:35,ROI_RESIZED,1,478,245,283,673,351,10.06
2026-08-14 16:35:35,ROI_RESIZED,1,478,245,283,673,351,9.97
2026-08-14 16:35:35,ROI_RESIZED,1,478,246,283,673,351,9.97
2026-08-14 16:35:35,ROI_RESIZED,1,478,247,284,673,351,9.97
2026-08-14 16:35:35,ROI_RESIZED,1,478,248,284,673,351,9.97
2026-08-14 16:35:35,ROI_RESIZED,1,478,248,285,673,351,9.97
2026-08-14 16:35:35,ROI_RESIZED,1,478,249,285,673,351,9.97
2026-08-14 16:35:35,ROI_RESIZED,1,478,249,285,673,351,9.97
2026-08-14 16:35:36,ROI_RESIZED,1,478,252,286,673,351,9.97
2026-08-14 16:35:36,ROI_RESIZED,1,478,262,289,673,351,9.97
2026-08-14 16:35:36,ROI_RESIZED,1,478,259,289,673,351,9.97
2026-08-14 16:35:36,ROI_RESIZED,1,478,254,290,673,351,9.97
2026-08-14 16:35:36,ROI_RESIZED,1,478,250,288,673,351,10.15
2026-08-14 16:35:36,ROI_RESIZED,1,478,246,286,673,351,10.15
2026-08-14 16:35:36,ROI_RESIZED,1,478,245,285,673,351,10.15
2026-08-14 16:35:36,ROI_RESIZED,1,478,244,284,673,351,10.15
2026-08-14 16:35:36,ROI_RESIZED,1,478,243,283,673,351,10.15
2026-08-14 16:35:36,ROI_RESIZED,1,478,243,282,673,351,10.15
2026-08-14 16:35:37,ROI_RESIZED,1,478,243,282,673,351,10.15
2026-08-14 16:35:37,ROI_RESIZED,1,478,243,283,673,351,10.15
2026-08-14 16:35:37,ROI_RESIZED,1,478,244,283,673,351,10.15
2026-08-14 16:35:37,ROI_RESIZED,1,478,244,283,673,351,10.15
2026-08-14 16:35:37,ROI_RESIZED,1,478,244,282,673,351,9.9
2026-08-14 16:35:37,ROI_RESIZED,1,478,244,282,673,351,9.9
2026-08-14 16:35:37,ROI_RESIZED,1,478,245,283,673,351,9.9
2026-08-14 16:35:37,ROI_RESIZED,1,478,245,282,673,351,9.9
2026-08-14 16:35:37,ROI_RESIZED,1,478,246,283,673,351,9.9
2026-08-14 16:35:38,ROI_RESIZED,1,478,245,283,673,351,9.9
2026-08-14 16:35:38,ROI_RESIZED,1,478,245,283,673,351,9.9
2026-08-14 16:35:38,ROI_RESIZED,1,478,245,285,673,351,9.9
2026-08-14 16:35:38,ROI_RESIZED,1,478,244,286,673,351,9.9
2026-08-14 16:35:38,ROI_RESIZED,1,478,244,287,673,351,9.9
2026-08-14 16:35:38,ROI_RESIZED,1,478,243,288,673,351,9.9
2026-08-14 16:35:38,ROI_RESIZED,1,478,244,290,673,351,10.13
2026-08-14 16:35:38,ROI_RESIZED,1,478,245,291,673,351,10.13
2026-08-14 16:35:38,ROI_RESIZED,1,478,244,291,673,351,10.13
2026-08-14 16:35:38,ROI_RESIZED,1,478,249,292,673,351,10.13
2026-08-14 16:35:38,ROI_RESIZED,1,478,251,290,673,351,10.13
2026-08-14 16:35:39,ROI_RESIZED,1,478,264,289,673,351,10.13
2026-08-14 16:35:39,ROI_RESIZED,1,478,256,292,673,351,10.13
2026-08-14 16:35:39,ROI_RESIZED,1,478,259,295,673,351,10.13
2026-08-14 16:35:39,ROI_RESIZED,1,478,259,297,673,351,10.13
2026-08-14 16:35:39,ROI_RESIZED,1,478,262,299,673,351,10.13
2026-08-14 16:35:39,ROI_RESIZED,1,478,262,300,673,351,9.85
2026-08-14 16:35:39,ROI_RESIZED,1,478,258,298,673,351,9.85
2026-08-14 16:35:39,ROI_RESIZED,1,478,255,293,673,351,9.85
2026-08-14 16:35:39,ROI_RESIZED,1,478,263,290,673,351,9.85
2026-08-14 16:35:40,ROI_RESIZED,1,478,277,292,673,351,9.85
2026-08-14 16:35:40,ROI_RESIZED,1,478,271,292,673,351,9.85
2026-08-14 16:35:40,ROI_RESIZED,1,478,269,297,673,351,9.85
2026-08-14 16:35:40,ROI_RESIZED,1,478,261,297,673,351,9.85
2026-08-14 16:35:40,ROI_RESIZED,1,478,260,297,673,351,9.85
2026-08-14 16:35:40,ROI_RESIZED,1,478,253,297,673,351,9.85
2026-08-14 16:35:40,ROI_RESIZED,1,478,254,297,673,351,9.85
2026-08-14 16:35:40,ROI_RESIZED,1,478,253,296,673,351,10.18
2026-08-14 16:35:40,ROI_RESIZED,1,478,253,293,673,351,10.18
2026-08-14 16:35:40,ROI_RESIZED,1,478,254,289,673,351,10.18
2026-08-14 16:35:40,ROI_RESIZED,1,478,252,289,673,351,10.18
2026-08-14 16:35:41,ROI_RESIZED,1,478,251,292,673,351,10.18
2026-08-14 16:35:41,ROI_RESIZED,1,478,249,291,673,351,10.18
2026-08-14 16:35:41,ROI_RESIZED,1,478,253,287,673,351,10.18
2026-08-14 16:35:41,ROI_RESIZED,1,478,253,287,673,351,10.18
2026-08-14 16:35:41,ROI_RESIZED,1,478,250,285,673,351,10.18
2026-08-14 16:35:41,ROI_RESIZED,1,478,255,281,673,351,10.18
2026-08-14 16:35:41,ROI_RESIZED,1,478,269,281,673,351,9.87
2026-08-14 16:35:41,ROI_RESIZED,1,478,273,283,673,351,9.87
2026-08-14 16:35:41,ROI_RESIZED,1,478,269,287,673,351,9.87
2026-08-14 16:35:41,ROI_RESIZED,1,478,271,287,673,351,9.87
2026-08-14 16:35:42,ROI_RESIZED,1,478,273,293,673,351,9.87
2026-08-14 16:35:42,ROI_RESIZED,1,478,285,295,673,351,9.87
2026-08-14 16:35:42,ROI_RESIZED,1,478,275,295,673,351,9.87
2026-08-14 16:35:42,ROI_RESIZED,1,478,268,294,673,351,9.87
2026-08-14 16:35:42,ROI_RESIZED,1,478,265,294,673,351,9.87
2026-08-14 16:35:42,ROI_RESIZED,1,478,265,297,673,351,9.87
2026-08-14 16:35:42,ROI_RESIZED,1,478,261,296,673,351,9.87
2026-08-14 16:35:42,ROI_RESIZED,1,478,260,294,673,351,10.16
2026-08-14 16:35:42,ROI_RESIZED,1,478,267,289,673,351,10.16
2026-08-14 16:35:42,ROI_RESIZED,1,478,271,284,673,351,10.16
2026-08-14 16:35:43,ROI_RESIZED,1,478,273,281,673,351,10.16
2026-08-14 16:35:43,ROI_RESIZED,1,478,249,276,673,351,10.16
2026-08-14 16:35:43,ROI_RESIZED,1,478,246,275,673,351,10.16
2026-08-14 16:35:43,ROI_RESIZED,1,478,246,276,673,351,10.16
2026-08-14 16:35:43,ROI_RESIZED,1,478,245,277,673,351,10.16
2026-08-14 16:35:43,ROI_RESIZED,1,478,245,279,673,351,10.16
2026-08-14 16:35:43,ROI_RESIZED,1,478,245,280,673,351,10.16
2026-08-14 16:35:43,ROI_RESIZED,1,478,245,282,673,351,10.16
2026-08-14 16:35:43,ROI_RESIZED,1,478,244,282,673,351,9.96
2026-08-14 16:35:43,ROI_RESIZED,1,478,241,283,673,351,9.96
2026-08-14 16:35:44,ROI_RESIZED,1,478,242,284,673,351,9.96
2026-08-14 16:35:44,ROI_RESIZED,1,478,241,286,673,351,9.96
2026-08-14 16:35:44,ROI_RESIZED,1,478,241,289,673,351,9.96
2026-08-14 16:35:44,ROI_RESIZED,1,478,242,290,673,351,9.96
2026-08-14 16:35:44,ROI_RESIZED,1,478,245,291,673,351,9.96
2026-08-14 16:35:44,ROI_RESIZED,1,478,247,292,673,351,9.96
2026-08-14 16:35:44,ROI_RESIZED,1,478,248,293,673,351,9.96
2026-08-14 16:35:44,ROI_RESIZED,1,478,253,291,673,351,9.96
2026-08-14 16:35:44,ROI_RESIZED,1,478,252,290,673,351,9.96
2026-08-14 16:35:44,ROI_RESIZED,1,478,253,289,673,351,10.13
2026-08-14 16:35:45,ROI_RESIZED,1,478,252,288,673,351,10.13
2026-08-14 16:35:45,ROI_RESIZED,1,478,251,288,673,351,10.13
2026-08-14 16:35:45,ROI_RESIZED,1,478,249,290,673,351,10.13
2026-08-14 16:35:45,ROI_RESIZED,1,478,245,288,673,351,10.13
2026-08-14 16:35:45,ROI_RESIZED,1,478,252,292,673,351,10.13
2026-08-14 16:35:45,ROI_RESIZED,1,478,243,289,673,351,10.13
2026-08-14 16:35:45,ROI_RESIZED,1,478,257,287,673,351,10.13
2026-08-14 16:35:45,ROI_RESIZED,1,478,260,291,673,351,10.13
2026-08-14 16:35:45,ROI_RESIZED,1,478,257,292,673,351,10.13
2026-08-14 16:35:45,ROI_RESIZED,1,478,252,291,673,351,9.93
2026-08-14 16:35:46,ROI_RESIZED,1,478,257,290,673,351,9.93
2026-08-14 16:35:46,ROI_RESIZED,1,478,251,286,673,351,9.93
2026-08-14 16:35:46,ROI_RESIZED,1,478,255,286,673,351,9.93
2026-08-14 16:35:46,ROI_RESIZED,1,478,253,285,673,351,9.93
2026-08-14 16:35:46,ROI_RESIZED,1,478,251,284,673,351,9.93
2026-08-14 16:35:46,ROI_RESIZED,1,478,251,283,673,351,9.93
2026-08-14 16:35:46,ROI_RESIZED,1,478,257,285,673,351,9.93
2026-08-14 16:35:46,ROI_RESIZED,1,478,248,281,673,351,9.93
2026-08-14 16:35:46,ROI_RESIZED,1,478,238,283,673,351,9.93
2026-08-14 16:35:46,ROI_RESIZED,1,478,245,282,673,351,9.93
2026-08-14 16:35:47,ROI_RESIZED,1,478,235,282,673,351,10.09
2026-08-14 16:35:47,ROI_RESIZED,1,478,225,283,673,351,10.09
2026-08-14 16:35:47,ROI_RESIZED,1,478,220,285,673,351,10.09
2026-08-14 16:35:47,ROI_RESIZED,1,478,219,287,673,351,10.09
2026-08-14 16:35:47,ROI_RESIZED,1,478,215,288,673,351,10.09
2026-08-14 16:35:47,ROI_RESIZED,1,478,211,285,673,351,10.09
2026-08-14 16:35:47,ROI_RESIZED,1,478,214,288,673,351,10.09
2026-08-14 16:35:47,ROI_RESIZED,1,478,215,279,673,351,10.09
2026-08-14 16:35:47,ROI_RESIZED,1,478,215,282,673,351,10.09
2026-08-14 16:35:47,ROI_RESIZED,1,478,226,278,673,351,10.09
2026-08-14 16:35:48,ROI_RESIZED,1,478,255,277,673,351,9.92
2026-08-14 16:35:48,ROI_RESIZED,1,478,261,285,673,351,9.92
2026-08-14 16:35:48,ROI_RESIZED,1,478,262,286,673,351,9.92
2026-08-14 16:35:48,ROI_RESIZED,1,478,256,282,673,351,9.92
2026-08-14 16:35:48,ROI_RESIZED,1,478,258,251,673,351,9.92
2026-08-14 16:35:48,ROI_RESIZED,1,478,258,263,673,351,9.92
2026-08-14 16:35:48,ROI_RESIZED,1,478,255,254,673,351,9.92
2026-08-14 16:35:48,ROI_RESIZED,1,478,248,255,673,351,9.92
2026-08-14 16:35:48,ROI_RESIZED,1,478,248,256,673,351,9.92
2026-08-14 16:35:48,ROI_RESIZED,1,478,251,256,673,351,9.92
2026-08-14 16:35:49,ROI_RESIZED,1,478,249,262,673,351,9.92
2026-08-14 16:35:49,ROI_RESIZED,1,478,246,272,673,351,10.06
2026-08-14 16:35:49,ROI_RESIZED,1,478,243,273,673,351,10.06
2026-08-14 16:35:49,ROI_RESIZED,1,478,246,279,673,351,10.06
2026-08-14 16:35:49,ROI_RESIZED,1,478,250,282,673,351,10.06
2026-08-14 16:35:49,ROI_RESIZED,1,478,247,282,673,351,10.06
2026-08-14 16:35:49,ROI_RESIZED,1,478,253,285,673,351,10.06
2026-08-14 16:35:49,ROI_RESIZED,1,478,253,284,673,351,10.06
2026-08-14 16:35:49,ROI_RESIZED,1,478,247,284,673,351,10.06
2026-08-14 16:35:49,ROI_RESIZED,1,478,243,278,673,351,10.06
2026-08-14 16:35:50,ROI_RESIZED,1,478,242,278,673,351,10.06
2026-08-14 16:35:50,ROI_RESIZED,1,478,248,280,673,351,9.97
2026-08-14 16:35:50,ROI_RESIZED,1,478,251,285,673,351,9.97
2026-08-14 16:35:50,ROI_RESIZED,1,478,251,284,673,351,9.97
2026-08-14 16:35:50,ROI_RESIZED,1,478,249,285,673,351,9.97
2026-08-14 16:35:50,ROI_RESIZED,1,478,255,292,673,351,9.97
2026-08-14 16:35:50,ROI_RESIZED,1,478,256,294,673,351,9.97
2026-08-14 16:35:50,ROI_RESIZED,1,478,253,296,673,351,9.97
2026-08-14 16:35:50,ROI_RESIZED,1,478,255,297,673,351,9.97
2026-08-14 16:35:50,ROI_RESIZED,1,478,253,293,673,351,9.97
2026-08-14 16:35:51,ROI_RESIZED,1,478,253,289,673,351,9.97
2026-08-14 16:35:51,ROI_RESIZED,1,478,253,292,673,351,9.97
2026-08-14 16:35:51,ROI_RESIZED,1,478,251,289,673,351,10.12
2026-08-14 16:35:51,ROI_RESIZED,1,478,247,285,673,351,10.12
2026-08-14 16:35:51,ROI_RESIZED,1,478,244,282,673,351,10.12
2026-08-14 16:35:51,ROI_RESIZED,1,478,245,284,673,351,10.12
2026-08-14 16:35:51,ROI_RESIZED,1,478,247,282,673,351,10.12
2026-08-14 16:35:51,ROI_RESIZED,1,478,247,279,673,351,10.12
2026-08-14 16:35:51,ROI_RESIZED,1,478,245,274,673,351,10.12
2026-08-14 16:35:51,ROI_RESIZED,1,478,244,271,673,351,10.12
2026-08-14 16:35:52,ROI_RESIZED,1,478,241,267,673,351,10.12
2026-08-14 16:35:52,ROI_RESIZED,1,478,251,265,673,351,10.12
2026-08-14 16:35:52,ROI_RESIZED,1,478,245,265,673,351,10.12
2026-08-14 16:35:52,ROI_RESIZED,1,478,245,266,673,351,9.94
2026-08-14 16:35:52,ROI_RESIZED,1,478,239,264,673,351,9.94
2026-08-14 16:35:52,ROI_RESIZED,1,478,240,264,673,351,9.94
2026-08-14 16:35:52,ROI_RESIZED,1,478,237,264,673,351,9.94
2026-08-14 16:35:52,ROI_RESIZED,1,478,237,265,673,351,9.94
2026-08-14 16:35:52,ROI_RESIZED,1,478,236,266,673,351,9.94
2026-08-14 16:35:52,ROI_RESIZED,1,478,237,266,673,351,9.94
2026-08-14 16:35:53,ROI_RESIZED,1,478,237,266,673,351,9.94
2026-08-14 16:35:53,ROI_RESIZED,1,478,237,266,673,351,9.94
2026-08-14 16:35:53,ROI_RESIZED,1,478,236,268,673,351,9.94
2026-08-14 16:35:53,ROI_RESIZED,1,478,243,273,673,351,9.94
2026-08-14 16:35:53,ROI_RESIZED,1,478,241,274,673,351,10.13
2026-08-14 16:35:53,ROI_RESIZED,1,478,245,275,673,351,10.13
2026-08-14 16:35:53,ROI_RESIZED,1,478,244,273,673,351,10.13
2026-08-14 16:35:53,ROI_RESIZED,1,478,241,273,673,351,10.13
2026-08-14 16:35:53,ROI_RESIZED,1,478,241,274,673,351,10.13
2026-08-14 16:35:53,ROI_RESIZED,1,478,239,276,673,351,10.13
2026-08-14 16:35:54,ROI_RESIZED,1,478,240,275,673,351,10.13
2026-08-14 16:35:54,ROI_RESIZED,1,478,239,275,673,351,10.13
2026-08-14 16:35:54,ROI_RESIZED,1,478,238,275,673,351,10.13
2026-08-14 16:35:54,ROI_RESIZED,1,478,236,274,673,351,10.13
2026-08-14 16:35:54,ROI_RESIZED,1,478,234,274,673,351,9.95
2026-08-14 16:35:54,ROI_RESIZED,1,478,235,276,673,351,9.95
2026-08-14 16:35:54,ROI_RESIZED,1,478,242,279,673,351,9.95
2026-08-14 16:35:54,ROI_RESIZED,1,478,241,279,673,351,9.95
2026-08-14 16:35:54,ROI_RESIZED,1,478,241,278,673,351,9.95
2026-08-14 16:35:54,ROI_RESIZED,1,478,241,276,673,351,9.95
2026-08-14 16:35:55,ROI_RESIZED,1,478,240,274,673,351,9.95
2026-08-14 16:35:55,ROI_RESIZED,1,478,239,275,673,351,9.95
2026-08-14 16:35:55,ROI_RESIZED,1,478,237,276,673,351,9.95
2026-08-14 16:35:55,ROI_RESIZED,1,478,236,275,673,351,9.95
2026-08-14 16:35:55,ROI_RESIZED,1,478,236,274,673,351,9.95
2026-08-14 16:35:55,ROI_RESIZED,1,478,237,274,673,351,10.13
2026-08-14 16:35:55,ROI_RESIZED,1,478,237,275,673,351,10.13
2026-08-14 16:35:55,ROI_RESIZED,1,478,234,275,673,351,10.13
2026-08-14 16:35:55,ROI_RESIZED,1,478,235,273,673,351,10.13
2026-08-14 16:35:55,ROI_RESIZED,1,478,235,272,673,351,10.13
2026-08-14 16:35:56,ROI_RESIZED,1,478,240,269,673,351,10.13
2026-08-14 16:35:56,ROI_RESIZED,1,478,240,272,673,351,10.13
2026-08-14 16:35:56,ROI_RESIZED,1,478,243,273,673,351,10.13
2026-08-14 16:35:56,ROI_RESIZED,1,478,242,275,673,351,10.13
2026-08-14 16:35:56,ROI_RESIZED,1,478,241,275,673,351,10.13
2026-08-14 16:35:56,ROI_RESIZED,1,478,241,275,673,351,9.79
2026-08-14 16:35:56,ROI_RESIZED,1,478,241,275,673,351,9.79
2026-08-14 16:35:56,ROI_RESIZED,1,478,241,275,673,351,9.79
2026-08-14 16:35:56,ROI_RESIZED,1,478,238,275,673,351,9.79
2026-08-14 16:35:56,ROI_RESIZED,1,478,239,274,673,351,9.79
2026-08-14 16:35:57,ROI_RESIZED,1,478,239,274,673,351,9.79
2026-08-14 16:35:57,ROI_RESIZED,1,478,239,276,673,351,9.79
2026-08-14 16:35:57,ROI_RESIZED,1,478,239,275,673,351,9.79
2026-08-14 16:35:57,ROI_RESIZED,1,478,239,275,673,351,9.79
2026-08-14 16:35:57,ROI_RESIZED,1,478,238,271,673,351,9.79
2026-08-14 16:35:57,ROI_RESIZED,1,478,239,267,673,351,9.79
2026-08-14 16:35:57,ROI_RESIZED,1,478,264,268,673,351,10.17
2026-08-14 16:35:57,ROI_RESIZED,1,478,261,271,673,351,10.17
2026-08-14 16:35:57,ROI_RESIZED,1,478,250,274,673,351,10.17
2026-08-14 16:35:57,ROI_RESIZED,1,478,239,275,673,351,10.17
2026-08-14 16:35:58,ROI_RESIZED,1,478,237,276,673,351,10.17
2026-08-14 16:35:58,ROI_RESIZED,1,478,235,276,673,351,10.17
2026-08-14 16:35:58,ROI_RESIZED,1,478,232,279,673,351,10.17
2026-08-14 16:35:58,ROI_RESIZED,1,478,230,279,673,351,10.17
2026-08-14 16:35:58,ROI_RESIZED,1,478,220,279,673,351,10.17
2026-08-14 16:35:58,ROI_RESIZED,0,0,0,0,673,351,10.17
2026-08-14 16:35:58,ROI_RESIZED,0,0,0,0,673,351,9.86
2026-08-14 16:35:58,ROI_RESIZED,0,0,0,0,673,351,9.86
2026-08-14 16:35:58,ROI_RESIZED,0,0,0,0,673,351,9.86
2026-08-14 16:35:58,ROI_RESIZED,0,0,0,0,673,351,9.86
2026-08-14 16:35:59,ROI_RESIZED,0,0,0,0,673,351,9.86
2026-08-14 16:35:59,ROI_RESIZED,0,0,0,0,673,351,9.86
2026-08-14 16:35:59,ROI_RESIZED,0,0,0,0,673,351,9.86
2026-08-14 16:35:59,ROI_RESIZED,0,0,0,0,673,351,9.86
2026-08-14 16:35:59,ROI_RESIZED,0,0,0,0,673,351,9.86
2026-08-14 16:35:59,ROI_RESIZED,0,0,0,0,673,351,9.86
2026-08-14 16:35:59,ROI_RESIZED,0,0,0,0,673,351,9.86
2026-08-14 16:35:59,ROI_RESIZED,0,0,0,0,673,351,10.16
2026-08-14 16:35:59,ROI_RESIZED,0,0,0,0,673,351,10.16
2026-08-14 16:35:59,ROI_RESIZED,0,0,0,0,673,351,10.16
2026-08-14 16:36:00,ROI_RESIZED,0,0,0,0,673,351,10.16
2026-08-14 16:36:00,ROI_RESIZED,1,478,238,235,673,351,10.16
2026-08-14 16:36:00,ROI_RESIZED,1,478,237,254,673,351,10.16
2026-08-14 16:36:00,ROI_RESIZED,1,478,242,264,673,351,10.16
2026-08-14 16:36:00,ROI_RESIZED,1,478,247,275,673,351,10.16
2026-08-14 16:36:00,ROI_RESIZED,1,478,248,274,673,351,10.16
2026-08-14 16:36:00,ROI_RESIZED,1,478,245,272,673,351,10.16
2026-08-14 16:36:00,ROI_RESIZED,1,478,247,274,673,351,10.16
2026-08-14 16:36:00,ROI_RESIZED,1,478,239,272,673,351,9.99
2026-08-14 16:36:00,ROI_RESIZED,1,478,238,275,673,351,9.99
2026-08-14 16:36:01,ROI_RESIZED,1,478,240,275,673,351,9.99
2026-08-14 16:36:01,ROI_RESIZED,1,478,242,276,673,351,9.99
2026-08-14 16:36:01,ROI_RESIZED,1,478,240,276,673,351,9.99
2026-08-14 16:36:01,ROI_RESIZED,1,478,242,278,673,351,9.99
2026-08-14 16:36:01,ROI_RESIZED,1,478,240,278,673,351,9.99
2026-08-14 16:36:01,ROI_RESIZED,1,478,237,277,673,351,9.99
2026-08-14 16:36:01,ROI_RESIZED,1,478,234,277,673,351,9.99
2026-08-14 16:36:01,ROI_RESIZED,1,478,234,277,673,351,9.99
2026-08-14 16:36:01,ROI_RESIZED,1,478,234,278,673,351,9.99
2026-08-14 16:36:01,ROI_RESIZED,1,478,234,279,673,351,10.09
2026-08-14 16:36:02,ROI_RESIZED,1,478,234,276,673,351,10.09
2026-08-14 16:36:02,ROI_RESIZED,1,478,233,276,673,351,10.09
2026-08-14 16:36:02,ROI_RESIZED,1,478,236,276,673,351,10.09
2026-08-14 16:36:02,ROI_RESIZED,1,478,235,276,673,351,10.09
2026-08-14 16:36:02,ROI_RESIZED,1,478,235,273,673,351,10.09
2026-08-14 16:36:02,ROI_RESIZED,1,478,240,276,673,351,10.09
2026-08-14 16:36:02,ROI_RESIZED,1,478,242,276,673,351,10.09
2026-08-14 16:36:02,ROI_RESIZED,1,478,243,278,673,351,10.09
2026-08-14 16:36:02,ROI_RESIZED,1,478,242,283,673,351,10.09
2026-08-14 16:36:02,ROI_RESIZED,1,478,240,284,673,351,9.93
2026-08-14 16:36:03,ROI_RESIZED,1,478,237,285,673,351,9.93
2026-08-14 16:36:03,ROI_RESIZED,1,478,237,285,673,351,9.93
2026-08-14 16:36:03,ROI_RESIZED,1,478,237,283,673,351,9.93
2026-08-14 16:36:03,ROI_RESIZED,1,478,237,282,673,351,9.93
2026-08-14 16:36:03,ROI_RESIZED,1,478,237,283,673,351,9.93
2026-08-14 16:36:03,ROI_RESIZED,1,478,237,284,673,351,9.93
2026-08-14 16:36:03,ROI_RESIZED,1,478,238,284,673,351,9.93
2026-08-14 16:36:03,ROI_RESIZED,1,478,238,285,673,351,9.93
2026-08-14 16:36:03,ROI_RESIZED,1,478,238,285,673,351,9.93
2026-08-14 16:36:03,ROI_RESIZED,1,478,238,282,673,351,9.93
2026-08-14 16:36:04,ROI_RESIZED,1,478,238,281,673,351,10.11
2026-08-14 16:36:04,ROI_RESIZED,1,478,237,281,673,351,10.11
2026-08-14 16:36:04,ROI_RESIZED,1,478,242,280,673,351,10.11
2026-08-14 16:36:04,ROI_RESIZED,1,478,254,282,673,351,10.11
2026-08-14 16:36:04,ROI_RESIZED,1,478,250,279,673,351,10.11
2026-08-14 16:36:04,ROI_RESIZED,1,478,244,276,673,351,10.11
2026-08-14 16:36:04,ROI_RESIZED,1,478,247,276,673,351,10.11
2026-08-14 16:36:04,ROI_RESIZED,1,478,239,274,673,351,10.11
2026-08-14 16:36:04,ROI_RESIZED,1,478,233,271,673,351,10.11
2026-08-14 16:36:04,ROI_RESIZED,1,478,229,269,673,351,10.11
2026-08-14 16:36:05,ROI_RESIZED,1,478,233,268,673,351,9.93
2026-08-14 16:36:05,ROI_RESIZED,1,478,229,265,673,351,9.93
2026-08-14 16:36:05,ROI_RESIZED,1,478,238,266,673,351,9.93
2026-08-14 16:36:05,ROI_RESIZED,1,478,235,265,673,351,9.93
2026-08-14 16:36:05,ROI_RESIZED,1,478,234,265,673,351,9.93
2026-08-14 16:36:05,ROI_RESIZED,1,478,235,267,673,351,9.93
2026-08-14 16:36:05,ROI_RESIZED,1,478,236,267,673,351,9.93
2026-08-14 16:36:05,ROI_RESIZED,1,478,244,266,673,351,9.93
2026-08-14 16:36:05,ROI_RESIZED,1,478,250,266,673,351,9.93
2026-08-14 16:36:05,ROI_RESIZED,1,478,252,263,673,351,9.93
2026-08-14 16:36:06,ROI_RESIZED,1,478,262,263,673,351,9.93
2026-08-14 16:36:06,ROI_RESIZED,1,478,254,263,673,351,10.07
2026-08-14 16:36:06,ROI_RESIZED,1,478,244,263,673,351,10.07
2026-08-14 16:36:06,ROI_RESIZED,1,478,246,263,673,351,10.07
2026-08-14 16:36:06,ROI_RESIZED,1,478,244,262,673,351,10.07
2026-08-14 16:36:06,ROI_RESIZED,1,478,245,263,673,351,10.07
2026-08-14 16:36:06,ROI_RESIZED,1,478,245,263,673,351,10.07
2026-08-14 16:36:06,ROI_RESIZED,1,478,244,264,673,351,10.07
2026-08-14 16:36:06,ROI_RESIZED,1,478,240,263,673,351,10.07
2026-08-14 16:36:06,ROI_RESIZED,1,478,244,266,673,351,10.07
2026-08-14 16:36:07,ROI_RESIZED,1,478,246,262,673,351,10.07
2026-08-14 16:36:07,ROI_RESIZED,1,478,242,264,673,351,9.96
2026-08-14 16:36:07,ROI_RESIZED,1,478,243,265,673,351,9.96
2026-08-14 16:36:07,ROI_RESIZED,1,478,244,264,673,351,9.96
2026-08-14 16:36:07,ROI_RESIZED,1,478,242,260,673,351,9.96
2026-08-14 16:36:07,ROI_RESIZED,1,478,241,260,673,351,9.96
2026-08-14 16:36:07,ROI_RESIZED,1,478,245,239,673,351,9.96
2026-08-14 16:36:07,ROI_RESIZED,1,478,250,235,673,351,9.96
2026-08-14 16:36:07,ROI_RESIZED,1,478,246,238,673,351,9.96
2026-08-14 16:36:07,ROI_RESIZED,1,478,238,243,673,351,9.96
2026-08-14 16:36:08,ROI_RESIZED,1,478,235,246,673,351,9.96
2026-08-14 16:36:08,ROI_RESIZED,1,478,229,241,673,351,9.96
2026-08-14 16:36:08,ROI_RESIZED,1,478,220,231,673,351,10.07
2026-08-14 16:36:08,ROI_RESIZED,1,478,208,222,673,351,10.07
2026-08-14 16:36:08,ROI_RESIZED,1,478,185,211,673,351,10.07
2026-08-14 16:36:08,ROI_RESIZED,1,478,185,201,673,351,10.07
2026-08-14 16:36:08,ROI_RESIZED,1,478,177,190,673,351,10.07
2026-08-14 16:36:08,ROI_RESIZED,1,478,191,194,673,351,10.07
2026-08-14 16:36:08,ROI_RESIZED,1,478,186,183,673,351,10.07
2026-08-14 16:36:08,ROI_RESIZED,1,478,184,187,673,351,10.07
2026-08-14 16:36:09,ROI_RESIZED,1,478,178,187,673,351,10.07
2026-08-14 16:36:09,ROI_RESIZED,1,478,182,174,673,351,10.07
2026-08-14 16:36:09,ROI_RESIZED,0,0,0,0,673,351,10.07
2026-08-14 16:36:09,ROI_RESIZED,0,0,0,0,673,351,10.0
2026-08-14 16:36:09,ROI_RESIZED,0,0,0,0,673,351,10.0
2026-08-14 16:36:09,ROI_RESIZED,0,0,0,0,673,351,10.0
2026-08-14 16:36:09,ROI_RESIZED,1,478,184,152,673,351,10.0
2026-08-14 16:36:09,ROI_RESIZED,1,478,200,177,673,351,10.0
2026-08-14 16:36:09,ROI_RESIZED,1,478,203,202,673,351,10.0
2026-08-14 16:36:09,ROI_RESIZED,1,478,196,205,673,351,10.0
2026-08-14 16:36:10,ROI_RESIZED,1,478,211,217,673,351,10.0
2026-08-14 16:36:10,ROI_RESIZED,1,478,224,237,673,351,10.0
2026-08-14 16:36:10,ROI_RESIZED,1,478,223,242,673,351,10.0
2026-08-14 16:36:10,ROI_RESIZED,1,478,228,253,673,351,10.0
2026-08-14 16:36:10,ROI_RESIZED,1,478,242,256,673,351,10.12
2026-08-14 16:36:10,ROI_RESIZED,1,478,245,249,673,351,10.12
2026-08-14 16:36:10,ROI_RESIZED,0,0,0,0,673,351,10.12
2026-08-14 16:36:10,ROI_RESIZED,0,0,0,0,673,351,10.12
2026-08-14 16:36:10,ROI_RESIZED,1,478,244,231,673,351,10.12
2026-08-14 16:36:10,ROI_RESIZED,1,478,263,233,673,351,10.12
2026-08-14 16:36:11,ROI_RESIZED,1,478,266,233,673,351,10.12
2026-08-14 16:36:11,ROI_RESIZED,1,478,266,233,673,351,10.12
2026-08-14 16:36:11,ROI_RESIZED,1,478,272,233,673,351,10.12
2026-08-14 16:36:11,ROI_RESIZED,1,478,284,230,673,351,10.12
2026-08-14 16:36:11,ROI_RESIZED,0,0,0,0,673,351,9.86
2026-08-14 16:36:11,ROI_RESIZED,0,0,0,0,673,351,9.86
2026-08-14 16:36:11,ROI_RESIZED,1,478,224,223,673,351,9.86
2026-08-14 16:36:11,ROI_RESIZED,1,478,239,244,673,351,9.86
2026-08-14 16:36:11,ROI_RESIZED,1,478,242,247,673,351,9.86
2026-08-14 16:36:11,ROI_RESIZED,1,478,245,253,673,351,9.86
2026-08-14 16:36:12,ROI_RESIZED,1,478,239,253,673,351,9.86
2026-08-14 16:36:12,ROI_RESIZED,1,478,243,252,673,351,9.86
2026-08-14 16:36:12,ROI_RESIZED,1,478,239,254,673,351,9.86
2026-08-14 16:36:12,ROI_RESIZED,1,478,240,254,673,351,9.86
2026-08-14 16:36:12,ROI_RESIZED,1,478,240,255,673,351,9.86
2026-08-14 16:36:12,ROI_RESIZED,1,478,240,255,673,351,10.16
2026-08-14 16:36:12,ROI_RESIZED,1,478,241,255,673,351,10.16
2026-08-14 16:36:12,ROI_RESIZED,1,478,241,255,673,351,10.16
2026-08-14 16:36:12,ROI_RESIZED,1,478,240,256,673,351,10.16
2026-08-14 16:36:12,ROI_RESIZED,1,478,239,256,673,351,10.16
2026-08-14 16:36:13,ROI_RESIZED,1,478,236,256,673,351,10.16
2026-08-14 16:36:13,ROI_RESIZED,1,478,233,254,673,351,10.16
2026-08-14 16:36:13,ROI_RESIZED,1,478,233,254,673,351,10.16
2026-08-14 16:36:13,ROI_RESIZED,1,478,236,254,673,351,10.16
2026-08-14 16:36:13,ROI_RESIZED,1,478,235,254,673,351,10.16
2026-08-14 16:36:13,ROI_RESIZED,1,478,233,253,673,351,9.93
2026-08-14 16:36:13,ROI_RESIZED,1,478,233,253,673,351,9.93
2026-08-14 16:36:13,ROI_RESIZED,1,478,233,252,673,351,9.93
2026-08-14 16:36:13,ROI_RESIZED,1,478,233,251,673,351,9.93
2026-08-14 16:36:13,ROI_RESIZED,1,478,235,251,673,351,9.93
2026-08-14 16:36:14,ROI_RESIZED,1,478,233,252,673,351,9.93
2026-08-14 16:36:14,ROI_RESIZED,1,478,232,252,673,351,9.93
2026-08-14 16:36:14,ROI_RESIZED,1,478,234,252,673,351,9.93
2026-08-14 16:36:14,ROI_RESIZED,1,478,235,252,673,351,9.93
2026-08-14 16:36:14,ROI_RESIZED,1,478,235,253,673,351,9.93
2026-08-14 16:36:14,ROI_RESIZED,1,478,236,253,673,351,9.93
2026-08-14 16:36:14,ROI_RESIZED,1,478,237,253,673,351,10.1
2026-08-14 16:36:14,ROI_RESIZED,1,478,236,254,673,351,10.1
2026-08-14 16:36:14,ROI_RESIZED,1,478,235,254,673,351,10.1
2026-08-14 16:36:14,ROI_RESIZED,1,478,238,254,673,351,10.1
2026-08-14 16:36:15,ROI_RESIZED,1,478,238,254,673,351,10.1
2026-08-14 16:36:15,ROI_RESIZED,1,478,239,254,673,351,10.1
2026-08-14 16:36:15,ROI_RESIZED,1,478,238,254,673,351,10.1
2026-08-14 16:36:15,ROI_RESIZED,1,478,237,253,673,351,10.1
2026-08-14 16:36:15,ROI_RESIZED,1,478,241,253,673,351,10.1
2026-08-14 16:36:15,ROI_RESIZED,1,478,238,252,673,351,10.1
2026-08-14 16:36:15,ROI_RESIZED,1,478,238,250,673,351,9.85
2026-08-14 16:36:15,ROI_RESIZED,1,478,239,248,673,351,9.85
2026-08-14 16:36:15,ROI_RESIZED,1,478,236,249,673,351,9.85
2026-08-14 16:36:15,ROI_RESIZED,1,478,236,249,673,351,9.85
2026-08-14 16:36:15,ROI_RESIZED,1,478,238,248,673,351,9.85
2026-08-14 16:36:16,ROI_RESIZED,1,478,235,245,673,351,9.85
2026-08-14 16:36:16,ROI_RESIZED,0,0,0,0,673,351,9.85
2026-08-14 16:36:16,ROI_RESIZED,0,0,0,0,673,351,9.85
2026-08-14 16:36:16,ROI_RESIZED,1,478,225,244,673,351,9.85
2026-08-14 16:36:16,ROI_RESIZED,1,478,220,255,673,351,9.85
2026-08-14 16:36:16,ROI_RESIZED,1,478,217,259,673,351,9.85
2026-08-14 16:36:16,ROI_RESIZED,1,478,210,262,673,351,10.2
2026-08-14 16:36:16,ROI_RESIZED,1,478,210,261,673,351,10.2
2026-08-14 16:36:16,ROI_RESIZED,1,478,207,261,673,351,10.2
2026-08-14 16:36:17,ROI_RESIZED,1,478,208,262,673,351,10.2
2026-08-14 16:36:17,ROI_RESIZED,1,478,206,262,673,351,10.2
2026-08-14 16:36:17,ROI_RESIZED,1,478,207,262,673,351,10.2
2026-08-14 16:36:17,ROI_RESIZED,1,478,204,261,673,351,10.2
2026-08-14 16:36:17,ROI_RESIZED,1,478,204,262,673,351,10.2
2026-08-14 16:36:17,ROI_RESIZED,1,478,204,262,673,351,10.2
2026-08-14 16:36:17,ROI_RESIZED,1,478,205,265,673,351,10.2
2026-08-14 16:36:17,ROI_RESIZED,1,478,204,265,673,351,10.2
2026-08-14 16:36:17,ROI_RESIZED,1,478,204,267,673,351,9.93
2026-08-14 16:36:17,ROI_RESIZED,1,478,205,267,673,351,9.93
2026-08-14 16:36:17,ROI_RESIZED,1,478,205,269,673,351,9.93
2026-08-14 16:36:18,ROI_RESIZED,1,478,205,269,673,351,9.93
2026-08-14 16:36:18,ROI_RESIZED,1,478,205,270,673,351,9.93
2026-08-14 16:36:18,ROI_RESIZED,1,478,205,270,673,351,9.93
2026-08-14 16:36:18,ROI_RESIZED,1,478,205,270,673,351,9.93
2026-08-14 16:36:18,ROI_RESIZED,1,478,205,270,673,351,9.93
2026-08-14 16:36:18,ROI_RESIZED,1,478,205,272,673,351,9.93
2026-08-14 16:36:18,ROI_RESIZED,1,478,205,272,673,351,9.93
2026-08-14 16:36:18,ROI_RESIZED,1,478,204,271,673,351,9.93
2026-08-14 16:36:18,ROI_RESIZED,1,478,204,271,673,351,10.13
2026-08-14 16:36:19,ROI_RESIZED,1,478,204,271,673,351,10.13
2026-08-14 16:36:19,ROI_RESIZED,1,478,205,271,673,351,10.13
2026-08-14 16:36:19,ROI_RESIZED,1,478,204,270,673,351,10.13
2026-08-14 16:36:19,ROI_RESIZED,1,478,205,269,673,351,10.13
2026-08-14 16:36:19,ROI_RESIZED,1,478,203,269,673,351,10.13
2026-08-14 16:36:19,ROI_RESIZED,1,478,203,268,673,351,10.13
2026-08-14 16:36:19,ROI_RESIZED,1,478,203,268,673,351,10.13
2026-08-14 16:36:19,ROI_RESIZED,1,478,204,268,673,351,10.13
2026-08-14 16:36:19,ROI_RESIZED,1,478,204,268,673,351,10.13
2026-08-14 16:36:19,ROI_RESIZED,1,478,204,269,673,351,9.93
2026-08-14 16:36:20,ROI_RESIZED,1,478,203,269,673,351,9.93
2026-08-14 16:36:20,ROI_RESIZED,1,478,204,268,673,351,9.93
2026-08-14 16:36:20,ROI_RESIZED,1,478,213,261,673,351,9.93
2026-08-14 16:36:20,ROI_RESIZED,0,0,0,0,673,351,9.93
2026-08-14 16:36:20,ROI_RESIZED,1,478,222,217,673,351,9.93
2026-08-14 16:36:20,ROI_RESIZED,1,478,230,241,673,351,9.93
2026-08-14 16:36:20,ROI_RESIZED,1,478,245,252,673,351,9.93
2026-08-14 16:36:20,ROI_RESIZED,1,478,242,251,673,351,9.93
2026-08-14 16:36:20,ROI_RESIZED,1,478,241,255,673,351,9.93
2026-08-14 16:36:20,ROI_RESIZED,1,478,242,254,673,351,9.93
2026-08-14 16:36:20,ROI_RESIZED,1,478,243,251,673,351,10.11
2026-08-14 16:36:21,ROI_RESIZED,0,0,0,0,673,351,10.11
2026-08-14 16:36:21,ROI_RESIZED,1,478,231,249,673,351,10.11
2026-08-14 16:36:21,ROI_RESIZED,1,478,208,252,673,351,10.11
2026-08-14 16:36:21,ROI_RESIZED,1,478,204,251,673,351,10.11
2026-08-14 16:36:21,ROI_RESIZED,1,478,204,251,673,351,10.11
2026-08-14 16:36:21,ROI_RESIZED,1,478,205,252,673,351,10.11
2026-08-14 16:36:21,ROI_RESIZED,1,478,204,253,673,351,10.11
2026-08-14 16:36:21,ROI_RESIZED,1,478,203,255,673,351,10.11
2026-08-14 16:36:21,ROI_RESIZED,1,478,205,260,673,351,10.11
2026-08-14 16:36:21,ROI_RESIZED,1,478,206,263,673,351,9.93
2026-08-14 16:36:22,ROI_RESIZED,1,478,208,262,673,351,9.93
2026-08-14 16:36:22,ROI_RESIZED,1,478,212,264,673,351,9.93
2026-08-14 16:36:22,ROI_RESIZED,1,478,214,264,673,351,9.93
2026-08-14 16:36:22,ROI_RESIZED,1,478,214,265,673,351,9.93
2026-08-14 16:36:22,ROI_RESIZED,1,478,214,265,673,351,9.93
2026-08-14 16:36:22,ROI_RESIZED,1,478,214,265,673,351,9.93
2026-08-14 16:36:22,ROI_RESIZED,1,478,214,265,673,351,9.93
2026-08-14 16:36:22,ROI_RESIZED,1,478,212,266,673,351,9.93
2026-08-14 16:36:22,ROI_RESIZED,1,478,212,267,673,351,9.93
2026-08-14 16:36:22,ROI_RESIZED,1,478,212,266,673,351,9.93
2026-08-14 16:36:23,ROI_RESIZED,1,478,212,265,673,351,10.03
2026-08-14 16:36:23,ROI_RESIZED,1,478,213,265,673,351,10.03
2026-08-14 16:36:23,ROI_RESIZED,1,478,213,263,673,351,10.03
2026-08-14 16:36:23,ROI_RESIZED,1,478,220,259,673,351,10.03
2026-08-14 16:36:23,ROI_RESIZED,1,478,237,250,673,351,10.03
2026-08-14 16:36:23,ROI_RESIZED,1,478,241,248,673,351,10.03
2026-08-14 16:36:23,ROI_RESIZED,1,478,240,241,673,351,10.03
2026-08-14 16:36:23,ROI_RESIZED,1,478,239,238,673,351,10.03
2026-08-14 16:36:23,ROI_RESIZED,1,478,232,238,673,351,10.03
2026-08-14 16:36:23,ROI_RESIZED,1,478,234,236,673,351,10.03
2026-08-14 16:36:24,ROI_RESIZED,1,478,233,235,673,351,9.97
2026-08-14 16:36:24,ROI_RESIZED,1,478,234,235,673,351,9.97
2026-08-14 16:36:24,ROI_RESIZED,1,478,232,238,673,351,9.97
2026-08-14 16:36:24,ROI_RESIZED,1,478,231,243,673,351,9.97
2026-08-14 16:36:24,ROI_RESIZED,1,478,232,242,673,351,9.97
2026-08-14 16:36:24,ROI_RESIZED,1,478,230,242,673,351,9.97
2026-08-14 16:36:24,ROI_RESIZED,1,478,243,243,673,351,9.97
2026-08-14 16:36:24,ROI_RESIZED,1,478,246,244,673,351,9.97
2026-08-14 16:36:24,ROI_RESIZED,1,478,245,243,673,351,9.97
2026-08-14 16:36:24,ROI_RESIZED,1,478,244,240,673,351,9.97
2026-08-14 16:36:25,ROI_RESIZED,1,478,245,239,673,351,9.97
2026-08-14 16:36:25,ROI_RESIZED,1,478,243,239,673,351,10.09
2026-08-14 16:36:25,ROI_RESIZED,1,478,240,239,673,351,10.09
2026-08-14 16:36:25,ROI_RESIZED,1,478,241,242,673,351,10.09
2026-08-14 16:36:25,ROI_RESIZED,0,0,0,0,673,351,10.09
2026-08-14 16:36:25,ROI_RESIZED,1,478,247,245,673,351,10.09
2026-08-14 16:36:25,ROI_RESIZED,0,0,0,0,673,351,10.09
2026-08-14 16:36:25,ROI_RESIZED,1,478,207,225,673,351,10.09
2026-08-14 16:36:25,ROI_RESIZED,1,478,212,243,673,351,10.09
2026-08-14 16:36:25,ROI_RESIZED,1,478,215,252,673,351,10.09
2026-08-14 16:36:26,ROI_RESIZED,1,478,216,258,673,351,10.09
2026-08-14 16:36:26,ROI_RESIZED,1,478,215,261,673,351,10.09
2026-08-14 16:36:26,ROI_RESIZED,1,478,216,259,673,351,10.02
2026-08-14 16:36:26,ROI_RESIZED,1,478,216,259,673,351,10.02
2026-08-14 16:36:26,ROI_RESIZED,1,478,216,262,673,351,10.02
2026-08-14 16:36:26,ROI_RESIZED,1,478,213,263,673,351,10.02
2026-08-14 16:36:26,ROI_RESIZED,1,478,213,263,673,351,10.02
2026-08-14 16:36:26,ROI_RESIZED,1,478,213,263,673,351,10.02
2026-08-14 16:36:26,ROI_RESIZED,1,478,212,262,673,351,10.02
2026-08-14 16:36:26,ROI_RESIZED,1,478,212,263,673,351,10.02
2026-08-14 16:36:27,ROI_RESIZED,1,478,214,262,673,351,10.02
2026-08-14 16:36:27,ROI_RESIZED,1,478,227,261,673,351,10.02
2026-08-14 16:36:27,ROI_RESIZED,1,478,245,255,673,351,10.02
2026-08-14 16:36:27,ROI_RESIZED,1,478,249,259,673,351,10.07
2026-08-14 16:36:27,ROI_RESIZED,1,478,253,253,673,351,10.07
2026-08-14 16:36:27,ROI_RESIZED,1,478,254,252,673,351,10.07
2026-08-14 16:36:27,ROI_RESIZED,1,478,247,248,673,351,10.07
2026-08-14 16:36:27,ROI_RESIZED,1,478,246,249,673,351,10.07
2026-08-14 16:36:27,ROI_RESIZED,1,478,243,249,673,351,10.07
2026-08-14 16:36:27,ROI_RESIZED,1,478,247,250,673,351,10.07
2026-08-14 16:36:28,ROI_RESIZED,1,478,242,250,673,351,10.07
2026-08-14 16:36:28,ROI_RESIZED,1,478,241,250,673,351,10.07
2026-08-14 16:36:28,ROI_RESIZED,1,478,240,250,673,351,10.07
2026-08-14 16:36:28,ROI_RESIZED,1,478,240,250,673,351,9.94
2026-08-14 16:36:28,ROI_RESIZED,1,478,243,250,673,351,9.94
2026-08-14 16:36:28,ROI_RESIZED,1,478,241,250,673,351,9.94
2026-08-14 16:36:28,ROI_RESIZED,1,478,240,249,673,351,9.94
2026-08-14 16:36:28,ROI_RESIZED,1,478,240,249,673,351,9.94
2026-08-14 16:36:28,ROI_RESIZED,1,478,241,249,673,351,9.94
2026-08-14 16:36:28,ROI_RESIZED,1,478,241,249,673,351,9.94
2026-08-14 16:36:29,ROI_RESIZED,1,478,241,249,673,351,9.94
2026-08-14 16:36:29,ROI_RESIZED,1,478,240,249,673,351,9.94
2026-08-14 16:36:29,ROI_RESIZED,1,478,241,250,673,351,9.94
2026-08-14 16:36:29,ROI_RESIZED,1,478,242,250,673,351,9.94
2026-08-14 16:36:29,ROI_RESIZED,1,478,243,250,673,351,10.1
2026-08-14 16:36:29,ROI_RESIZED,1,478,243,250,673,351,10.1
2026-08-14 16:36:29,ROI_RESIZED,1,478,242,250,673,351,10.1
2026-08-14 16:36:29,ROI_RESIZED,1,478,239,250,673,351,10.1
2026-08-14 16:36:29,ROI_RESIZED,1,478,238,250,673,351,10.1
2026-08-14 16:36:29,ROI_RESIZED,1,478,237,250,673,351,10.1
2026-08-14 16:36:30,ROI_RESIZED,1,478,237,249,673,351,10.1
2026-08-14 16:36:30,ROI_RESIZED,1,478,235,248,673,351,10.1
2026-08-14 16:36:30,ROI_RESIZED,1,478,236,248,673,351,10.1
2026-08-14 16:36:30,ROI_RESIZED,1,478,238,248,673,351,10.1
2026-08-14 16:36:30,ROI_RESIZED,1,478,241,247,673,351,9.89
2026-08-14 16:36:30,ROI_RESIZED,1,478,241,246,673,351,9.89
2026-08-14 16:36:30,ROI_RESIZED,1,478,239,245,673,351,9.89
2026-08-14 16:36:30,ROI_RESIZED,1,478,232,246,673,351,9.89
2026-08-14 16:36:30,ROI_RESIZED,0,0,0,0,673,351,9.89
2026-08-14 16:36:30,ROI_RESIZED,1,478,210,217,673,351,9.89
2026-08-14 16:36:31,ROI_RESIZED,1,478,226,242,673,351,9.89
2026-08-14 16:36:31,ROI_RESIZED,1,478,227,250,673,351,9.89
2026-08-14 16:36:31,ROI_RESIZED,1,478,226,253,673,351,9.89
2026-08-14 16:36:31,ROI_RESIZED,1,478,226,254,673,351,9.89
2026-08-14 16:36:31,ROI_RESIZED,1,478,227,254,673,351,9.89
2026-08-14 16:36:31,ROI_RESIZED,1,478,233,255,673,351,10.15
2026-08-14 16:36:31,ROI_RESIZED,1,478,235,255,673,351,10.15
2026-08-14 16:36:31,ROI_RESIZED,1,478,235,259,673,351,10.15
2026-08-14 16:36:31,ROI_RESIZED,1,478,234,259,673,351,10.15
2026-08-14 16:36:31,ROI_RESIZED,1,478,230,262,673,351,10.15
2026-08-14 16:36:32,ROI_RESIZED,1,478,233,265,673,351,10.15
2026-08-14 16:36:32,ROI_RESIZED,1,478,232,272,673,351,10.15
2026-08-14 16:36:32,ROI_RESIZED,1,478,231,269,673,351,10.15
2026-08-14 16:36:32,ROI_RESIZED,1,478,231,269,673,351,10.15
2026-08-14 16:36:32,ROI_RESIZED,1,478,234,270,673,351,10.15
2026-08-14 16:36:32,ROI_RESIZED,1,478,237,273,673,351,9.9
2026-08-14 16:36:32,ROI_RESIZED,1,478,240,279,673,351,9.9
2026-08-14 16:36:32,ROI_RESIZED,1,478,237,277,673,351,9.9
2026-08-14 16:36:32,ROI_RESIZED,1,478,233,277,673,351,9.9
2026-08-14 16:36:32,ROI_RESIZED,1,478,227,280,673,351,9.9
2026-08-14 16:36:33,ROI_RESIZED,1,478,226,279,673,351,9.9
2026-08-14 16:36:33,ROI_RESIZED,1,478,236,273,673,351,9.9
2026-08-14 16:36:33,ROI_RESIZED,1,478,239,270,673,351,9.9
2026-08-14 16:36:33,ROI_RESIZED,1,478,236,268,673,351,9.9
2026-08-14 16:36:33,ROI_RESIZED,1,478,233,267,673,351,9.9
2026-08-14 16:36:33,ROI_RESIZED,1,478,235,268,673,351,9.9
2026-08-14 16:36:33,ROI_RESIZED,1,478,234,271,673,351,10.13
2026-08-14 16:36:33,ROI_RESIZED,1,478,233,269,673,351,10.13
2026-08-14 16:36:33,ROI_RESIZED,1,478,237,266,673,351,10.13
2026-08-14 16:36:33,ROI_RESIZED,1,478,241,260,673,351,10.13
2026-08-14 16:36:34,ROI_RESIZED,1,478,241,265,673,351,10.13
2026-08-14 16:36:34,ROI_RESIZED,1,478,238,267,673,351,10.13
2026-08-14 16:36:34,ROI_RESIZED,1,478,235,269,673,351,10.13
2026-08-14 16:36:34,ROI_RESIZED,1,478,234,269,673,351,10.13
2026-08-14 16:36:34,ROI_RESIZED,1,478,233,270,673,351,10.13
2026-08-14 16:36:34,ROI_RESIZED,1,478,233,270,673,351,10.13
2026-08-14 16:36:34,ROI_RESIZED,1,478,233,269,673,351,10.13
2026-08-14 16:36:34,ROI_RESIZED,1,478,232,271,673,351,9.97
2026-08-14 16:36:34,ROI_RESIZED,1,478,231,272,673,351,9.97
2026-08-14 16:36:34,ROI_RESIZED,1,478,230,272,673,351,9.97
2026-08-14 16:36:35,ROI_RESIZED,1,478,231,270,673,351,9.97
2026-08-14 16:36:35,ROI_RESIZED,1,478,232,268,673,351,9.97
2026-08-14 16:36:35,ROI_RESIZED,1,478,233,270,673,351,9.97
2026-08-14 16:36:35,ROI_RESIZED,1,478,235,273,673,351,9.97
2026-08-14 16:36:35,ROI_RESIZED,1,478,234,273,673,351,9.97
2026-08-14 16:36:35,ROI_RESIZED,1,478,232,273,673,351,9.97
2026-08-14 16:36:35,ROI_RESIZED,1,478,232,273,673,351,9.97
2026-08-14 16:36:35,ROI_RESIZED,1,478,233,271,673,351,9.97
2026-08-14 16:36:35,ROI_RESIZED,1,478,232,270,673,351,10.12
2026-08-14 16:36:35,ROI_RESIZED,1,478,232,268,673,351,10.12
2026-08-14 16:36:36,ROI_RESIZED,1,478,233,267,673,351,10.12
2026-08-14 16:36:36,ROI_RESIZED,1,478,233,266,673,351,10.12
2026-08-14 16:36:36,ROI_RESIZED,1,478,236,266,673,351,10.12
2026-08-14 16:36:36,ROI_RESIZED,1,478,236,265,673,351,10.12
2026-08-14 16:36:36,ROI_RESIZED,1,478,235,265,673,351,10.12
2026-08-14 16:36:36,ROI_RESIZED,1,478,235,265,673,351,10.12
2026-08-14 16:36:36,ROI_RESIZED,1,478,233,265,673,351,10.12
2026-08-14 16:39:12,ROI_RESIZED,1,478,228,220,1024,460,0.36
2026-08-14 16:39:12,ROI_RESIZED,0,0,0,0,1024,460,0.36
2026-08-14 16:39:12,ROI_RESIZED,1,478,251,251,1024,460,0.36
2026-08-14 16:39:12,ROI_RESIZED,1,478,261,260,1024,460,0.36
2026-08-14 16:39:12,ROI_RESIZED,1,478,263,265,1024,460,0.36
2026-08-14 16:39:12,ROI_RESIZED,1,478,265,267,1024,460,0.36
2026-08-14 16:39:12,ROI_RESIZED,1,478,266,271,1024,460,0.36
2026-08-14 16:39:12,ROI_RESIZED,1,478,266,272,1024,460,0.36
2026-08-14 16:39:12,ROI_RESIZED,1,478,266,271,1024,460,0.36
2026-08-14 16:39:13,ROI_RESIZED,1,478,267,272,1024,460,0.36
2026-08-14 16:39:13,ROI_RESIZED,1,478,264,271,1024,460,0.36
2026-08-14 16:39:13,ROI_RESIZED,1,478,263,271,1024,460,10.68
2026-08-14 16:39:13,ROI_RESIZED,1,478,264,270,1024,460,10.68
2026-08-14 16:39:13,ROI_RESIZED,1,478,275,272,1024,460,10.68
2026-08-14 16:39:13,ROI_RESIZED,1,478,268,272,1024,460,10.68
2026-08-14 16:39:13,ROI_RESIZED,1,478,269,272,1024,460,10.68
2026-08-14 16:39:13,ROI_RESIZED,1,478,264,269,1024,460,10.68
2026-08-14 16:39:13,ROI_RESIZED,1,478,262,268,1024,460,10.68
2026-08-14 16:39:13,ROI_RESIZED,1,478,256,268,1024,460,10.68
2026-08-14 16:39:13,ROI_RESIZED,1,478,257,268,1024,460,10.68
2026-08-14 16:39:14,ROI_RESIZED,1,478,262,269,1024,460,10.68
2026-08-14 16:39:14,ROI_RESIZED,1,478,281,268,1024,460,10.68
2026-08-14 16:39:14,ROI_RESIZED,1,478,273,269,1024,460,10.08
2026-08-14 16:39:14,ROI_RESIZED,1,478,284,270,1024,460,10.08
2026-08-14 16:39:14,ROI_RESIZED,1,478,281,262,1024,460,10.08
2026-08-14 16:39:14,ROI_RESIZED,1,478,284,268,1024,460,10.08
2026-08-14 16:39:14,ROI_RESIZED,1,478,275,271,1024,460,10.08
2026-08-14 16:39:14,ROI_RESIZED,1,478,266,270,1024,460,10.08
2026-08-14 16:39:14,ROI_RESIZED,1,478,265,268,1024,460,10.08
2026-08-14 16:39:14,ROI_RESIZED,1,478,261,266,1024,460,10.08
2026-08-14 16:39:15,ROI_RESIZED,1,478,261,267,1024,460,10.08
2026-08-14 16:39:15,ROI_RESIZED,1,478,256,267,1024,460,10.08
2026-08-14 16:39:15,ROI_RESIZED,1,478,255,266,1024,460,9.93
2026-08-14 16:39:15,ROI_RESIZED,1,478,253,267,1024,460,9.93
2026-08-14 16:39:15,ROI_RESIZED,1,478,250,266,1024,460,9.93
2026-08-14 16:39:15,ROI_RESIZED,1,478,252,267,1024,460,9.93
2026-08-14 16:39:15,ROI_RESIZED,1,478,252,269,1024,460,9.93
2026-08-14 16:39:15,ROI_RESIZED,1,478,252,269,1024,460,9.93
2026-08-14 16:39:15,ROI_RESIZED,1,478,252,267,1024,460,9.93
2026-08-14 16:39:15,ROI_RESIZED,1,478,285,260,1024,460,9.93
2026-08-14 16:39:16,ROI_RESIZED,1,478,324,260,1024,460,9.93
2026-08-14 16:39:16,ROI_RESIZED,1,478,276,265,1024,460,9.93
2026-08-14 16:39:16,ROI_RESIZED,1,478,268,266,1024,460,9.93
2026-08-14 16:39:16,ROI_RESIZED,1,478,269,269,1024,460,10.08
2026-08-14 16:39:16,ROI_RESIZED,1,478,263,268,1024,460,10.08
2026-08-14 16:39:16,ROI_RESIZED,1,478,264,261,1024,460,10.08
2026-08-14 16:39:16,ROI_RESIZED,1,478,264,262,1024,460,10.08
2026-08-14 16:39:16,ROI_RESIZED,1,478,271,262,1024,460,10.08
2026-08-14 16:39:16,ROI_RESIZED,1,478,262,261,1024,460,10.08
2026-08-14 16:39:17,ROI_RESIZED,1,478,271,262,1024,460,10.08
2026-08-14 16:39:17,ROI_RESIZED,1,478,270,264,1024,460,10.08
2026-08-14 16:39:17,ROI_RESIZED,1,478,267,264,1024,460,10.08
2026-08-14 16:39:17,ROI_RESIZED,1,478,263,259,1024,460,10.08
2026-08-14 16:39:17,ROI_RESIZED,1,478,267,259,1024,460,10.08
2026-08-14 16:39:17,ROI_RESIZED,1,478,261,259,1024,460,9.98
2026-08-14 16:39:17,ROI_RESIZED,1,478,263,269,1024,460,9.98
2026-08-14 16:39:17,ROI_RESIZED,1,478,266,270,1024,460,9.98
2026-08-14 16:39:17,ROI_RESIZED,1,478,262,272,1024,460,9.98
2026-08-14 16:39:17,ROI_RESIZED,1,478,261,270,1024,460,9.98
2026-08-14 16:39:17,ROI_RESIZED,1,478,259,273,1024,460,9.98
2026-08-14 16:39:18,ROI_RESIZED,1,478,257,271,1024,460,9.98
2026-08-14 16:39:18,ROI_RESIZED,1,478,260,273,1024,460,9.98
2026-08-14 16:39:18,ROI_RESIZED,1,478,260,273,1024,460,9.98
2026-08-14 16:39:18,ROI_RESIZED,1,478,261,272,1024,460,9.98
2026-08-14 16:39:18,ROI_RESIZED,1,478,263,272,1024,460,9.98
2026-08-14 16:39:18,ROI_RESIZED,1,478,264,273,1024,460,10.14
2026-08-14 16:39:18,ROI_RESIZED,1,478,264,273,1024,460,10.14
2026-08-14 16:39:18,ROI_RESIZED,1,478,264,273,1024,460,10.14
2026-08-14 16:39:18,ROI_RESIZED,1,478,264,274,1024,460,10.14
2026-08-14 16:39:18,ROI_RESIZED,1,478,261,274,1024,460,10.14
2026-08-14 16:39:19,ROI_RESIZED,1,478,260,275,1024,460,10.14
2026-08-14 16:39:19,ROI_RESIZED,1,478,261,275,1024,460,10.14
2026-08-14 16:39:19,ROI_RESIZED,1,478,260,276,1024,460,10.14
2026-08-14 16:39:19,ROI_RESIZED,1,478,259,274,1024,460,10.14
2026-08-14 16:39:19,ROI_RESIZED,1,478,256,273,1024,460,10.14
2026-08-14 16:39:19,ROI_RESIZED,1,478,257,273,1024,460,9.87
2026-08-14 16:39:19,ROI_RESIZED,1,478,257,272,1024,460,9.87
2026-08-14 16:39:19,ROI_RESIZED,1,478,257,272,1024,460,9.87
2026-08-14 16:39:19,ROI_RESIZED,1,478,255,271,1024,460,9.87
2026-08-14 16:39:19,ROI_RESIZED,1,478,255,270,1024,460,9.87
2026-08-14 16:39:20,ROI_RESIZED,1,478,256,270,1024,460,9.87
2026-08-14 16:39:20,ROI_RESIZED,1,478,256,269,1024,460,9.87
2026-08-14 16:39:20,ROI_RESIZED,1,478,257,269,1024,460,9.87
2026-08-14 16:39:20,ROI_RESIZED,1,478,256,269,1024,460,9.87
2026-08-14 16:39:20,ROI_RESIZED,1,478,256,270,1024,460,9.87
2026-08-14 16:39:20,ROI_RESIZED,1,478,256,271,1024,460,9.87
2026-08-14 16:39:20,ROI_RESIZED,1,478,255,269,1024,460,10.17
2026-08-14 16:39:20,ROI_RESIZED,1,478,254,269,1024,460,10.17
2026-08-14 16:39:20,ROI_RESIZED,1,478,252,269,1024,460,10.17
2026-08-14 16:39:20,ROI_RESIZED,1,478,252,269,1024,460,10.17
2026-08-14 16:39:21,ROI_RESIZED,1,478,252,268,1024,460,10.17
2026-08-14 16:39:21,ROI_RESIZED,1,478,255,268,1024,460,10.17
2026-08-14 16:39:21,ROI_RESIZED,1,478,254,269,1024,460,10.17
2026-08-14 16:39:21,ROI_RESIZED,1,478,254,269,1024,460,10.17
2026-08-14 16:39:21,ROI_RESIZED,1,478,257,269,1024,460,10.17
2026-08-14 16:39:21,ROI_RESIZED,1,478,257,269,1024,460,10.17
2026-08-14 16:39:21,ROI_RESIZED,1,478,255,269,1024,460,9.9
2026-08-14 16:39:21,ROI_RESIZED,1,478,254,269,1024,460,9.9
2026-08-14 16:39:21,ROI_RESIZED,1,478,255,269,1024,460,9.9
2026-08-14 16:39:21,ROI_RESIZED,1,478,256,270,1024,460,9.9
2026-08-14 16:39:22,ROI_RESIZED,1,478,255,271,1024,460,9.9
2026-08-14 16:39:22,ROI_RESIZED,1,478,255,271,1024,460,9.9
2026-08-14 16:39:22,ROI_RESIZED,1,478,256,271,1024,460,9.9
2026-08-14 16:39:22,ROI_RESIZED,1,478,256,271,1024,460,9.9
2026-08-14 16:39:22,ROI_RESIZED,1,478,254,271,1024,460,9.9
2026-08-14 16:39:22,ROI_RESIZED,1,478,255,272,1024,460,9.9
2026-08-14 16:39:22,ROI_RESIZED,1,478,256,273,1024,460,9.9
2026-08-14 16:39:22,ROI_RESIZED,1,478,256,272,1024,460,10.12
2026-08-14 16:39:22,ROI_RESIZED,1,478,256,271,1024,460,10.12
2026-08-14 16:39:22,ROI_RESIZED,1,478,253,271,1024,460,10.12
2026-08-14 16:39:23,ROI_RESIZED,1,478,252,271,1024,460,10.12
2026-08-14 16:39:23,ROI_RESIZED,1,478,254,271,1024,460,10.12
2026-08-14 16:39:23,ROI_RESIZED,1,478,253,271,1024,460,10.12
2026-08-14 16:39:23,ROI_RESIZED,1,478,253,272,1024,460,10.12
2026-08-14 16:39:23,ROI_RESIZED,1,478,251,271,1024,460,10.12
2026-08-14 16:39:23,ROI_RESIZED,1,478,253,273,1024,460,10.12
2026-08-14 16:39:23,ROI_RESIZED,1,478,256,271,1024,460,10.12
2026-08-14 16:39:23,ROI_RESIZED,1,478,256,271,1024,460,9.86
2026-08-14 16:39:23,ROI_RESIZED,1,478,255,271,1024,460,9.86
2026-08-14 16:39:23,ROI_RESIZED,1,478,252,272,1024,460,9.86
2026-08-14 16:39:24,ROI_RESIZED,1,478,254,273,1024,460,9.86
2026-08-14 16:39:24,ROI_RESIZED,1,478,256,273,1024,460,9.86
2026-08-14 16:39:24,ROI_RESIZED,1,478,256,272,1024,460,9.86
2026-08-14 16:39:24,ROI_RESIZED,1,478,255,273,1024,460,9.86
2026-08-14 16:39:24,ROI_RESIZED,1,478,251,271,1024,460,9.86
2026-08-14 16:39:24,ROI_RESIZED,1,478,252,271,1024,460,9.86
2026-08-14 16:39:24,ROI_RESIZED,1,478,252,271,1024,460,9.86
2026-08-14 16:39:24,ROI_RESIZED,1,478,253,270,1024,460,9.86
2026-08-14 16:39:24,ROI_RESIZED,1,478,267,263,1024,460,10.16
2026-08-14 16:39:24,ROI_RESIZED,1,478,257,256,1024,460,10.16
2026-08-14 16:39:25,ROI_RESIZED,1,478,254,264,1024,460,10.16
2026-08-14 16:39:25,ROI_RESIZED,1,478,255,263,1024,460,10.16
2026-08-14 16:39:25,ROI_RESIZED,1,478,262,263,1024,460,10.16
2026-08-14 16:39:25,ROI_RESIZED,1,478,259,263,1024,460,10.16
2026-08-14 16:39:25,ROI_RESIZED,1,478,258,262,1024,460,10.16
2026-08-14 16:39:25,ROI_RESIZED,1,478,251,261,1024,460,10.16
2026-08-14 16:39:25,ROI_RESIZED,1,478,252,261,1024,460,10.16
2026-08-14 16:39:25,ROI_RESIZED,1,478,252,263,1024,460,10.16
2026-08-14 16:39:25,ROI_RESIZED,1,478,256,265,1024,460,10.16
2026-08-14 16:39:25,ROI_RESIZED,1,478,253,265,1024,460,9.95
2026-08-14 16:39:26,ROI_RESIZED,1,478,258,266,1024,460,9.95
2026-08-14 16:39:26,ROI_RESIZED,1,478,256,265,1024,460,9.95
2026-08-14 16:39:26,ROI_RESIZED,1,478,257,256,1024,460,9.95
2026-08-14 16:39:26,ROI_RESIZED,1,478,253,258,1024,460,9.95
2026-08-14 16:39:26,ROI_RESIZED,1,478,255,261,1024,460,9.95
2026-08-14 16:39:26,ROI_RESIZED,1,478,259,262,1024,460,9.95
2026-08-14 16:39:26,ROI_RESIZED,1,478,258,262,1024,460,9.95
2026-08-14 16:39:26,ROI_RESIZED,1,478,260,259,1024,460,9.95
2026-08-14 16:39:26,ROI_RESIZED,1,478,259,262,1024,460,9.95
2026-08-14 16:39:26,ROI_RESIZED,1,478,256,260,1024,460,9.95
2026-08-14 16:39:27,ROI_RESIZED,1,478,259,262,1024,460,10.12
2026-08-14 16:39:27,ROI_RESIZED,1,478,249,260,1024,460,10.12
2026-08-14 16:39:27,ROI_RESIZED,1,478,252,261,1024,460,10.12
2026-08-14 16:39:27,ROI_RESIZED,1,478,253,261,1024,460,10.12
2026-08-14 16:39:27,ROI_RESIZED,1,478,250,261,1024,460,10.12
2026-08-14 16:39:27,ROI_RESIZED,1,478,245,260,1024,460,10.12
2026-08-14 16:39:27,ROI_RESIZED,1,478,247,261,1024,460,10.12
2026-08-14 16:39:27,ROI_RESIZED,1,478,245,261,1024,460,10.12
2026-08-14 16:39:27,ROI_RESIZED,1,478,244,260,1024,460,10.12
2026-08-14 16:39:27,ROI_RESIZED,1,478,245,260,1024,460,10.12
2026-08-14 16:39:28,ROI_RESIZED,1,478,246,260,1024,460,9.92
2026-08-14 16:39:28,ROI_RESIZED,1,478,243,261,1024,460,9.92
2026-08-14 16:39:28,ROI_RESIZED,1,478,247,261,1024,460,9.92
2026-08-14 16:39:28,ROI_RESIZED,1,478,246,262,1024,460,9.92
2026-08-14 16:39:28,ROI_RESIZED,1,478,247,263,1024,460,9.92
2026-08-14 16:39:28,ROI_RESIZED,1,478,247,264,1024,460,9.92
2026-08-14 16:39:28,ROI_RESIZED,1,478,249,263,1024,460,9.92
2026-08-14 16:39:28,ROI_RESIZED,1,478,252,262,1024,460,9.92
2026-08-14 16:39:28,ROI_RESIZED,1,478,250,261,1024,460,9.92
2026-08-14 16:39:28,ROI_RESIZED,1,478,249,258,1024,460,9.92
2026-08-14 16:39:29,ROI_RESIZED,1,478,248,258,1024,460,9.92
2026-08-14 16:39:29,ROI_RESIZED,1,478,247,257,1024,460,10.12
2026-08-14 16:39:29,ROI_RESIZED,1,478,249,258,1024,460,10.12
2026-08-14 16:39:29,ROI_RESIZED,1,478,251,260,1024,460,10.12
2026-08-14 16:39:29,ROI_RESIZED,1,478,250,260,1024,460,10.12
2026-08-14 16:39:29,ROI_RESIZED,1,478,248,260,1024,460,10.12
2026-08-14 16:39:29,ROI_RESIZED,1,478,248,260,1024,460,10.12
2026-08-14 16:39:29,ROI_RESIZED,1,478,250,261,1024,460,10.12
2026-08-14 16:39:29,ROI_RESIZED,1,478,251,261,1024,460,10.12
2026-08-14 16:39:29,ROI_RESIZED,1,478,251,261,1024,460,10.12
2026-08-14 16:39:30,ROI_RESIZED,1,478,251,260,1024,460,10.12
2026-08-14 16:39:30,ROI_RESIZED,1,478,250,260,1024,460,9.94
2026-08-14 16:39:30,ROI_RESIZED,1,478,249,260,1024,460,9.94
2026-08-14 16:39:30,ROI_RESIZED,1,478,247,260,1024,460,9.94
2026-08-14 16:39:30,ROI_RESIZED,1,478,246,260,1024,460,9.94
2026-08-14 16:39:30,ROI_RESIZED,1,478,247,261,1024,460,9.94
2026-08-14 16:39:30,ROI_RESIZED,1,478,246,261,1024,460,9.94
2026-08-14 16:39:30,ROI_RESIZED,1,478,243,260,1024,460,9.94
2026-08-14 16:39:30,ROI_RESIZED,1,478,244,260,1024,460,9.94
2026-08-14 16:39:30,ROI_RESIZED,1,478,246,260,1024,460,9.94
2026-08-14 16:39:31,ROI_RESIZED,1,478,247,261,1024,460,9.94
2026-08-14 16:39:31,ROI_RESIZED,1,478,250,261,1024,460,9.94
2026-08-14 16:39:31,ROI_RESIZED,1,478,250,261,1024,460,10.07
2026-08-14 16:39:31,ROI_RESIZED,1,478,252,261,1024,460,10.07
2026-08-14 16:39:31,ROI_RESIZED,1,478,251,259,1024,460,10.07
2026-08-14 16:39:31,ROI_RESIZED,1,478,249,257,1024,460,10.07
2026-08-14 16:39:31,ROI_RESIZED,1,478,249,257,1024,460,10.07
2026-08-14 16:39:31,ROI_RESIZED,1,478,248,258,1024,460,10.07
2026-08-14 16:39:31,FULL_FRAME,0,0,0,0,1024,460,10.07
2026-08-14 16:39:31,FULL_FRAME,1,478,232,260,1024,460,10.07
2026-08-14 16:39:32,FULL_FRAME,1,478,233,265,1024,460,10.07
2026-08-14 16:39:32,FULL_FRAME,1,478,233,269,1024,460,10.07
2026-08-14 16:39:32,FULL_FRAME,1,478,235,270,1024,460,9.97
2026-08-14 16:39:32,FULL_FRAME,1,478,237,271,1024,460,9.97
2026-08-14 16:39:32,FULL_FRAME,1,478,238,273,1024,460,9.97
2026-08-14 16:39:32,FULL_FRAME,1,478,236,272,1024,460,9.97
2026-08-14 16:39:32,FULL_FRAME,1,478,238,273,1024,460,9.97
2026-08-14 16:39:32,FULL_FRAME,1,478,239,273,1024,460,9.97
2026-08-14 16:39:32,FULL_FRAME,1,478,237,272,1024,460,9.97
2026-08-14 16:39:32,FULL_FRAME,1,478,238,273,1024,460,9.97
2026-08-14 16:39:33,FULL_FRAME,1,478,236,272,1024,460,9.97
2026-08-14 16:39:33,FULL_FRAME,1,478,236,270,1024,460,9.97
2026-08-14 16:39:33,FULL_FRAME,1,478,236,270,1024,460,9.97
2026-08-14 16:39:33,FULL_FRAME,1,478,236,269,1024,460,10.07
2026-08-14 16:39:33,FULL_FRAME,1,478,236,270,1024,460,10.07
2026-08-14 16:39:33,FULL_FRAME,1,478,236,270,1024,460,10.07
2026-08-14 16:39:33,FULL_FRAME,1,478,235,270,1024,460,10.07
2026-08-14 16:39:33,FULL_FRAME,1,478,237,270,1024,460,10.07
2026-08-14 16:39:33,FULL_FRAME,1,478,238,271,1024,460,10.07
2026-08-14 16:39:33,FULL_FRAME,1,478,237,271,1024,460,10.07
2026-08-14 16:39:34,FULL_FRAME,1,478,236,272,1024,460,10.07
2026-08-14 16:39:34,FULL_FRAME,1,478,236,272,1024,460,10.07
2026-08-14 16:39:34,FULL_FRAME,1,478,236,271,1024,460,10.07
2026-08-14 16:39:34,FULL_FRAME,1,478,236,270,1024,460,10.07
2026-08-14 16:39:34,FULL_FRAME,1,478,237,271,1024,460,9.9
2026-08-14 16:39:34,FULL_FRAME,1,478,238,272,1024,460,9.9
2026-08-14 16:39:34,FULL_FRAME,1,478,238,271,1024,460,9.9
2026-08-14 16:39:34,FULL_FRAME,1,478,238,270,1024,460,9.9
2026-08-14 16:39:34,FULL_FRAME,1,478,238,269,1024,460,9.9
2026-08-14 16:39:34,FULL_FRAME,1,478,238,269,1024,460,9.9
2026-08-14 16:39:35,FULL_FRAME,1,478,237,269,1024,460,9.9
2026-08-14 16:39:35,FULL_FRAME,1,478,237,270,1024,460,9.9
2026-08-14 16:39:35,FULL_FRAME,1,478,238,272,1024,460,9.9
2026-08-14 16:39:35,FULL_FRAME,1,478,238,271,1024,460,9.9
2026-08-14 16:39:35,FULL_FRAME,1,478,237,270,1024,460,9.9
2026-08-14 16:39:35,FULL_FRAME,1,478,236,270,1024,460,10.19
2026-08-14 16:39:35,FULL_FRAME,1,478,236,269,1024,460,10.19
2026-08-14 16:39:35,FULL_FRAME,1,478,237,269,1024,460,10.19
2026-08-14 16:39:35,FULL_FRAME,1,478,238,270,1024,460,10.19
2026-08-14 16:39:35,FULL_FRAME,1,478,240,270,1024,460,10.19
2026-08-14 16:39:36,FULL_FRAME,1,478,239,271,1024,460,10.19
2026-08-14 16:39:36,FULL_FRAME,1,478,239,271,1024,460,10.19
2026-08-14 16:39:36,FULL_FRAME,1,478,239,270,1024,460,10.19
2026-08-14 16:39:36,FULL_FRAME,1,478,242,272,1024,460,10.19
2026-08-14 16:39:36,FULL_FRAME,1,478,242,273,1024,460,10.19
2026-08-14 16:39:36,FULL_FRAME,1,478,241,272,1024,460,9.87
2026-08-14 16:39:36,FULL_FRAME,1,478,241,273,1024,460,9.87
2026-08-14 16:39:36,FULL_FRAME,1,478,240,273,1024,460,9.87
2026-08-14 16:39:36,FULL_FRAME,1,478,239,272,1024,460,9.87
2026-08-14 16:39:36,FULL_FRAME,1,478,240,272,1024,460,9.87
2026-08-14 16:39:37,FULL_FRAME,1,478,239,272,1024,460,9.87
2026-08-14 16:39:37,FULL_FRAME,1,478,238,271,1024,460,9.87
2026-08-14 16:39:37,FULL_FRAME,1,478,238,271,1024,460,9.87
2026-08-14 16:39:37,FULL_FRAME,1,478,237,272,1024,460,9.87
2026-08-14 16:39:37,FULL_FRAME,1,478,246,272,1024,460,9.87
2026-08-14 16:39:37,FULL_FRAME,1,478,255,272,1024,460,9.87
2026-08-14 16:39:37,FULL_FRAME,1,478,254,273,1024,460,10.15
2026-08-14 16:39:37,FULL_FRAME,1,478,246,273,1024,460,10.15
2026-08-14 16:39:37,FULL_FRAME,1,478,240,269,1024,460,10.15
2026-08-14 16:39:37,FULL_FRAME,1,478,239,268,1024,460,10.15
2026-08-14 16:39:38,FULL_FRAME,1,478,237,268,1024,460,10.15
2026-08-14 16:39:38,FULL_FRAME,1,478,233,267,1024,460,10.15
2026-08-14 16:39:38,FULL_FRAME,1,478,238,271,1024,460,10.15
2026-08-14 16:39:38,FULL_FRAME,1,478,237,268,1024,460,10.15
2026-08-14 16:39:38,FULL_FRAME,1,478,234,266,1024,460,10.15
2026-08-14 16:39:38,FULL_FRAME,1,478,238,263,1024,460,10.15
2026-08-14 16:39:38,FULL_FRAME,1,478,233,262,1024,460,9.9
2026-08-14 16:39:38,FULL_FRAME,1,478,234,266,1024,460,9.9
2026-08-14 16:39:38,FULL_FRAME,1,478,236,263,1024,460,9.9
2026-08-14 16:39:38,FULL_FRAME,1,478,244,266,1024,460,9.9
2026-08-14 16:39:39,FULL_FRAME,1,478,252,264,1024,460,9.9
2026-08-14 16:39:39,FULL_FRAME,1,478,231,259,1024,460,9.9
2026-08-14 16:39:39,FULL_FRAME,1,478,217,249,1024,460,9.9
2026-08-14 16:39:39,FULL_FRAME,1,478,206,240,1024,460,9.9
2026-08-14 16:39:39,FULL_FRAME,1,478,208,231,1024,460,9.9
2026-08-14 16:39:39,FULL_FRAME,0,0,0,0,1024,460,9.9
2026-08-14 16:39:39,FULL_FRAME,1,478,196,200,1024,460,9.9
2026-08-14 16:39:39,FULL_FRAME,1,478,188,204,1024,460,10.12
2026-08-14 16:39:39,FULL_FRAME,1,478,177,198,1024,460,10.12
2026-08-14 16:39:39,FULL_FRAME,1,478,179,201,1024,460,10.12
2026-08-14 16:39:40,FULL_FRAME,1,478,177,202,1024,460,10.12
2026-08-14 16:39:40,FULL_FRAME,1,478,190,195,1024,460,10.12
2026-08-14 16:39:40,FULL_FRAME,1,478,184,189,1024,460,10.12
2026-08-14 16:39:40,FULL_FRAME,1,478,170,186,1024,460,10.12
2026-08-14 16:39:40,FULL_FRAME,1,478,165,186,1024,460,10.12
2026-08-14 16:39:40,FULL_FRAME,1,478,170,183,1024,460,10.12
2026-08-14 16:39:40,FULL_FRAME,1,478,169,185,1024,460,10.12
2026-08-14 16:39:40,FULL_FRAME,1,478,172,181,1024,460,9.89
2026-08-14 16:39:40,FULL_FRAME,0,0,0,0,1024,460,9.89
2026-08-14 16:39:40,FULL_FRAME,0,0,0,0,1024,460,9.89
2026-08-14 16:39:41,FULL_FRAME,1,478,170,184,1024,460,9.89
2026-08-14 16:39:41,FULL_FRAME,1,478,187,189,1024,460,9.89
2026-08-14 16:39:41,FULL_FRAME,1,478,174,191,1024,460,9.89
2026-08-14 16:39:41,FULL_FRAME,1,478,184,194,1024,460,9.89
2026-08-14 16:39:41,FULL_FRAME,1,478,178,195,1024,460,9.89
2026-08-14 16:39:41,FULL_FRAME,1,478,176,194,1024,460,9.89
2026-08-14 16:39:41,FULL_FRAME,1,478,179,200,1024,460,9.89
2026-08-14 16:39:41,FULL_FRAME,1,478,181,201,1024,460,9.89
2026-08-14 16:39:41,FULL_FRAME,1,478,184,200,1024,460,10.14
2026-08-14 16:39:41,FULL_FRAME,1,478,183,198,1024,460,10.14
2026-08-14 16:39:42,FULL_FRAME,1,478,180,196,1024,460,10.14
2026-08-14 16:39:42,FULL_FRAME,1,478,178,190,1024,460,10.14
2026-08-14 16:39:42,FULL_FRAME,1,478,178,195,1024,460,10.14
2026-08-14 16:39:42,FULL_FRAME,1,478,182,196,1024,460,10.14
2026-08-14 16:39:42,FULL_FRAME,1,478,186,198,1024,460,10.14
2026-08-14 16:39:42,FULL_FRAME,1,478,185,201,1024,460,10.14
2026-08-14 16:39:42,FULL_FRAME,1,478,184,202,1024,460,10.14
2026-08-14 16:39:42,FULL_FRAME,1,478,192,200,1024,460,10.14
2026-08-14 16:39:42,FULL_FRAME,1,478,201,202,1024,460,10.14
2026-08-14 16:39:42,FULL_FRAME,0,0,0,0,1024,460,9.97
2026-08-14 16:39:43,FULL_FRAME,1,478,167,188,1024,460,9.97
2026-08-14 16:39:43,FULL_FRAME,1,478,167,187,1024,460,9.97
2026-08-14 16:39:43,FULL_FRAME,1,478,168,187,1024,460,9.97
2026-08-14 16:39:43,FULL_FRAME,1,478,162,184,1024,460,9.97
2026-08-14 16:39:43,FULL_FRAME,1,478,165,182,1024,460,9.97
2026-08-14 16:39:43,FULL_FRAME,1,478,166,188,1024,460,9.97
2026-08-14 16:39:43,FULL_FRAME,1,478,158,182,1024,460,9.97
2026-08-14 16:39:43,FULL_FRAME,1,478,171,184,1024,460,9.97
2026-08-14 16:39:43,FULL_FRAME,0,0,0,0,1024,460,9.97
2026-08-14 16:39:43,FULL_FRAME,0,0,0,0,1024,460,9.97
2026-08-14 16:39:44,FULL_FRAME,0,0,0,0,1024,460,10.11
2026-08-14 16:39:44,FULL_FRAME,0,0,0,0,1024,460,10.11
2026-08-14 16:39:44,FULL_FRAME,0,0,0,0,1024,460,10.11
2026-08-14 16:39:44,FULL_FRAME,1,478,151,167,1024,460,10.11
2026-08-14 16:39:44,FULL_FRAME,0,0,0,0,1024,460,10.11
2026-08-14 16:39:44,FULL_FRAME,1,478,167,179,1024,460,10.11
2026-08-14 16:39:44,FULL_FRAME,1,478,172,184,1024,460,10.11
2026-08-14 16:39:44,FULL_FRAME,1,478,154,168,1024,460,10.11
2026-08-14 16:39:44,FULL_FRAME,1,478,152,179,1024,460,10.11
2026-08-14 16:39:44,FULL_FRAME,1,478,160,176,1024,460,10.11
2026-08-14 16:39:45,FULL_FRAME,1,478,163,183,1024,460,9.96
2026-08-14 16:39:45,FULL_FRAME,1,478,163,184,1024,460,9.96
2026-08-14 16:39:45,FULL_FRAME,1,478,162,185,1024,460,9.96
2026-08-14 16:39:45,FULL_FRAME,1,478,160,180,1024,460,9.96
2026-08-14 16:39:45,FULL_FRAME,1,478,163,187,1024,460,9.96
2026-08-14 16:39:45,FULL_FRAME,1,478,167,188,1024,460,9.96
2026-08-14 16:39:45,FULL_FRAME,1,478,169,187,1024,460,9.96
2026-08-14 16:39:45,FULL_FRAME,1,478,163,181,1024,460,9.96
2026-08-14 16:39:45,FULL_FRAME,1,478,168,183,1024,460,9.96
2026-08-14 16:39:45,FULL_FRAME,1,478,165,178,1024,460,9.96
2026-08-14 16:39:46,FULL_FRAME,1,478,175,186,1024,460,9.96
2026-08-14 16:39:46,FULL_FRAME,1,478,169,188,1024,460,10.08
2026-08-14 16:39:46,FULL_FRAME,1,478,166,187,1024,460,10.08
2026-08-14 16:39:46,FULL_FRAME,1,478,171,188,1024,460,10.08
2026-08-14 16:39:46,FULL_FRAME,1,478,172,188,1024,460,10.08
2026-08-14 16:39:46,FULL_FRAME,1,478,171,189,1024,460,10.08
2026-08-14 16:39:46,FULL_FRAME,1,478,173,195,1024,460,10.08
2026-08-14 16:39:46,FULL_FRAME,1,478,171,191,1024,460,10.08
2026-08-14 16:39:46,FULL_FRAME,1,478,170,192,1024,460,10.08
2026-08-14 16:39:46,FULL_FRAME,1,478,174,191,1024,460,10.08
2026-08-14 16:39:47,FULL_FRAME,1,478,171,190,1024,460,10.08
2026-08-14 16:39:47,FULL_FRAME,1,478,168,188,1024,460,9.92
2026-08-14 16:39:47,FULL_FRAME,1,478,168,183,1024,460,9.92
2026-08-14 16:39:47,FULL_FRAME,1,478,168,186,1024,460,9.92
2026-08-14 16:39:47,FULL_FRAME,1,478,167,186,1024,460,9.92
2026-08-14 16:39:47,FULL_FRAME,1,478,167,178,1024,460,9.92
2026-08-14 16:39:47,FULL_FRAME,1,478,169,180,1024,460,9.92
2026-08-14 16:39:47,FULL_FRAME,1,478,167,183,1024,460,9.92
2026-08-14 16:39:47,FULL_FRAME,1,478,168,186,1024,460,9.92
2026-08-14 16:39:47,FULL_FRAME,1,478,172,190,1024,460,9.92
2026-08-14 16:39:48,FULL_FRAME,1,478,174,196,1024,460,9.92
2026-08-14 16:39:48,FULL_FRAME,1,478,172,191,1024,460,9.92
2026-08-14 16:39:48,FULL_FRAME,1,478,168,181,1024,460,10.08
2026-08-14 16:39:48,FULL_FRAME,1,478,164,174,1024,460,10.08
2026-08-14 16:39:48,FULL_FRAME,1,478,170,177,1024,460,10.08
2026-08-14 16:39:48,FULL_FRAME,1,478,168,182,1024,460,10.08
2026-08-14 16:39:48,FULL_FRAME,1,478,166,178,1024,460,10.08
2026-08-14 16:39:48,FULL_FRAME,1,478,168,184,1024,460,10.08
2026-08-14 16:39:48,FULL_FRAME,1,478,169,185,1024,460,10.08
2026-08-14 16:39:48,FULL_FRAME,1,478,169,188,1024,460,10.08
2026-08-14 16:39:49,FULL_FRAME,1,478,168,188,1024,460,10.08
2026-08-14 16:39:49,FULL_FRAME,1,478,168,190,1024,460,10.08
2026-08-14 16:39:49,FULL_FRAME,1,478,166,189,1024,460,10.08
2026-08-14 16:39:49,FULL_FRAME,1,478,166,188,1024,460,9.98
2026-08-14 16:39:49,FULL_FRAME,1,478,164,185,1024,460,9.98
2026-08-14 16:39:49,FULL_FRAME,1,478,163,186,1024,460,9.98
2026-08-14 16:39:49,FULL_FRAME,1,478,163,188,1024,460,9.98
2026-08-14 16:39:49,FULL_FRAME,1,478,160,192,1024,460,9.98
2026-08-14 16:39:49,FULL_FRAME,1,478,157,183,1024,460,9.98
2026-08-14 16:39:49,FULL_FRAME,1,478,157,179,1024,460,9.98
2026-08-14 16:39:50,FULL_FRAME,1,478,157,176,1024,460,9.98
2026-08-14 16:39:50,FULL_FRAME,1,478,150,169,1024,460,9.98
2026-08-14 16:39:50,FULL_FRAME,1,478,151,163,1024,460,9.98
2026-08-14 16:39:50,FULL_FRAME,1,478,149,155,1024,460,9.98
2026-08-14 16:39:50,FULL_FRAME,1,478,155,159,1024,460,10.18
2026-08-14 16:39:50,FULL_FRAME,1,478,155,162,1024,460,10.18
2026-08-14 16:39:50,FULL_FRAME,1,478,148,157,1024,460,10.18
2026-08-14 16:39:50,FULL_FRAME,1,478,155,163,1024,460,10.18
2026-08-14 16:39:50,FULL_FRAME,1,478,164,169,1024,460,10.18
2026-08-14 16:39:50,FULL_FRAME,1,478,164,181,1024,460,10.18
2026-08-14 16:39:51,FULL_FRAME,1,478,164,184,1024,460,10.18
2026-08-14 16:39:51,FULL_FRAME,1,478,166,183,1024,460,10.18
2026-08-14 16:39:51,FULL_FRAME,1,478,164,184,1024,460,10.18
2026-08-14 16:39:51,FULL_FRAME,1,478,167,188,1024,460,10.18
2026-08-14 16:39:51,FULL_FRAME,1,478,165,184,1024,460,9.84
2026-08-14 16:39:51,FULL_FRAME,1,478,163,184,1024,460,9.84
2026-08-14 16:39:51,FULL_FRAME,1,478,167,180,1024,460,9.84
2026-08-14 16:39:51,FULL_FRAME,1,478,164,171,1024,460,9.84
2026-08-14 16:39:51,FULL_FRAME,0,0,0,0,1024,460,9.84
2026-08-14 16:39:51,FULL_FRAME,1,478,185,216,1024,460,9.84
2026-08-14 16:39:52,FULL_FRAME,1,478,174,205,1024,460,9.84
2026-08-14 16:39:52,FULL_FRAME,1,478,168,196,1024,460,9.84
2026-08-14 16:39:52,FULL_FRAME,1,478,166,187,1024,460,9.84
2026-08-14 16:39:52,FULL_FRAME,1,478,162,186,1024,460,9.84
2026-08-14 16:39:52,FULL_FRAME,1,478,163,184,1024,460,9.84
2026-08-14 16:39:52,FULL_FRAME,1,478,162,185,1024,460,10.13
2026-08-14 16:39:52,FULL_FRAME,1,478,162,181,1024,460,10.13
2026-08-14 16:39:52,FULL_FRAME,1,478,165,184,1024,460,10.13
2026-08-14 16:39:52,FULL_FRAME,1,478,164,181,1024,460,10.13
2026-08-14 16:39:52,FULL_FRAME,1,478,164,183,1024,460,10.13
2026-08-14 16:39:53,FULL_FRAME,1,478,164,183,1024,460,10.13
2026-08-14 16:39:53,FULL_FRAME,1,478,166,186,1024,460,10.13
2026-08-14 16:39:53,FULL_FRAME,1,478,164,186,1024,460,10.13
2026-08-14 16:39:53,FULL_FRAME,1,478,165,186,1024,460,10.13
2026-08-14 16:39:53,FULL_FRAME,1,478,165,187,1024,460,10.13
2026-08-14 16:39:53,FULL_FRAME,1,478,162,188,1024,460,9.94
2026-08-14 16:39:53,FULL_FRAME,1,478,163,187,1024,460,9.94
2026-08-14 16:39:53,FULL_FRAME,1,478,165,187,1024,460,9.94
2026-08-14 16:39:53,FULL_FRAME,1,478,165,187,1024,460,9.94
2026-08-14 16:39:53,FULL_FRAME,1,478,165,189,1024,460,9.94
2026-08-14 16:39:54,FULL_FRAME,1,478,169,191,1024,460,9.94
2026-08-14 16:39:54,FULL_FRAME,1,478,171,189,1024,460,9.94
2026-08-14 16:39:54,FULL_FRAME,1,478,171,194,1024,460,9.94
2026-08-14 16:39:54,FULL_FRAME,1,478,169,192,1024,460,9.94
2026-08-14 16:39:54,FULL_FRAME,1,478,173,188,1024,460,9.94
2026-08-14 16:39:54,FULL_FRAME,1,478,171,191,1024,460,9.94
2026-08-14 16:39:54,FULL_FRAME,1,478,171,198,1024,460,10.11
2026-08-14 16:39:54,FULL_FRAME,1,478,175,201,1024,460,10.11
2026-08-14 16:39:54,FULL_FRAME,1,478,175,200,1024,460,10.11
2026-08-14 16:39:54,FULL_FRAME,1,478,171,194,1024,460,10.11
2026-08-14 16:39:54,FULL_FRAME,1,478,166,188,1024,460,10.11
2026-08-14 16:39:55,FULL_FRAME,1,478,163,187,1024,460,10.11
2026-08-14 16:39:55,FULL_FRAME,1,478,157,185,1024,460,10.11
2026-08-14 16:39:55,FULL_FRAME,1,478,167,184,1024,460,10.11
2026-08-14 16:39:55,FULL_FRAME,1,478,168,182,1024,460,10.11
2026-08-14 16:39:55,FULL_FRAME,1,478,169,187,1024,460,10.11
2026-08-14 16:39:55,FULL_FRAME,1,478,163,184,1024,460,9.87
2026-08-14 16:39:55,FULL_FRAME,1,478,162,186,1024,460,9.87
2026-08-14 16:39:55,FULL_FRAME,1,478,172,191,1024,460,9.87
2026-08-14 16:39:55,FULL_FRAME,1,478,169,190,1024,460,9.87
2026-08-14 16:39:56,FULL_FRAME,1,478,163,189,1024,460,9.87
2026-08-14 16:39:56,FULL_FRAME,1,478,170,195,1024,460,9.87
2026-08-14 16:39:56,FULL_FRAME,1,478,169,193,1024,460,9.87
2026-08-14 16:39:56,FULL_FRAME,1,478,165,189,1024,460,9.87
2026-08-14 16:39:56,FULL_FRAME,1,478,168,192,1024,460,9.87
2026-08-14 16:39:56,FULL_FRAME,1,478,172,196,1024,460,9.87
2026-08-14 16:39:56,FULL_FRAME,1,478,171,196,1024,460,9.87
2026-08-14 16:39:56,FULL_FRAME,1,478,172,198,1024,460,10.16
2026-08-14 16:39:56,FULL_FRAME,1,478,173,195,1024,460,10.16
2026-08-14 16:39:56,FULL_FRAME,1,478,171,189,1024,460,10.16
2026-08-14 16:39:56,FULL_FRAME,1,478,174,189,1024,460,10.16
2026-08-14 16:39:57,FULL_FRAME,1,478,172,190,1024,460,10.16
2026-08-14 16:39:57,FULL_FRAME,1,478,173,190,1024,460,10.16
2026-08-14 16:39:57,FULL_FRAME,1,478,171,188,1024,460,10.16
2026-08-14 16:39:57,FULL_FRAME,1,478,171,187,1024,460,10.16
2026-08-14 16:39:57,FULL_FRAME,1,478,172,190,1024,460,10.16
2026-08-14 16:39:57,FULL_FRAME,1,478,171,192,1024,460,10.16
2026-08-14 16:39:57,FULL_FRAME,1,478,171,192,1024,460,9.86
2026-08-14 16:39:57,FULL_FRAME,1,478,171,191,1024,460,9.86
2026-08-14 16:39:57,FULL_FRAME,1,478,170,192,1024,460,9.86
2026-08-14 16:39:57,FULL_FRAME,1,478,173,193,1024,460,9.86
2026-08-14 16:39:58,FULL_FRAME,1,478,175,192,1024,460,9.86
2026-08-14 16:39:58,FULL_FRAME,1,478,170,190,1024,460,9.86
2026-08-14 16:39:58,FULL_FRAME,1,478,167,192,1024,460,9.86
2026-08-14 16:39:58,FULL_FRAME,1,478,170,193,1024,460,9.86
2026-08-14 16:39:58,FULL_FRAME,1,478,176,195,1024,460,9.86
2026-08-14 16:39:58,FULL_FRAME,1,478,174,196,1024,460,9.86
2026-08-14 16:39:58,FULL_FRAME,1,478,167,193,1024,460,9.86
2026-08-14 16:39:58,FULL_FRAME,1,478,165,188,1024,460,10.16
2026-08-14 16:39:58,FULL_FRAME,1,478,166,189,1024,460,10.16
2026-08-14 16:39:59,FULL_FRAME,1,478,169,191,1024,460,10.16
2026-08-14 16:39:59,FULL_FRAME,1,478,170,192,1024,460,10.16
2026-08-14 16:39:59,FULL_FRAME,1,478,171,193,1024,460,10.16
2026-08-14 16:39:59,FULL_FRAME,1,478,170,191,1024,460,10.16
2026-08-14 16:39:59,FULL_FRAME,1,478,168,191,1024,460,10.16
2026-08-14 16:39:59,FULL_FRAME,1,478,166,187,1024,460,10.16
2026-08-14 16:39:59,FULL_FRAME,1,478,170,190,1024,460,10.16
2026-08-14 16:39:59,FULL_FRAME,1,478,170,190,1024,460,10.16
2026-08-14 16:39:59,FULL_FRAME,1,478,170,191,1024,460,10.16
2026-08-14 16:39:59,FULL_FRAME,1,478,171,193,1024,460,9.96
2026-08-14 16:39:59,FULL_FRAME,1,478,172,193,1024,460,9.96
2026-08-14 16:40:00,FULL_FRAME,1,478,172,192,1024,460,9.96
2026-08-14 16:40:00,FULL_FRAME,1,478,172,192,1024,460,9.96
2026-08-14 16:40:00,FULL_FRAME,1,478,171,193,1024,460,9.96
2026-08-14 16:40:00,FULL_FRAME,1,478,171,194,1024,460,9.96
2026-08-14 16:40:00,FULL_FRAME,1,478,171,190,1024,460,9.96
2026-08-14 16:40:00,FULL_FRAME,1,478,174,188,1024,460,9.96
2026-08-14 16:40:00,FULL_FRAME,1,478,167,193,1024,460,9.96
2026-08-14 16:40:00,FULL_FRAME,1,478,177,192,1024,460,9.96
2026-08-14 16:40:00,FULL_FRAME,1,478,178,195,1024,460,9.96
2026-08-14 16:40:00,FULL_FRAME,1,478,181,198,1024,460,10.1
2026-08-14 16:40:01,FULL_FRAME,1,478,175,200,1024,460,10.1
2026-08-14 16:40:01,FULL_FRAME,1,478,178,205,1024,460,10.1
2026-08-14 16:40:01,FULL_FRAME,1,478,177,198,1024,460,10.1
2026-08-14 16:40:01,FULL_FRAME,1,478,168,188,1024,460,10.1
2026-08-14 16:40:01,FULL_FRAME,1,478,169,189,1024,460,10.1
2026-08-14 16:40:01,FULL_FRAME,1,478,170,185,1024,460,10.1
2026-08-14 16:40:01,FULL_FRAME,1,478,169,182,1024,460,10.1
2026-08-14 16:40:01,FULL_FRAME,1,478,174,183,1024,460,10.1
2026-08-14 16:40:01,FULL_FRAME,1,478,175,184,1024,460,10.1
2026-08-14 16:40:01,FULL_FRAME,1,478,178,187,1024,460,9.93
2026-08-14 16:40:02,FULL_FRAME,1,478,173,187,1024,460,9.93
2026-08-14 16:40:02,FULL_FRAME,1,478,173,194,1024,460,9.93
2026-08-14 16:40:02,FULL_FRAME,1,478,170,191,1024,460,9.93
2026-08-14 16:40:02,FULL_FRAME,1,478,171,190,1024,460,9.93
2026-08-14 16:40:02,FULL_FRAME,1,478,170,192,1024,460,9.93
2026-08-14 16:40:02,FULL_FRAME,1,478,168,189,1024,460,9.93
2026-08-14 16:40:02,FULL_FRAME,1,478,164,186,1024,460,9.93
2026-08-14 16:40:02,FULL_FRAME,1,478,168,188,1024,460,9.93
2026-08-14 16:40:02,FULL_FRAME,1,478,167,186,1024,460,9.93
2026-08-14 16:40:02,FULL_FRAME,1,478,166,187,1024,460,9.93
2026-08-14 16:40:03,FULL_FRAME,1,478,167,188,1024,460,10.13
2026-08-14 16:40:03,FULL_FRAME,1,478,168,190,1024,460,10.13
2026-08-14 16:40:03,FULL_FRAME,1,478,169,189,1024,460,10.13
2026-08-14 16:40:03,FULL_FRAME,1,478,168,191,1024,460,10.13
2026-08-14 16:40:03,FULL_FRAME,1,478,166,189,1024,460,10.13
2026-08-14 16:40:03,FULL_FRAME,1,478,170,190,1024,460,10.13
2026-08-14 16:40:03,FULL_FRAME,1,478,167,186,1024,460,10.13
2026-08-14 16:40:03,FULL_FRAME,1,478,167,191,1024,460,10.13
2026-08-14 16:40:03,FULL_FRAME,1,478,166,189,1024,460,10.13
2026-08-14 16:40:03,FULL_FRAME,1,478,165,190,1024,460,10.13
2026-08-14 16:40:04,FULL_FRAME,1,478,168,190,1024,460,9.9
2026-08-14 16:40:04,FULL_FRAME,1,478,171,191,1024,460,9.9
2026-08-14 16:40:04,FULL_FRAME,1,478,171,190,1024,460,9.9
2026-08-14 16:40:04,FULL_FRAME,1,478,170,187,1024,460,9.9
2026-08-14 16:40:04,FULL_FRAME,1,478,169,187,1024,460,9.9
2026-08-14 16:40:04,FULL_FRAME,1,478,171,189,1024,460,9.9
2026-08-14 16:40:04,FULL_FRAME,1,478,168,192,1024,460,9.9
2026-08-14 16:40:04,FULL_FRAME,1,478,171,192,1024,460,9.9
2026-08-14 16:40:04,FULL_FRAME,1,478,170,191,1024,460,9.9
2026-08-14 16:40:04,FULL_FRAME,1,478,171,191,1024,460,9.9
2026-08-14 16:40:05,FULL_FRAME,1,478,169,191,1024,460,9.9
2026-08-14 16:40:05,FULL_FRAME,1,478,170,189,1024,460,10.13
2026-08-14 16:40:05,FULL_FRAME,1,478,170,191,1024,460,10.13
2026-08-14 16:40:05,FULL_FRAME,1,478,168,189,1024,460,10.13
2026-08-14 16:40:05,FULL_FRAME,1,478,169,189,1024,460,10.13
2026-08-14 16:40:05,FULL_FRAME,1,478,171,188,1024,460,10.13
2026-08-14 16:40:05,FULL_FRAME,1,478,172,193,1024,460,10.13
2026-08-14 16:40:05,FULL_FRAME,1,478,173,192,1024,460,10.13
2026-08-14 16:40:05,FULL_FRAME,1,478,170,192,1024,460,10.13
2026-08-14 16:40:05,FULL_FRAME,1,478,169,191,1024,460,10.13
2026-08-14 16:40:06,FULL_FRAME,1,478,169,191,1024,460,10.13
2026-08-14 16:40:06,FULL_FRAME,1,478,169,191,1024,460,9.92
2026-08-14 16:40:06,FULL_FRAME,1,478,169,190,1024,460,9.92
2026-08-14 16:40:06,FULL_FRAME,1,478,171,192,1024,460,9.92
2026-08-14 16:40:06,FULL_FRAME,1,478,172,193,1024,460,9.92
2026-08-14 16:40:06,FULL_FRAME,1,478,171,193,1024,460,9.92
2026-08-14 16:40:06,FULL_FRAME,1,478,170,193,1024,460,9.92
2026-08-14 16:40:06,FULL_FRAME,1,478,169,193,1024,460,9.92
2026-08-14 16:40:06,FULL_FRAME,1,478,169,192,1024,460,9.92
2026-08-14 16:40:06,FULL_FRAME,1,478,167,192,1024,460,9.92
2026-08-14 16:40:07,FULL_FRAME,1,478,167,192,1024,460,9.92
2026-08-14 16:40:07,FULL_FRAME,1,478,167,194,1024,460,9.92
2026-08-14 16:40:07,FULL_FRAME,1,478,166,191,1024,460,10.07
2026-08-14 16:40:07,FULL_FRAME,1,478,165,186,1024,460,10.07
2026-08-14 16:40:07,FULL_FRAME,1,478,165,185,1024,460,10.07
2026-08-14 16:40:07,FULL_FRAME,1,478,166,186,1024,460,10.07
2026-08-14 16:40:07,FULL_FRAME,1,478,166,189,1024,460,10.07
2026-08-14 16:40:07,FULL_FRAME,1,478,169,189,1024,460,10.07
2026-08-14 16:40:07,FULL_FRAME,1,478,172,192,1024,460,10.07
2026-08-14 16:40:07,FULL_FRAME,1,478,171,193,1024,460,10.07
2026-08-14 16:40:08,FULL_FRAME,1,478,167,192,1024,460,10.07
2026-08-14 16:40:08,FULL_FRAME,1,478,167,191,1024,460,10.07
2026-08-14 16:40:08,FULL_FRAME,1,478,166,191,1024,460,10.07
2026-08-14 16:40:08,FULL_FRAME,1,478,171,193,1024,460,10.0
2026-08-14 16:40:08,FULL_FRAME,1,478,170,192,1024,460,10.0
2026-08-14 16:40:08,FULL_FRAME,1,478,172,188,1024,460,10.0
2026-08-14 16:40:08,FULL_FRAME,1,478,168,190,1024,460,10.0
2026-08-14 16:40:08,FULL_FRAME,1,478,172,192,1024,460,10.0
2026-08-14 16:40:08,FULL_FRAME,1,478,175,195,1024,460,10.0
2026-08-14 16:40:08,FULL_FRAME,1,478,179,199,1024,460,10.0
2026-08-14 16:40:09,FULL_FRAME,1,478,177,202,1024,460,10.0
2026-08-14 16:40:09,FULL_FRAME,1,478,170,198,1024,460,10.0
2026-08-14 16:40:09,FULL_FRAME,1,478,177,197,1024,460,10.0
2026-08-14 16:40:09,FULL_FRAME,1,478,174,193,1024,460,10.0
2026-08-14 16:40:09,FULL_FRAME,1,478,170,185,1024,460,10.15
2026-08-14 16:40:09,FULL_FRAME,1,478,169,188,1024,460,10.15
2026-08-14 16:40:09,FULL_FRAME,1,478,172,192,1024,460,10.15
2026-08-14 16:40:09,FULL_FRAME,1,478,171,192,1024,460,10.15
2026-08-14 16:40:09,FULL_FRAME,1,478,174,194,1024,460,10.15
2026-08-14 16:40:09,FULL_FRAME,1,478,174,194,1024,460,10.15
2026-08-14 16:40:10,FULL_FRAME,1,478,174,193,1024,460,10.15
2026-08-14 16:40:10,FULL_FRAME,1,478,173,195,1024,460,10.15
2026-08-14 16:40:10,FULL_FRAME,1,478,170,190,1024,460,10.15
2026-08-14 16:40:10,FULL_FRAME,1,478,163,189,1024,460,10.15
2026-08-14 16:40:10,FULL_FRAME,1,478,165,181,1024,460,9.88
2026-08-14 16:40:10,FULL_FRAME,1,478,158,176,1024,460,9.88
2026-08-14 16:40:10,FULL_FRAME,1,478,152,171,1024,460,9.88
2026-08-14 16:40:10,FULL_FRAME,1,478,153,170,1024,460,9.88
2026-08-14 16:40:10,FULL_FRAME,1,478,155,172,1024,460,9.88
2026-08-14 16:40:10,FULL_FRAME,1,478,153,173,1024,460,9.88
2026-08-14 16:40:11,FULL_FRAME,1,478,161,178,1024,460,9.88
2026-08-14 16:40:11,FULL_FRAME,1,478,155,173,1024,460,9.88
2026-08-14 16:40:11,FULL_FRAME,1,478,151,171,1024,460,9.88
2026-08-14 16:40:11,FULL_FRAME,1,478,151,168,1024,460,9.88
2026-08-14 16:40:11,FULL_FRAME,1,478,150,168,1024,460,9.88
2026-08-14 16:40:11,FULL_FRAME,1,478,148,166,1024,460,10.13
2026-08-14 16:40:11,FULL_FRAME,1,478,153,165,1024,460,10.13
2026-08-14 16:40:11,FULL_FRAME,1,478,149,162,1024,460,10.13
2026-08-14 16:40:11,FULL_FRAME,1,478,145,162,1024,460,10.13
2026-08-14 16:40:11,FULL_FRAME,1,478,145,164,1024,460,10.13
2026-08-14 16:40:12,FULL_FRAME,1,478,147,163,1024,460,10.13
2026-08-14 16:40:12,FULL_FRAME,1,478,149,163,1024,460,10.13
2026-08-14 16:40:12,FULL_FRAME,1,478,148,163,1024,460,10.13
2026-08-14 16:40:12,FULL_FRAME,1,478,142,159,1024,460,10.13
2026-08-14 16:40:12,FULL_FRAME,1,478,137,153,1024,460,10.13
2026-08-14 16:40:12,FULL_FRAME,1,478,137,151,1024,460,9.84
2026-08-14 16:40:12,FULL_FRAME,1,478,139,154,1024,460,9.84
2026-08-14 16:40:12,FULL_FRAME,1,478,136,154,1024,460,9.84
2026-08-14 16:40:12,FULL_FRAME,1,478,127,149,1024,460,9.84
2026-08-14 16:40:12,FULL_FRAME,1,478,130,155,1024,460,9.84
2026-08-14 16:40:13,FULL_FRAME,1,478,132,148,1024,460,9.84
2026-08-14 16:40:13,FULL_FRAME,1,478,137,148,1024,460,9.84
2026-08-14 16:40:13,FULL_FRAME,1,478,133,148,1024,460,9.84
2026-08-14 16:40:13,FULL_FRAME,1,478,129,147,1024,460,9.84
2026-08-14 16:40:13,FULL_FRAME,0,0,0,0,1024,460,9.84
2026-08-14 16:40:13,FULL_FRAME,0,0,0,0,1024,460,9.84
2026-08-14 16:40:13,FULL_FRAME,0,0,0,0,1024,460,10.18
2026-08-14 16:40:13,FULL_FRAME,0,0,0,0,1024,460,10.18
2026-08-14 16:40:13,FULL_FRAME,0,0,0,0,1024,460,10.18
2026-08-14 16:40:13,FULL_FRAME,0,0,0,0,1024,460,10.18
2026-08-14 16:40:14,FULL_FRAME,0,0,0,0,1024,460,10.18
2026-08-14 16:40:14,FULL_FRAME,0,0,0,0,1024,460,10.18
2026-08-14 16:40:14,FULL_FRAME,0,0,0,0,1024,460,10.18
2026-08-14 16:40:14,FULL_FRAME,0,0,0,0,1024,460,10.18
2026-08-14 16:40:14,FULL_FRAME,0,0,0,0,1024,460,10.18
2026-08-14 16:40:14,FULL_FRAME,0,0,0,0,1024,460,10.18
2026-08-14 16:40:14,FULL_FRAME,0,0,0,0,1024,460,9.91
2026-08-14 16:40:14,FULL_FRAME,0,0,0,0,1024,460,9.91
2026-08-14 16:40:14,FULL_FRAME,0,0,0,0,1024,460,9.91
2026-08-14 16:40:14,FULL_FRAME,0,0,0,0,1024,460,9.91
2026-08-14 16:40:15,FULL_FRAME,0,0,0,0,1024,460,9.91
2026-08-14 16:40:15,FULL_FRAME,0,0,0,0,1024,460,9.91
2026-08-14 16:40:15,FULL_FRAME,0,0,0,0,1024,460,9.91
2026-08-14 16:40:15,FULL_FRAME,0,0,0,0,1024,460,9.91
2026-08-14 16:40:15,FULL_FRAME,0,0,0,0,1024,460,9.91
2026-08-14 16:40:15,FULL_FRAME,0,0,0,0,1024,460,9.91
2026-08-14 16:40:15,FULL_FRAME,0,0,0,0,1024,460,9.91
2026-08-14 16:40:15,FULL_FRAME,0,0,0,0,1024,460,10.12
2026-08-14 16:40:15,FULL_FRAME,0,0,0,0,1024,460,10.12
2026-08-14 16:40:15,FULL_FRAME,0,0,0,0,1024,460,10.12
2026-08-14 16:40:16,FULL_FRAME,0,0,0,0,1024,460,10.12
2026-08-14 16:40:16,FULL_FRAME,0,0,0,0,1024,460,10.12
2026-08-14 16:40:16,FULL_FRAME,0,0,0,0,1024,460,10.12
2026-08-14 16:40:16,FULL_FRAME,0,0,0,0,1024,460,10.12
2026-08-14 16:40:16,FULL_FRAME,0,0,0,0,1024,460,10.12
2026-08-14 16:40:16,FULL_FRAME,0,0,0,0,1024,460,10.12
2026-08-14 16:40:16,FULL_FRAME,0,0,0,0,1024,460,10.12
2026-08-14 16:40:16,FULL_FRAME,0,0,0,0,1024,460,10.12
2026-08-14 16:40:16,FULL_FRAME,0,0,0,0,1024,460,9.98
2026-08-14 16:40:16,FULL_FRAME,0,0,0,0,1024,460,9.98
2026-08-14 16:40:17,FULL_FRAME,1,478,147,173,1024,460,9.98
2026-08-14 16:40:17,FULL_FRAME,1,478,154,174,1024,460,9.98
2026-08-14 16:40:17,FULL_FRAME,1,478,158,175,1024,460,9.98
2026-08-14 16:40:17,FULL_FRAME,1,478,157,179,1024,460,9.98
2026-08-14 16:40:17,FULL_FRAME,1,478,157,178,1024,460,9.98
2026-08-14 16:40:17,FULL_FRAME,1,478,158,181,1024,460,9.98
2026-08-14 16:40:17,FULL_FRAME,1,478,161,181,1024,460,9.98
2026-08-14 16:40:17,FULL_FRAME,1,478,162,183,1024,460,9.98
2026-08-14 16:40:17,FULL_FRAME,1,478,165,185,1024,460,9.98
2026-08-14 16:40:17,FULL_FRAME,1,478,165,186,1024,460,10.09
2026-08-14 16:40:18,FULL_FRAME,1,478,165,184,1024,460,10.09
2026-08-14 16:40:18,FULL_FRAME,1,478,163,185,1024,460,10.09
2026-08-14 16:40:18,FULL_FRAME,1,478,164,185,1024,460,10.09
2026-08-14 16:40:18,FULL_FRAME,1,478,163,183,1024,460,10.09
2026-08-14 16:40:18,FULL_FRAME,1,478,160,183,1024,460,10.09
2026-08-14 16:40:18,FULL_FRAME,1,478,159,183,1024,460,10.09
2026-08-14 16:40:18,FULL_FRAME,1,478,158,184,1024,460,10.09
2026-08-14 16:40:18,FULL_FRAME,1,478,161,179,1024,460,10.09
2026-08-14 16:40:18,FULL_FRAME,1,478,161,181,1024,460,10.09
2026-08-14 16:40:18,FULL_FRAME,1,478,162,182,1024,460,9.95
2026-08-14 16:40:19,FULL_FRAME,1,478,161,180,1024,460,9.95
2026-08-14 16:40:19,FULL_FRAME,1,478,159,178,1024,460,9.95
2026-08-14 16:40:19,FULL_FRAME,1,478,161,176,1024,460,9.95
2026-08-14 16:40:19,FULL_FRAME,1,478,159,177,1024,460,9.95
2026-08-14 16:40:19,FULL_FRAME,1,478,156,176,1024,460,9.95
2026-08-14 16:40:19,FULL_FRAME,1,478,153,175,1024,460,9.95
2026-08-14 16:40:19,FULL_FRAME,1,478,153,174,1024,460,9.95
2026-08-14 16:40:19,FULL_FRAME,1,478,152,171,1024,460,9.95
2026-08-14 16:40:19,FULL_FRAME,1,478,152,171,1024,460,9.95
2026-08-14 16:40:19,FULL_FRAME,1,478,151,172,1024,460,9.95
2026-08-14 16:40:20,FULL_FRAME,1,478,150,169,1024,460,10.09
2026-08-14 16:40:20,FULL_FRAME,1,478,152,171,1024,460,10.09
2026-08-14 16:40:20,FULL_FRAME,1,478,149,165,1024,460,10.09
2026-08-14 16:40:20,FULL_FRAME,1,478,149,165,1024,460,10.09
2026-08-14 16:40:20,FULL_FRAME,1,478,146,163,1024,460,10.09
2026-08-14 16:40:20,FULL_FRAME,1,478,148,167,1024,460,10.09
2026-08-14 16:40:20,FULL_FRAME,1,478,148,168,1024,460,10.09
2026-08-14 16:40:20,FULL_FRAME,1,478,147,164,1024,460,10.09
2026-08-14 16:40:20,FULL_FRAME,1,478,145,164,1024,460,10.09
2026-08-14 16:40:20,FULL_FRAME,1,478,146,163,1024,460,10.09
2026-08-14 16:40:21,FULL_FRAME,1,478,146,163,1024,460,9.91
2026-08-14 16:40:21,FULL_FRAME,1,478,144,162,1024,460,9.91
2026-08-14 16:40:21,FULL_FRAME,1,478,144,159,1024,460,9.91
2026-08-14 16:40:21,FULL_FRAME,1,478,142,161,1024,460,9.91
2026-08-14 16:40:21,FULL_FRAME,1,478,142,160,1024,460,9.91
2026-08-14 16:40:21,FULL_FRAME,1,478,143,160,1024,460,9.91
2026-08-14 16:40:21,FULL_FRAME,1,478,144,160,1024,460,9.91
2026-08-14 16:40:21,FULL_FRAME,1,478,140,159,1024,460,9.91
2026-08-14 16:40:21,FULL_FRAME,1,478,139,154,1024,460,9.91
2026-08-14 16:40:21,FULL_FRAME,1,478,144,155,1024,460,9.91
2026-08-14 16:40:22,FULL_FRAME,1,478,143,157,1024,460,9.91
2026-08-14 16:40:22,FULL_FRAME,1,478,141,157,1024,460,10.18
2026-08-14 16:40:22,FULL_FRAME,1,478,137,155,1024,460,10.18
2026-08-14 16:40:22,FULL_FRAME,1,478,136,153,1024,460,10.18
2026-08-14 16:40:22,FULL_FRAME,1,478,135,152,1024,460,10.18
2026-08-14 16:40:22,FULL_FRAME,1,478,136,154,1024,460,10.18
2026-08-14 16:40:22,FULL_FRAME,1,478,135,154,1024,460,10.18
2026-08-14 16:40:22,FULL_FRAME,1,478,135,155,1024,460,10.18
2026-08-14 16:40:22,FULL_FRAME,1,478,134,156,1024,460,10.18
2026-08-14 16:40:22,FULL_FRAME,1,478,137,156,1024,460,10.18
2026-08-14 16:40:23,FULL_FRAME,1,478,134,154,1024,460,10.18
2026-08-14 16:40:23,FULL_FRAME,1,478,133,153,1024,460,9.86
2026-08-14 16:40:23,FULL_FRAME,1,478,134,151,1024,460,9.86
2026-08-14 16:40:23,FULL_FRAME,1,478,134,152,1024,460,9.86
2026-08-14 16:40:23,FULL_FRAME,1,478,135,152,1024,460,9.86
2026-08-14 16:40:23,FULL_FRAME,1,478,134,152,1024,460,9.86
2026-08-14 16:40:23,FULL_FRAME,1,478,132,152,1024,460,9.86
2026-08-14 16:40:23,FULL_FRAME,1,478,132,150,1024,460,9.86
2026-08-14 16:40:23,FULL_FRAME,1,478,134,148,1024,460,9.86
2026-08-14 16:40:23,FULL_FRAME,1,478,134,150,1024,460,9.86
2026-08-14 16:40:24,FULL_FRAME,1,478,132,150,1024,460,9.86
2026-08-14 16:40:24,FULL_FRAME,1,478,132,152,1024,460,9.86
2026-08-14 16:40:24,FULL_FRAME,1,478,133,155,1024,460,10.13
2026-08-14 16:40:24,FULL_FRAME,1,478,134,151,1024,460,10.13
2026-08-14 16:40:24,FULL_FRAME,1,478,135,148,1024,460,10.13
2026-08-14 16:40:24,FULL_FRAME,1,478,128,146,1024,460,10.13
2026-08-14 16:40:24,FULL_FRAME,1,478,130,147,1024,460,10.13
2026-08-14 16:40:24,FULL_FRAME,1,478,131,146,1024,460,10.13
2026-08-14 16:40:24,FULL_FRAME,1,478,130,146,1024,460,10.13
2026-08-14 16:40:24,FULL_FRAME,1,478,129,143,1024,460,10.13
2026-08-14 16:40:25,FULL_FRAME,1,478,129,145,1024,460,10.13
2026-08-14 16:40:25,FULL_FRAME,1,478,126,145,1024,460,10.13
2026-08-14 16:40:25,FULL_FRAME,1,478,127,143,1024,460,10.13
2026-08-14 16:40:25,FULL_FRAME,1,478,127,144,1024,460,9.93
2026-08-14 16:40:25,FULL_FRAME,1,478,128,145,1024,460,9.93
2026-08-14 16:40:25,FULL_FRAME,1,478,127,146,1024,460,9.93
2026-08-14 16:40:25,FULL_FRAME,1,478,127,147,1024,460,9.93
2026-08-14 16:40:25,FULL_FRAME,1,478,124,144,1024,460,9.93
2026-08-14 16:40:25,FULL_FRAME,1,478,126,144,1024,460,9.93
2026-08-14 16:40:25,FULL_FRAME,1,478,126,143,1024,460,9.93
2026-08-14 16:40:26,FULL_FRAME,1,478,124,143,1024,460,9.93
2026-08-14 16:40:26,FULL_FRAME,1,478,125,143,1024,460,9.93
2026-08-14 16:40:26,FULL_FRAME,1,478,125,144,1024,460,9.93
2026-08-14 16:40:26,FULL_FRAME,1,478,125,142,1024,460,9.93
2026-08-14 16:40:26,FULL_FRAME,1,478,124,143,1024,460,10.12
2026-08-14 16:40:26,FULL_FRAME,1,478,123,140,1024,460,10.12
2026-08-14 16:40:26,FULL_FRAME,1,478,126,136,1024,460,10.12
2026-08-14 16:40:26,FULL_FRAME,1,478,124,139,1024,460,10.12
2026-08-14 16:40:26,FULL_FRAME,1,478,125,140,1024,460,10.12
2026-08-14 16:40:26,FULL_FRAME,1,478,126,141,1024,460,10.12
2026-08-14 16:40:27,FULL_FRAME,1,478,125,142,1024,460,10.12
2026-08-14 16:40:27,FULL_FRAME,1,478,127,143,1024,460,10.12
2026-08-14 16:40:27,FULL_FRAME,1,478,128,143,1024,460,10.12
2026-08-14 16:40:27,FULL_FRAME,1,478,126,140,1024,460,10.12
2026-08-14 16:40:27,FULL_FRAME,1,478,122,139,1024,460,9.9
2026-08-14 16:40:27,FULL_FRAME,1,478,124,138,1024,460,9.9
2026-08-14 16:40:27,FULL_FRAME,1,478,126,140,1024,460,9.9
2026-08-14 16:40:27,FULL_FRAME,1,478,124,139,1024,460,9.9
2026-08-14 16:40:27,FULL_FRAME,1,478,121,137,1024,460,9.9
2026-08-14 16:40:27,FULL_FRAME,1,478,120,135,1024,460,9.9
2026-08-14 16:40:28,FULL_FRAME,1,478,120,138,1024,460,9.9
2026-08-14 16:40:28,FULL_FRAME,1,478,122,140,1024,460,9.9
2026-08-14 16:40:28,FULL_FRAME,1,478,122,139,1024,460,9.9
2026-08-14 16:40:28,FULL_FRAME,1,478,123,140,1024,460,9.9
2026-08-14 16:40:28,FULL_FRAME,1,478,125,141,1024,460,9.9
2026-08-14 16:40:28,FULL_FRAME,1,478,122,140,1024,460,10.13
2026-08-14 16:40:28,FULL_FRAME,1,478,121,138,1024,460,10.13
2026-08-14 16:40:28,FULL_FRAME,1,478,121,137,1024,460,10.13
2026-08-14 16:40:28,FULL_FRAME,1,478,120,137,1024,460,10.13
2026-08-14 16:40:28,FULL_FRAME,1,478,119,138,1024,460,10.13
2026-08-14 16:40:29,FULL_FRAME,1,478,119,140,1024,460,10.13
2026-08-14 16:40:29,FULL_FRAME,1,478,120,139,1024,460,10.13
2026-08-14 16:40:29,FULL_FRAME,1,478,120,138,1024,460,10.13
2026-08-14 16:40:29,FULL_FRAME,1,478,120,138,1024,460,10.13
2026-08-14 16:40:29,FULL_FRAME,1,478,119,137,1024,460,10.13
2026-08-14 16:40:29,FULL_FRAME,1,478,119,138,1024,460,9.85
2026-08-14 16:40:29,FULL_FRAME,1,478,123,138,1024,460,9.85
2026-08-14 16:40:29,FULL_FRAME,1,478,125,138,1024,460,9.85
2026-08-14 16:40:29,FULL_FRAME,1,478,126,139,1024,460,9.85
2026-08-14 16:40:29,FULL_FRAME,1,478,127,141,1024,460,9.85
2026-08-14 16:40:30,FULL_FRAME,1,478,125,140,1024,460,9.85
2026-08-14 16:40:30,FULL_FRAME,1,478,126,140,1024,460,9.85
2026-08-14 16:40:30,FULL_FRAME,1,478,125,140,1024,460,9.85
2026-08-14 16:40:30,FULL_FRAME,1,478,119,140,1024,460,9.85
2026-08-14 16:40:30,FULL_FRAME,1,478,120,138,1024,460,9.85
2026-08-14 16:40:30,FULL_FRAME,1,478,119,135,1024,460,9.85
2026-08-14 16:40:30,FULL_FRAME,1,478,121,134,1024,460,10.16
2026-08-14 16:40:30,FULL_FRAME,1,478,120,135,1024,460,10.16
2026-08-14 16:40:30,FULL_FRAME,1,478,123,139,1024,460,10.16
2026-08-14 16:40:30,FULL_FRAME,1,478,122,137,1024,460,10.16
2026-08-14 16:40:31,FULL_FRAME,1,478,123,135,1024,460,10.16
2026-08-14 16:40:31,FULL_FRAME,1,478,122,135,1024,460,10.16
2026-08-14 16:40:31,FULL_FRAME,1,478,124,136,1024,460,10.16
2026-08-14 16:40:31,FULL_FRAME,1,478,124,136,1024,460,10.16
2026-08-14 16:40:31,FULL_FRAME,1,478,124,139,1024,460,10.16
2026-08-14 16:40:31,FULL_FRAME,1,478,121,136,1024,460,10.16
2026-08-14 16:40:31,FULL_FRAME,1,478,121,135,1024,460,9.88
2026-08-14 16:40:31,FULL_FRAME,1,478,124,136,1024,460,9.88
2026-08-14 16:40:31,FULL_FRAME,1,478,122,136,1024,460,9.88
2026-08-14 16:40:31,FULL_FRAME,1,478,121,137,1024,460,9.88
2026-08-14 16:40:32,FULL_FRAME,1,478,121,136,1024,460,9.88
2026-08-14 16:40:32,FULL_FRAME,1,478,118,135,1024,460,9.88
2026-08-14 16:40:32,FULL_FRAME,1,478,119,137,1024,460,9.88
2026-08-14 16:40:32,FULL_FRAME,1,478,123,137,1024,460,9.88
2026-08-14 16:40:32,FULL_FRAME,1,478,123,138,1024,460,9.88
2026-08-14 16:40:32,FULL_FRAME,1,478,124,138,1024,460,9.88
2026-08-14 16:40:32,FULL_FRAME,1,478,124,139,1024,460,9.88
2026-08-14 16:40:32,FULL_FRAME,1,478,123,140,1024,460,10.15
2026-08-14 16:40:32,FULL_FRAME,1,478,123,140,1024,460,10.15
2026-08-14 16:40:32,FULL_FRAME,1,478,124,140,1024,460,10.15
2026-08-14 16:40:33,FULL_FRAME,1,478,122,137,1024,460,10.15
2026-08-14 16:40:33,FULL_FRAME,1,478,120,136,1024,460,10.15
2026-08-14 16:40:33,FULL_FRAME,1,478,121,135,1024,460,10.15
2026-08-14 16:40:33,FULL_FRAME,1,478,125,138,1024,460,10.15
2026-08-14 16:40:33,FULL_FRAME,1,478,124,138,1024,460,10.15
2026-08-14 16:40:33,FULL_FRAME,1,478,123,137,1024,460,10.15
2026-08-14 16:40:33,FULL_FRAME,1,478,121,130,1024,460,10.15
2026-08-14 16:40:33,FULL_FRAME,1,478,120,133,1024,460,10.15
2026-08-14 16:40:33,FULL_FRAME,1,478,122,134,1024,460,9.99
2026-08-14 16:40:33,FULL_FRAME,1,478,125,137,1024,460,9.99
2026-08-14 16:40:34,FULL_FRAME,1,478,125,136,1024,460,9.99
2026-08-14 16:40:34,FULL_FRAME,1,478,124,134,1024,460,9.99
2026-08-14 16:40:34,FULL_FRAME,1,478,121,134,1024,460,9.99
2026-08-14 16:40:34,FULL_FRAME,1,478,122,134,1024,460,9.99
2026-08-14 16:40:34,FULL_FRAME,1,478,121,134,1024,460,9.99
2026-08-14 16:40:34,FULL_FRAME,1,478,124,134,1024,460,9.99
2026-08-14 16:40:34,FULL_FRAME,1,478,127,136,1024,460,9.99
2026-08-14 16:40:34,FULL_FRAME,1,478,126,136,1024,460,9.99
2026-08-14 16:40:34,FULL_FRAME,1,478,124,135,1024,460,9.99
2026-08-14 16:40:34,FULL_FRAME,1,478,122,135,1024,460,10.08
2026-08-14 16:40:35,FULL_FRAME,1,478,123,138,1024,460,10.08
2026-08-14 16:40:35,FULL_FRAME,1,478,120,135,1024,460,10.08
2026-08-14 16:40:35,FULL_FRAME,1,478,119,134,1024,460,10.08
2026-08-14 16:40:35,FULL_FRAME,1,478,119,134,1024,460,10.08
2026-08-14 16:40:35,FULL_FRAME,1,478,119,137,1024,460,10.08
2026-08-14 16:40:35,FULL_FRAME,1,478,120,136,1024,460,10.08
2026-08-14 16:40:35,FULL_FRAME,1,478,121,132,1024,460,10.08
2026-08-14 16:40:35,FULL_FRAME,1,478,121,135,1024,460,10.08
2026-08-14 16:40:35,FULL_FRAME,1,478,124,136,1024,460,10.08
2026-08-14 16:40:35,FULL_FRAME,1,478,124,139,1024,460,9.97
2026-08-14 16:40:36,FULL_FRAME,1,478,119,140,1024,460,9.97
2026-08-14 16:40:36,FULL_FRAME,1,478,119,138,1024,460,9.97
2026-08-14 16:40:36,FULL_FRAME,1,478,117,137,1024,460,9.97
2026-08-14 16:40:36,FULL_FRAME,1,478,119,134,1024,460,9.97
2026-08-14 16:40:36,FULL_FRAME,1,478,122,139,1024,460,9.97
2026-08-14 16:40:36,FULL_FRAME,1,478,122,138,1024,460,9.97
2026-08-14 16:40:36,FULL_FRAME,1,478,121,139,1024,460,9.97
2026-08-14 16:40:36,FULL_FRAME,1,478,121,140,1024,460,9.97
2026-08-14 16:40:36,FULL_FRAME,1,478,122,139,1024,460,9.97
2026-08-14 16:40:36,FULL_FRAME,1,478,122,138,1024,460,9.97
2026-08-14 16:40:36,FULL_FRAME,1,478,121,138,1024,460,10.07
2026-08-14 16:40:37,FULL_FRAME,1,478,123,138,1024,460,10.07
2026-08-14 16:40:37,FULL_FRAME,1,478,122,135,1024,460,10.07
2026-08-14 16:40:37,FULL_FRAME,1,478,118,131,1024,460,10.07
2026-08-14 16:40:37,FULL_FRAME,1,478,132,135,1024,460,10.07
2026-08-14 16:40:37,FULL_FRAME,0,0,0,0,1024,460,10.07
2026-08-14 16:40:37,FULL_FRAME,0,0,0,0,1024,460,10.07
2026-08-14 16:40:37,FULL_FRAME,0,0,0,0,1024,460,10.07
2026-08-14 16:40:37,FULL_FRAME,0,0,0,0,1024,460,10.07
2026-08-14 16:40:37,FULL_FRAME,0,0,0,0,1024,460,10.07
2026-08-14 16:40:38,FULL_FRAME,0,0,0,0,1024,460,9.93
2026-08-14 16:40:38,FULL_FRAME,0,0,0,0,1024,460,9.93
2026-08-14 16:40:38,FULL_FRAME,0,0,0,0,1024,460,9.93
2026-08-14 16:40:38,FULL_FRAME,1,478,184,201,1024,460,9.93
2026-08-14 16:40:38,FULL_FRAME,1,478,193,202,1024,460,9.93
2026-08-14 16:40:38,FULL_FRAME,1,478,195,206,1024,460,9.93
2026-08-14 16:40:38,FULL_FRAME,1,478,208,210,1024,460,9.93
2026-08-14 16:40:38,FULL_FRAME,1,478,219,215,1024,460,9.93
2026-08-14 16:40:38,FULL_FRAME,1,478,224,199,1024,460,9.93
2026-08-14 16:40:38,FULL_FRAME,1,478,232,193,1024,460,9.93
2026-08-14 16:40:39,FULL_FRAME,1,478,242,189,1024,460,9.93
2026-08-14 16:40:39,FULL_FRAME,1,478,248,183,1024,460,10.11
2026-08-14 16:40:39,FULL_FRAME,1,478,253,176,1024,460,10.11
2026-08-14 16:40:39,FULL_FRAME,1,478,250,175,1024,460,10.11
2026-08-14 16:40:39,FULL_FRAME,0,0,0,0,1024,460,10.11
2026-08-14 16:40:39,FULL_FRAME,0,0,0,0,1024,460,10.11
2026-08-14 16:40:39,FULL_FRAME,0,0,0,0,1024,460,10.11
2026-08-14 16:40:39,FULL_FRAME,0,0,0,0,1024,460,10.11
2026-08-14 16:40:39,FULL_FRAME,0,0,0,0,1024,460,10.11
2026-08-14 16:40:39,FULL_FRAME,0,0,0,0,1024,460,10.11
2026-08-14 16:40:39,FULL_FRAME,0,0,0,0,1024,460,10.11
2026-08-14 16:40:40,FULL_FRAME,0,0,0,0,1024,460,9.93
2026-08-14 16:40:40,FULL_FRAME,0,0,0,0,1024,460,9.93
2026-08-14 16:40:40,FULL_FRAME,0,0,0,0,1024,460,9.93
2026-08-14 16:40:40,FULL_FRAME,0,0,0,0,1024,460,9.93
2026-08-14 16:40:40,FULL_FRAME,0,0,0,0,1024,460,9.93
2026-08-14 16:40:40,FULL_FRAME,0,0,0,0,1024,460,9.93
2026-08-14 16:40:40,FULL_FRAME,0,0,0,0,1024,460,9.93
2026-08-14 16:40:40,FULL_FRAME,0,0,0,0,1024,460,9.93
2026-08-14 16:40:40,FULL_FRAME,0,0,0,0,1024,460,9.93
2026-08-14 16:40:40,FULL_FRAME,0,0,0,0,1024,460,9.93
2026-08-14 16:40:41,FULL_FRAME,0,0,0,0,1024,460,9.93
2026-08-14 16:40:41,FULL_FRAME,0,0,0,0,1024,460,10.05
2026-08-14 16:40:41,FULL_FRAME,0,0,0,0,1024,460,10.05
2026-08-14 16:40:41,FULL_FRAME,0,0,0,0,1024,460,10.05
2026-08-14 16:40:41,FULL_FRAME,0,0,0,0,1024,460,10.05
2026-08-14 16:40:41,FULL_FRAME,0,0,0,0,1024,460,10.05
2026-08-14 16:40:41,FULL_FRAME,0,0,0,0,1024,460,10.05
2026-08-14 16:40:41,FULL_FRAME,0,0,0,0,1024,460,10.05
2026-08-14 16:40:41,FULL_FRAME,0,0,0,0,1024,460,10.05
2026-08-14 16:40:41,FULL_FRAME,0,0,0,0,1024,460,10.05
2026-08-14 16:40:42,FULL_FRAME,0,0,0,0,1024,460,10.05
2026-08-14 16:40:42,FULL_FRAME,1,478,276,246,1024,460,9.97
2026-08-14 16:40:42,FULL_FRAME,1,478,273,246,1024,460,9.97
2026-08-14 16:40:42,FULL_FRAME,1,478,279,252,1024,460,9.97
2026-08-14 16:40:42,FULL_FRAME,1,478,279,267,1024,460,9.97
2026-08-14 16:40:42,FULL_FRAME,0,0,0,0,1024,460,9.97
2026-08-14 16:40:42,FULL_FRAME,0,0,0,0,1024,460,9.97
2026-08-14 16:40:42,FULL_FRAME,0,0,0,0,1024,460,9.97
2026-08-14 16:40:42,FULL_FRAME,1,478,286,298,1024,460,9.97
2026-08-14 16:40:42,FULL_FRAME,1,478,286,306,1024,460,9.97
2026-08-14 16:40:43,FULL_FRAME,1,478,302,308,1024,460,9.97
2026-08-14 16:40:43,FULL_FRAME,1,478,304,313,1024,460,9.97
2026-08-14 16:40:43,FULL_FRAME,1,478,294,312,1024,460,10.06
2026-08-14 16:40:43,FULL_FRAME,1,478,290,311,1024,460,10.06
2026-08-14 16:40:43,FULL_FRAME,1,478,296,321,1024,460,10.06
2026-08-14 16:40:43,FULL_FRAME,1,478,295,323,1024,460,10.06
2026-08-14 16:40:43,FULL_FRAME,1,478,294,327,1024,460,10.06
2026-08-14 16:40:43,FULL_FRAME,1,478,288,320,1024,460,10.06
2026-08-14 16:40:43,FULL_FRAME,1,478,287,311,1024,460,10.06
2026-08-14 16:40:43,FULL_FRAME,1,478,298,317,1024,460,10.06
2026-08-14 16:40:44,FULL_FRAME,1,478,292,315,1024,460,10.06
2026-08-14 16:40:44,FULL_FRAME,1,478,281,307,1024,460,10.06
2026-08-14 16:40:44,FULL_FRAME,1,478,261,293,1024,460,10.06
2026-08-14 16:40:44,FULL_FRAME,1,478,239,279,1024,460,9.94
2026-08-14 16:40:44,FULL_FRAME,1,478,241,265,1024,460,9.94
2026-08-14 16:40:44,FULL_FRAME,0,0,0,0,1024,460,9.94
2026-08-14 16:40:44,FULL_FRAME,0,0,0,0,1024,460,9.94
2026-08-14 16:40:44,FULL_FRAME,0,0,0,0,1024,460,9.94
2026-08-14 16:40:44,FULL_FRAME,0,0,0,0,1024,460,9.94
2026-08-14 16:40:44,FULL_FRAME,0,0,0,0,1024,460,9.94
2026-08-14 16:40:45,FULL_FRAME,0,0,0,0,1024,460,9.94
2026-08-14 16:40:45,FULL_FRAME,0,0,0,0,1024,460,9.94
2026-08-14 16:40:45,FULL_FRAME,0,0,0,0,1024,460,9.94
2026-08-14 16:40:45,FULL_FRAME,0,0,0,0,1024,460,9.94
2026-08-14 16:40:45,FULL_FRAME,0,0,0,0,1024,460,10.19
2026-08-14 16:40:45,FULL_FRAME,0,0,0,0,1024,460,10.19
2026-08-14 16:40:45,FULL_FRAME,0,0,0,0,1024,460,10.19
2026-08-14 16:40:45,FULL_FRAME,0,0,0,0,1024,460,10.19
2026-08-14 16:40:45,FULL_FRAME,0,0,0,0,1024,460,10.19
2026-08-14 16:40:45,FULL_FRAME,0,0,0,0,1024,460,10.19
2026-08-14 16:40:46,FULL_FRAME,0,0,0,0,1024,460,10.19
2026-08-14 16:40:46,FULL_FRAME,0,0,0,0,1024,460,10.19
2026-08-14 16:40:46,FULL_FRAME,0,0,0,0,1024,460,10.19
2026-08-14 16:40:46,FULL_FRAME,0,0,0,0,1024,460,10.19
2026-08-14 16:40:46,FULL_FRAME,0,0,0,0,1024,460,9.94
2026-08-14 16:40:46,FULL_FRAME,0,0,0,0,1024,460,9.94
2026-08-14 16:40:46,FULL_FRAME,0,0,0,0,1024,460,9.94
2026-08-14 16:40:46,FULL_FRAME,0,0,0,0,1024,460,9.94
2026-08-14 16:40:46,FULL_FRAME,0,0,0,0,1024,460,9.94
2026-08-14 16:40:46,FULL_FRAME,0,0,0,0,1024,460,9.94
2026-08-14 16:40:47,FULL_FRAME,0,0,0,0,1024,460,9.94
2026-08-14 16:40:47,FULL_FRAME,0,0,0,0,1024,460,9.94
2026-08-14 16:40:47,FULL_FRAME,0,0,0,0,1024,460,9.94
2026-08-14 16:40:47,FULL_FRAME,0,0,0,0,1024,460,9.94
2026-08-14 16:40:47,FULL_FRAME,0,0,0,0,1024,460,9.94
2026-08-14 16:40:47,FULL_FRAME,0,0,0,0,1024,460,10.09
2026-08-14 16:40:47,FULL_FRAME,0,0,0,0,1024,460,10.09
2026-08-14 16:40:47,FULL_FRAME,0,0,0,0,1024,460,10.09
2026-08-14 16:40:47,FULL_FRAME,0,0,0,0,1024,460,10.09
2026-08-14 16:40:47,FULL_FRAME,0,0,0,0,1024,460,10.09
2026-08-14 16:40:48,FULL_FRAME,0,0,0,0,1024,460,10.09
2026-08-14 16:40:48,FULL_FRAME,0,0,0,0,1024,460,10.09
2026-08-14 16:40:48,FULL_FRAME,0,0,0,0,1024,460,10.09
2026-08-14 16:40:48,FULL_FRAME,0,0,0,0,1024,460,10.09
2026-08-14 16:40:48,FULL_FRAME,0,0,0,0,1024,460,10.09
2026-08-14 16:40:48,FULL_FRAME,0,0,0,0,1024,460,9.87
2026-08-14 16:40:48,FULL_FRAME,0,0,0,0,1024,460,9.87
2026-08-14 16:40:48,FULL_FRAME,0,0,0,0,1024,460,9.87
2026-08-14 16:40:48,FULL_FRAME,0,0,0,0,1024,460,9.87
2026-08-14 16:40:48,FULL_FRAME,0,0,0,0,1024,460,9.87
2026-08-14 16:40:49,FULL_FRAME,0,0,0,0,1024,460,9.87
2026-08-14 16:40:49,FULL_FRAME,0,0,0,0,1024,460,9.87
2026-08-14 16:40:49,FULL_FRAME,0,0,0,0,1024,460,9.87
2026-08-14 16:40:49,FULL_FRAME,0,0,0,0,1024,460,9.87
2026-08-14 16:40:49,FULL_FRAME,0,0,0,0,1024,460,9.87
2026-08-14 16:40:49,FULL_FRAME,0,0,0,0,1024,460,9.87
2026-08-14 16:40:49,FULL_FRAME,0,0,0,0,1024,460,10.15
2026-08-14 16:40:49,FULL_FRAME,0,0,0,0,1024,460,10.15
2026-08-14 16:40:49,FULL_FRAME,0,0,0,0,1024,460,10.15
2026-08-14 16:40:49,FULL_FRAME,0,0,0,0,1024,460,10.15
2026-08-14 16:40:50,FULL_FRAME,0,0,0,0,1024,460,10.15
2026-08-14 16:40:50,FULL_FRAME,0,0,0,0,1024,460,10.15
2026-08-14 16:40:50,FULL_FRAME,0,0,0,0,1024,460,10.15
2026-08-14 16:40:50,FULL_FRAME,0,0,0,0,1024,460,10.15
2026-08-14 16:40:50,FULL_FRAME,0,0,0,0,1024,460,10.15
2026-08-14 16:40:50,FULL_FRAME,0,0,0,0,1024,460,10.15
2026-08-14 16:40:50,FULL_FRAME,0,0,0,0,1024,460,9.91
2026-08-14 16:40:50,FULL_FRAME,0,0,0,0,1024,460,9.91
2026-08-14 16:40:50,FULL_FRAME,0,0,0,0,1024,460,9.91
2026-08-14 16:40:50,FULL_FRAME,0,0,0,0,1024,460,9.91
2026-08-14 16:40:51,FULL_FRAME,0,0,0,0,1024,460,9.91
2026-08-14 16:40:51,FULL_FRAME,0,0,0,0,1024,460,9.91
2026-08-14 16:40:51,FULL_FRAME,0,0,0,0,1024,460,9.91
2026-08-14 16:40:51,FULL_FRAME,0,0,0,0,1024,460,9.91
2026-08-14 16:40:51,FULL_FRAME,0,0,0,0,1024,460,9.91
2026-08-14 16:40:51,FULL_FRAME,1,478,220,246,1024,460,9.91
2026-08-14 16:40:51,FULL_FRAME,1,478,234,251,1024,460,9.91
2026-08-14 16:40:51,FULL_FRAME,1,478,246,259,1024,460,10.13
2026-08-14 16:40:51,FULL_FRAME,1,478,250,274,1024,460,10.13
2026-08-14 16:40:51,FULL_FRAME,1,478,274,282,1024,460,10.13
2026-08-14 16:40:52,FULL_FRAME,1,478,268,287,1024,460,10.13
2026-08-14 16:40:52,FULL_FRAME,1,478,259,282,1024,460,10.13
2026-08-14 16:40:52,FULL_FRAME,1,478,244,274,1024,460,10.13
2026-08-14 16:40:52,FULL_FRAME,1,478,236,264,1024,460,10.13
2026-08-14 16:40:52,FULL_FRAME,0,0,0,0,1024,460,10.13
2026-08-14 16:40:52,FULL_FRAME,1,478,218,249,1024,460,10.13
2026-08-14 16:40:52,FULL_FRAME,1,478,211,240,1024,460,10.13
2026-08-14 16:40:52,FULL_FRAME,1,478,203,236,1024,460,10.13
2026-08-14 16:40:52,FULL_FRAME,1,478,197,230,1024,460,9.96
2026-08-14 16:40:52,FULL_FRAME,1,478,202,224,1024,460,9.96
2026-08-14 16:40:53,FULL_FRAME,1,478,198,232,1024,460,9.96
2026-08-14 16:40:53,FULL_FRAME,1,478,197,228,1024,460,9.96
2026-08-14 16:40:53,FULL_FRAME,1,478,201,226,1024,460,9.96
2026-08-14 16:40:53,FULL_FRAME,1,478,189,225,1024,460,9.96
2026-08-14 16:40:53,FULL_FRAME,1,478,195,228,1024,460,9.96
2026-08-14 16:40:53,FULL_FRAME,1,478,195,224,1024,460,9.96
2026-08-14 16:40:53,FULL_FRAME,1,478,208,227,1024,460,9.96
2026-08-14 16:40:53,FULL_FRAME,1,478,204,232,1024,460,9.96
2026-08-14 16:40:53,FULL_FRAME,1,478,200,225,1024,460,9.96
2026-08-14 16:40:53,FULL_FRAME,1,478,195,215,1024,460,10.1
2026-08-14 16:40:54,FULL_FRAME,1,478,190,212,1024,460,10.1
2026-08-14 16:40:54,FULL_FRAME,1,478,186,209,1024,460,10.1
2026-08-14 16:40:54,FULL_FRAME,1,478,179,208,1024,460,10.1
2026-08-14 16:40:54,FULL_FRAME,1,478,182,203,1024,460,10.1
2026-08-14 16:40:54,FULL_FRAME,1,478,174,192,1024,460,10.1
2026-08-14 16:40:54,FULL_FRAME,1,478,163,186,1024,460,10.1
2026-08-14 16:40:54,FULL_FRAME,1,478,160,188,1024,460,10.1
2026-08-14 16:40:54,FULL_FRAME,1,478,177,186,1024,460,10.1
2026-08-14 16:40:54,FULL_FRAME,1,478,164,185,1024,460,10.1
2026-08-14 16:40:54,FULL_FRAME,1,478,167,179,1024,460,9.94
2026-08-14 16:40:55,FULL_FRAME,0,0,0,0,1024,460,9.94
2026-08-14 16:40:55,FULL_FRAME,0,0,0,0,1024,460,9.94
2026-08-14 16:40:55,FULL_FRAME,1,478,178,193,1024,460,9.94
2026-08-14 16:40:55,FULL_FRAME,1,478,158,180,1024,460,9.94
2026-08-14 16:40:55,FULL_FRAME,1,478,160,174,1024,460,9.94
2026-08-14 16:40:55,FULL_FRAME,1,478,155,170,1024,460,9.94
2026-08-14 16:40:55,FULL_FRAME,1,478,155,167,1024,460,9.94
2026-08-14 16:40:55,FULL_FRAME,1,478,154,160,1024,460,9.94
2026-08-14 16:40:55,FULL_FRAME,1,478,164,156,1024,460,9.94
2026-08-14 16:40:55,FULL_FRAME,1,478,169,162,1024,460,9.94
2026-08-14 16:40:56,FULL_FRAME,1,478,163,162,1024,460,10.09
2026-08-14 16:40:56,FULL_FRAME,1,478,150,157,1024,460,10.09
2026-08-14 16:40:56,FULL_FRAME,1,478,137,155,1024,460,10.09
2026-08-14 16:40:56,FULL_FRAME,1,478,141,155,1024,460,10.09
2026-08-14 16:40:56,FULL_FRAME,1,478,144,157,1024,460,10.09
2026-08-14 16:40:56,FULL_FRAME,1,478,141,157,1024,460,10.09
2026-08-14 16:40:56,FULL_FRAME,1,478,144,156,1024,460,10.09
2026-08-14 16:40:56,FULL_FRAME,1,478,138,155,1024,460,10.09
2026-08-14 16:40:56,FULL_FRAME,1,478,140,154,1024,460,10.09
2026-08-14 16:40:56,FULL_FRAME,1,478,137,152,1024,460,10.09
2026-08-14 16:40:57,FULL_FRAME,1,478,143,155,1024,460,9.92
2026-08-14 16:40:57,FULL_FRAME,1,478,141,155,1024,460,9.92
2026-08-14 16:40:57,FULL_FRAME,1,478,148,155,1024,460,9.92
2026-08-14 16:40:57,FULL_FRAME,1,478,145,153,1024,460,9.92
2026-08-14 16:40:57,FULL_FRAME,1,478,141,152,1024,460,9.92
2026-08-14 16:40:57,FULL_FRAME,1,478,149,155,1024,460,9.92
2026-08-14 16:40:57,FULL_FRAME,1,478,148,154,1024,460,9.92
2026-08-14 16:40:57,FULL_FRAME,1,478,141,152,1024,460,9.92
2026-08-14 16:40:57,FULL_FRAME,1,478,141,151,1024,460,9.92
2026-08-14 16:40:57,FULL_FRAME,1,478,139,152,1024,460,9.92
2026-08-14 16:40:58,FULL_FRAME,1,478,142,153,1024,460,9.92
2026-08-14 16:40:58,FULL_FRAME,1,478,144,154,1024,460,10.09
2026-08-14 16:40:58,FULL_FRAME,1,478,149,156,1024,460,10.09
2026-08-14 16:40:58,FULL_FRAME,1,478,144,155,1024,460,10.09
2026-08-14 16:40:58,FULL_FRAME,1,478,140,155,1024,460,10.09
2026-08-14 16:40:58,FULL_FRAME,1,478,137,155,1024,460,10.09
2026-08-14 16:40:58,FULL_FRAME,1,478,136,151,1024,460,10.09
2026-08-14 16:40:58,FULL_FRAME,1,478,137,154,1024,460,10.09
2026-08-14 16:40:58,FULL_FRAME,1,478,139,156,1024,460,10.09
2026-08-14 16:40:58,FULL_FRAME,1,478,138,157,1024,460,10.09
2026-08-14 16:40:59,FULL_FRAME,1,478,137,156,1024,460,10.09
2026-08-14 16:40:59,FULL_FRAME,1,478,141,157,1024,460,9.95
2026-08-14 16:40:59,FULL_FRAME,1,478,137,155,1024,460,9.95
2026-08-14 16:40:59,FULL_FRAME,1,478,136,155,1024,460,9.95
2026-08-14 16:40:59,FULL_FRAME,1,478,137,154,1024,460,9.95
2026-08-14 16:40:59,FULL_FRAME,1,478,133,151,1024,460,9.95
2026-08-14 16:40:59,FULL_FRAME,1,478,133,153,1024,460,9.95
2026-08-14 16:40:59,FULL_FRAME,1,478,132,153,1024,460,9.95
2026-08-14 16:40:59,FULL_FRAME,1,478,132,153,1024,460,9.95
2026-08-14 16:40:59,FULL_FRAME,1,478,131,152,1024,460,9.95
2026-08-14 16:41:00,FULL_FRAME,1,478,133,152,1024,460,9.95
2026-08-14 16:41:00,FULL_FRAME,1,478,134,154,1024,460,9.95
2026-08-14 16:41:00,FULL_FRAME,1,478,135,157,1024,460,10.07
2026-08-14 16:41:00,FULL_FRAME,1,478,139,158,1024,460,10.07
2026-08-14 16:41:00,FULL_FRAME,1,478,139,157,1024,460,10.07
2026-08-14 16:41:00,FULL_FRAME,1,478,137,155,1024,460,10.07
2026-08-14 16:41:00,FULL_FRAME,1,478,134,154,1024,460,10.07
2026-08-14 16:41:00,FULL_FRAME,1,478,139,153,1024,460,10.07
2026-08-14 16:41:00,FULL_FRAME,1,478,137,155,1024,460,10.07
2026-08-14 16:41:00,FULL_FRAME,1,478,141,155,1024,460,10.07
2026-08-14 16:41:01,FULL_FRAME,1,478,139,154,1024,460,10.07
2026-08-14 16:41:01,FULL_FRAME,1,478,139,153,1024,460,10.07
2026-08-14 16:41:01,FULL_FRAME,1,478,139,153,1024,460,10.07
2026-08-14 16:41:01,FULL_FRAME,1,478,138,153,1024,460,9.97
2026-08-14 16:41:01,FULL_FRAME,1,478,135,156,1024,460,9.97
2026-08-14 16:41:01,FULL_FRAME,1,478,150,158,1024,460,9.97
2026-08-14 16:41:01,FULL_FRAME,1,478,137,158,1024,460,9.97
2026-08-14 16:41:01,FULL_FRAME,1,478,149,157,1024,460,9.97
2026-08-14 16:41:01,FULL_FRAME,1,478,147,162,1024,460,9.97
2026-08-14 16:41:01,FULL_FRAME,1,478,143,158,1024,460,9.97
2026-08-14 16:41:02,FULL_FRAME,1,478,142,157,1024,460,9.97
2026-08-14 16:41:02,FULL_FRAME,1,478,143,159,1024,460,9.97
2026-08-14 16:41:02,FULL_FRAME,1,478,148,160,1024,460,9.97
2026-08-14 16:41:02,FULL_FRAME,1,478,151,162,1024,460,9.97
2026-08-14 16:41:02,FULL_FRAME,1,478,151,162,1024,460,10.13
2026-08-14 16:41:02,FULL_FRAME,1,478,149,162,1024,460,10.13
2026-08-14 16:41:02,FULL_FRAME,1,478,148,160,1024,460,10.13
2026-08-14 16:41:02,FULL_FRAME,1,478,148,159,1024,460,10.13
2026-08-14 16:41:02,FULL_FRAME,1,478,138,152,1024,460,10.13
2026-08-14 16:41:02,FULL_FRAME,1,478,141,154,1024,460,10.13
2026-08-14 16:41:03,FULL_FRAME,1,478,140,153,1024,460,10.13
2026-08-14 16:41:03,FULL_FRAME,1,478,139,152,1024,460,10.13
2026-08-14 16:41:03,FULL_FRAME,1,478,141,151,1024,460,10.13
2026-08-14 16:41:03,FULL_FRAME,1,478,142,147,1024,460,10.13
2026-08-14 16:41:03,FULL_FRAME,1,478,138,147,1024,460,9.86
2026-08-14 16:41:03,FULL_FRAME,1,478,134,144,1024,460,9.86
2026-08-14 16:41:03,FULL_FRAME,1,478,134,142,1024,460,9.86
2026-08-14 16:41:03,FULL_FRAME,1,478,136,141,1024,460,9.86
2026-08-14 16:41:03,FULL_FRAME,1,478,135,141,1024,460,9.86
2026-08-14 16:41:03,FULL_FRAME,1,478,131,142,1024,460,9.86
2026-08-14 16:41:04,FULL_FRAME,1,478,131,141,1024,460,9.86
2026-08-14 16:41:04,FULL_FRAME,1,478,134,138,1024,460,9.86
2026-08-14 16:41:04,FULL_FRAME,1,478,139,138,1024,460,9.86
2026-08-14 16:41:04,FULL_FRAME,1,478,135,140,1024,460,9.86
2026-08-14 16:41:04,FULL_FRAME,1,478,143,139,1024,460,9.86
2026-08-14 16:41:04,FULL_FRAME,1,478,133,140,1024,460,10.19
2026-08-14 16:41:04,FULL_FRAME,1,478,130,139,1024,460,10.19
2026-08-14 16:41:04,FULL_FRAME,1,478,128,137,1024,460,10.19
2026-08-14 16:41:04,FULL_FRAME,1,478,131,140,1024,460,10.19
2026-08-14 16:41:04,FULL_FRAME,1,478,134,137,1024,460,10.19
2026-08-14 16:41:05,FULL_FRAME,1,478,129,136,1024,460,10.19
2026-08-14 16:41:05,FULL_FRAME,1,478,131,136,1024,460,10.19
2026-08-14 16:41:05,FULL_FRAME,1,478,129,136,1024,460,10.19
2026-08-14 16:41:05,FULL_FRAME,1,478,125,134,1024,460,10.19
2026-08-14 16:41:05,FULL_FRAME,1,478,122,131,1024,460,10.19
2026-08-14 16:41:05,FULL_FRAME,1,478,122,131,1024,460,9.83
2026-08-14 16:41:05,FULL_FRAME,1,478,125,131,1024,460,9.83
2026-08-14 16:41:05,FULL_FRAME,1,478,121,129,1024,460,9.83
2026-08-14 16:41:05,FULL_FRAME,1,478,115,127,1024,460,9.83
2026-08-14 16:41:05,FULL_FRAME,1,478,114,125,1024,460,9.83
2026-08-14 16:41:06,FULL_FRAME,1,478,112,122,1024,460,9.83
2026-08-14 16:41:06,FULL_FRAME,1,478,112,123,1024,460,9.83
2026-08-14 16:41:06,FULL_FRAME,1,478,113,120,1024,460,9.83
2026-08-14 16:41:06,FULL_FRAME,1,478,113,120,1024,460,9.83
2026-08-14 16:41:06,FULL_FRAME,1,478,113,111,1024,460,9.83
2026-08-14 16:41:06,FULL_FRAME,1,478,106,112,1024,460,9.83
2026-08-14 16:41:06,FULL_FRAME,1,478,112,121,1024,460,10.19
2026-08-14 16:41:06,FULL_FRAME,1,478,122,124,1024,460,10.19
2026-08-14 16:41:06,FULL_FRAME,1,478,117,123,1024,460,10.19
2026-08-14 16:41:06,FULL_FRAME,1,478,123,125,1024,460,10.19
2026-08-14 16:41:07,FULL_FRAME,1,478,118,121,1024,460,10.19
2026-08-14 16:41:07,FULL_FRAME,1,478,115,121,1024,460,10.19
2026-08-14 16:41:07,FULL_FRAME,1,478,115,123,1024,460,10.19
2026-08-14 16:41:07,FULL_FRAME,1,478,118,121,1024,460,10.19
2026-08-14 16:41:07,FULL_FRAME,1,478,117,120,1024,460,10.19
2026-08-14 16:41:07,FULL_FRAME,1,478,115,118,1024,460,10.19
2026-08-14 16:41:07,FULL_FRAME,1,478,116,113,1024,460,9.85
2026-08-14 16:41:07,FULL_FRAME,1,478,113,110,1024,460,9.85
2026-08-14 16:41:07,FULL_FRAME,1,478,111,100,1024,460,9.85
2026-08-14 16:41:07,FULL_FRAME,1,478,110,112,1024,460,9.85
2026-08-14 16:41:08,FULL_FRAME,1,478,115,116,1024,460,9.85
2026-08-14 16:41:08,FULL_FRAME,1,478,109,113,1024,460,9.85
2026-08-14 16:41:08,FULL_FRAME,1,478,106,114,1024,460,9.85
2026-08-14 16:41:08,FULL_FRAME,1,478,110,114,1024,460,9.85
2026-08-14 16:41:08,FULL_FRAME,1,478,114,116,1024,460,9.85
2026-08-14 16:41:08,FULL_FRAME,1,478,113,114,1024,460,9.85
2026-08-14 16:41:08,FULL_FRAME,1,478,99,110,1024,460,9.85
2026-08-14 16:41:08,FULL_FRAME,1,478,105,112,1024,460,10.18
2026-08-14 16:41:08,FULL_FRAME,1,478,108,112,1024,460,10.18
2026-08-14 16:41:08,FULL_FRAME,1,478,107,116,1024,460,10.18
2026-08-14 16:41:09,FULL_FRAME,1,478,107,115,1024,460,10.18
2026-08-14 16:41:09,FULL_FRAME,1,478,110,114,1024,460,10.18
2026-08-14 16:41:09,FULL_FRAME,1,478,110,116,1024,460,10.18
2026-08-14 16:41:09,FULL_FRAME,1,478,107,112,1024,460,10.18
2026-08-14 16:41:09,FULL_FRAME,1,478,110,113,1024,460,10.18
2026-08-14 16:41:09,FULL_FRAME,1,478,110,113,1024,460,10.18
2026-08-14 16:41:09,FULL_FRAME,1,478,113,115,1024,460,10.18
2026-08-14 16:41:09,FULL_FRAME,1,478,113,109,1024,460,10.18
2026-08-14 16:41:09,FULL_FRAME,1,478,107,109,1024,460,9.97
2026-08-14 16:41:09,FULL_FRAME,0,0,0,0,1024,460,9.97
2026-08-14 16:41:10,FULL_FRAME,0,0,0,0,1024,460,9.97
2026-08-14 16:41:10,FULL_FRAME,0,0,0,0,1024,460,9.97
2026-08-14 16:41:10,FULL_FRAME,0,0,0,0,1024,460,9.97
2026-08-14 16:41:10,FULL_FRAME,0,0,0,0,1024,460,9.97
2026-08-14 16:41:10,FULL_FRAME,0,0,0,0,1024,460,9.97
2026-08-14 16:41:10,FULL_FRAME,0,0,0,0,1024,460,9.97
2026-08-14 16:41:10,FULL_FRAME,0,0,0,0,1024,460,9.97
2026-08-14 16:41:10,FULL_FRAME,0,0,0,0,1024,460,9.97
2026-08-14 16:41:10,FULL_FRAME,0,0,0,0,1024,460,9.97
2026-08-14 16:41:10,FULL_FRAME,0,0,0,0,1024,460,10.08
2026-08-14 16:41:11,FULL_FRAME,0,0,0,0,1024,460,10.08
2026-08-14 16:41:11,FULL_FRAME,0,0,0,0,1024,460,10.08
2026-08-14 16:41:11,FULL_FRAME,0,0,0,0,1024,460,10.08
2026-08-14 16:41:11,FULL_FRAME,0,0,0,0,1024,460,10.08
2026-08-14 16:41:11,FULL_FRAME,0,0,0,0,1024,460,10.08
2026-08-14 16:41:11,FULL_FRAME,0,0,0,0,1024,460,10.08
2026-08-14 16:41:11,FULL_FRAME,0,0,0,0,1024,460,10.08
2026-08-14 16:41:11,FULL_FRAME,0,0,0,0,1024,460,10.08
2026-08-14 16:41:11,FULL_FRAME,0,0,0,0,1024,460,10.08
2026-08-14 16:41:11,FULL_FRAME,0,0,0,0,1024,460,9.94
2026-08-14 16:41:12,FULL_FRAME,0,0,0,0,1024,460,9.94
2026-08-14 16:41:12,FULL_FRAME,0,0,0,0,1024,460,9.94
2026-08-14 16:41:12,FULL_FRAME,0,0,0,0,1024,460,9.94
2026-08-14 16:41:12,FULL_FRAME,0,0,0,0,1024,460,9.94
2026-08-14 16:41:12,FULL_FRAME,0,0,0,0,1024,460,9.94
2026-08-14 16:41:12,FULL_FRAME,0,0,0,0,1024,460,9.94
2026-08-14 16:41:12,FULL_FRAME,0,0,0,0,1024,460,9.94
2026-08-14 16:41:12,FULL_FRAME,0,0,0,0,1024,460,9.94
2026-08-14 16:41:12,FULL_FRAME,0,0,0,0,1024,460,9.94
2026-08-14 16:41:12,FULL_FRAME,0,0,0,0,1024,460,9.94
2026-08-14 16:41:13,FULL_FRAME,0,0,0,0,1024,460,10.11
2026-08-14 16:41:13,FULL_FRAME,0,0,0,0,1024,460,10.11
2026-08-14 16:41:13,FULL_FRAME,0,0,0,0,1024,460,10.11
2026-08-14 16:41:13,FULL_FRAME,0,0,0,0,1024,460,10.11
2026-08-14 16:41:13,FULL_FRAME,0,0,0,0,1024,460,10.11
2026-08-14 16:41:13,FULL_FRAME,0,0,0,0,1024,460,10.11
2026-08-14 16:41:13,FULL_FRAME,0,0,0,0,1024,460,10.11
2026-08-14 16:41:13,FULL_FRAME,0,0,0,0,1024,460,10.11
2026-08-14 16:41:13,FULL_FRAME,0,0,0,0,1024,460,10.11
2026-08-14 16:41:13,FULL_FRAME,0,0,0,0,1024,460,10.11
2026-08-14 16:41:14,FULL_FRAME,0,0,0,0,1024,460,9.91
2026-08-14 16:41:14,FULL_FRAME,0,0,0,0,1024,460,9.91
2026-08-14 16:41:14,FULL_FRAME,0,0,0,0,1024,460,9.91
2026-08-14 16:41:14,FULL_FRAME,0,0,0,0,1024,460,9.91
2026-08-14 16:41:14,FULL_FRAME,0,0,0,0,1024,460,9.91
2026-08-14 16:41:14,FULL_FRAME,0,0,0,0,1024,460,9.91
2026-08-14 16:41:14,FULL_FRAME,0,0,0,0,1024,460,9.91
2026-08-14 16:41:14,FULL_FRAME,0,0,0,0,1024,460,9.91
2026-08-14 16:41:14,FULL_FRAME,0,0,0,0,1024,460,9.91
2026-08-14 16:41:14,FULL_FRAME,0,0,0,0,1024,460,9.91
2026-08-14 16:41:15,FULL_FRAME,0,0,0,0,1024,460,9.91
2026-08-14 16:41:15,FULL_FRAME,0,0,0,0,1024,460,10.1
2026-08-14 16:41:15,FULL_FRAME,0,0,0,0,1024,460,10.1
2026-08-14 16:41:15,FULL_FRAME,0,0,0,0,1024,460,10.1
2026-08-14 16:41:15,FULL_FRAME,0,0,0,0,1024,460,10.1
2026-08-14 16:41:15,FULL_FRAME,0,0,0,0,1024,460,10.1
2026-08-14 16:41:15,FULL_FRAME,0,0,0,0,1024,460,10.1
2026-08-14 16:41:15,FULL_FRAME,0,0,0,0,1024,460,10.1
2026-08-14 16:41:15,FULL_FRAME,0,0,0,0,1024,460,10.1
2026-08-14 16:41:15,FULL_FRAME,0,0,0,0,1024,460,10.1
2026-08-14 16:41:15,FULL_FRAME,0,0,0,0,1024,460,10.1
2026-08-14 16:41:16,FULL_FRAME,0,0,0,0,1024,460,9.94
2026-08-14 16:41:16,FULL_FRAME,0,0,0,0,1024,460,9.94
2026-08-14 16:41:16,FULL_FRAME,0,0,0,0,1024,460,9.94
2026-08-14 16:41:16,FULL_FRAME,0,0,0,0,1024,460,9.94
2026-08-14 16:41:16,FULL_FRAME,0,0,0,0,1024,460,9.94
2026-08-14 16:41:16,FULL_FRAME,0,0,0,0,1024,460,9.94
2026-08-14 16:41:16,FULL_FRAME,0,0,0,0,1024,460,9.94
2026-08-14 16:41:16,FULL_FRAME,0,0,0,0,1024,460,9.94
2026-08-14 16:41:16,FULL_FRAME,0,0,0,0,1024,460,9.94
2026-08-14 16:41:17,FULL_FRAME,0,0,0,0,1024,460,9.94
2026-08-14 16:41:17,FULL_FRAME,0,0,0,0,1024,460,9.94
2026-08-14 16:41:17,FULL_FRAME,0,0,0,0,1024,460,10.06
2026-08-14 16:41:17,FULL_FRAME,0,0,0,0,1024,460,10.06
2026-08-14 16:41:17,FULL_FRAME,0,0,0,0,1024,460,10.06
2026-08-14 16:41:17,FULL_FRAME,0,0,0,0,1024,460,10.06
2026-08-14 16:41:17,FULL_FRAME,0,0,0,0,1024,460,10.06
2026-08-14 16:41:17,FULL_FRAME,0,0,0,0,1024,460,10.06
2026-08-14 16:41:17,FULL_FRAME,0,0,0,0,1024,460,10.06
2026-08-14 16:41:17,FULL_FRAME,0,0,0,0,1024,460,10.06
2026-08-14 16:41:18,FULL_FRAME,0,0,0,0,1024,460,10.06
2026-08-14 16:41:18,FULL_FRAME,0,0,0,0,1024,460,10.06
2026-08-14 16:41:18,FULL_FRAME,0,0,0,0,1024,460,10.06
2026-08-14 16:41:18,FULL_FRAME,0,0,0,0,1024,460,9.93
2026-08-14 16:41:18,FULL_FRAME,0,0,0,0,1024,460,9.93
2026-08-14 16:41:18,FULL_FRAME,0,0,0,0,1024,460,9.93
2026-08-14 16:41:18,FULL_FRAME,0,0,0,0,1024,460,9.93
2026-08-14 16:41:18,FULL_FRAME,0,0,0,0,1024,460,9.93
2026-08-14 16:41:18,FULL_FRAME,0,0,0,0,1024,460,9.93
2026-08-14 16:41:18,FULL_FRAME,0,0,0,0,1024,460,9.93
2026-08-14 16:41:18,FULL_FRAME,0,0,0,0,1024,460,9.93
2026-08-14 16:41:19,FULL_FRAME,0,0,0,0,1024,460,9.93
2026-08-14 16:41:19,FULL_FRAME,0,0,0,0,1024,460,9.93
2026-08-14 16:41:19,FULL_FRAME,0,0,0,0,1024,460,9.93
2026-08-14 16:41:19,FULL_FRAME,0,0,0,0,1024,460,10.19
2026-08-14 16:41:19,FULL_FRAME,0,0,0,0,1024,460,10.19
2026-08-14 16:41:19,FULL_FRAME,0,0,0,0,1024,460,10.19
2026-08-14 16:41:19,FULL_FRAME,0,0,0,0,1024,460,10.19
2026-08-14 16:41:19,FULL_FRAME,0,0,0,0,1024,460,10.19
2026-08-14 16:41:19,FULL_FRAME,0,0,0,0,1024,460,10.19
2026-08-14 16:41:19,FULL_FRAME,0,0,0,0,1024,460,10.19
2026-08-14 16:41:20,FULL_FRAME,0,0,0,0,1024,460,10.19
2026-08-14 16:41:20,FULL_FRAME,0,0,0,0,1024,460,10.19
2026-08-14 16:41:20,FULL_FRAME,0,0,0,0,1024,460,10.19
2026-08-14 16:41:20,FULL_FRAME,0,0,0,0,1024,460,9.87
2026-08-14 16:41:20,FULL_FRAME,0,0,0,0,1024,460,9.87
2026-08-14 16:41:20,FULL_FRAME,0,0,0,0,1024,460,9.87
2026-08-14 16:41:20,FULL_FRAME,0,0,0,0,1024,460,9.87
2026-08-14 16:41:20,FULL_FRAME,0,0,0,0,1024,460,9.87
2026-08-14 16:41:20,FULL_FRAME,0,0,0,0,1024,460,9.87
2026-08-14 16:41:20,FULL_FRAME,0,0,0,0,1024,460,9.87
2026-08-14 16:41:21,FULL_FRAME,0,0,0,0,1024,460,9.87
2026-08-14 16:41:21,FULL_FRAME,0,0,0,0,1024,460,9.87
2026-08-14 16:41:21,FULL_FRAME,0,0,0,0,1024,460,9.87
2026-08-14 16:41:21,FULL_FRAME,0,0,0,0,1024,460,9.87
2026-08-14 16:41:21,FULL_FRAME,1,478,172,188,1024,460,10.17
2026-08-14 16:41:21,FULL_FRAME,1,478,173,173,1024,460,10.17
2026-08-14 16:41:21,FULL_FRAME,1,478,159,164,1024,460,10.17
2026-08-14 16:41:21,FULL_FRAME,1,478,154,161,1024,460,10.17
2026-08-14 16:41:21,FULL_FRAME,1,478,166,163,1024,460,10.17
2026-08-14 16:41:21,FULL_FRAME,1,478,153,166,1024,460,10.17
2026-08-14 16:41:22,FULL_FRAME,1,478,146,165,1024,460,10.17
2026-08-14 16:41:22,FULL_FRAME,1,478,158,166,1024,460,10.17
2026-08-14 16:41:22,FULL_FRAME,1,478,177,174,1024,460,10.17
2026-08-14 16:41:22,FULL_FRAME,1,478,178,186,1024,460,10.17
2026-08-14 16:41:22,FULL_FRAME,1,478,172,191,1024,460,9.83
2026-08-14 16:41:22,FULL_FRAME,1,478,174,200,1024,460,9.83
2026-08-14 16:41:22,FULL_FRAME,1,478,182,208,1024,460,9.83
2026-08-14 16:41:22,FULL_FRAME,1,478,188,212,1024,460,9.83
2026-08-14 16:41:22,FULL_FRAME,1,478,202,221,1024,460,9.83
2026-08-14 16:41:22,FULL_FRAME,1,478,213,229,1024,460,9.83
2026-08-14 16:41:23,FULL_FRAME,1,478,207,231,1024,460,9.83
2026-08-14 16:41:23,FULL_FRAME,1,478,202,226,1024,460,9.83
2026-08-14 16:41:23,FULL_FRAME,1,478,213,240,1024,460,9.83
2026-08-14 16:41:23,FULL_FRAME,1,478,216,250,1024,460,9.83
2026-08-14 16:41:23,FULL_FRAME,1,478,221,251,1024,460,9.83
2026-08-14 16:41:23,FULL_FRAME,1,478,236,262,1024,460,10.2
2026-08-14 16:41:23,FULL_FRAME,1,478,236,266,1024,460,10.2
2026-08-14 16:41:23,FULL_FRAME,1,478,230,257,1024,460,10.2
2026-08-14 16:41:23,FULL_FRAME,1,478,219,252,1024,460,10.2
2026-08-14 16:41:23,FULL_FRAME,1,478,208,240,1024,460,10.2
2026-08-14 16:41:24,FULL_FRAME,0,0,0,0,1024,460,10.2
2026-08-14 16:41:24,FULL_FRAME,1,478,200,205,1024,460,10.2
2026-08-14 16:41:24,FULL_FRAME,0,0,0,0,1024,460,10.2
2026-08-14 16:41:24,FULL_FRAME,1,478,194,213,1024,460,10.2
2026-08-14 16:41:24,FULL_FRAME,1,478,201,208,1024,460,10.2
2026-08-14 16:41:24,FULL_FRAME,1,478,214,224,1024,460,9.85
2026-08-14 16:41:24,FULL_FRAME,1,478,214,235,1024,460,9.85
2026-08-14 16:41:24,FULL_FRAME,1,478,226,232,1024,460,9.85
2026-08-14 16:41:24,FULL_FRAME,1,478,228,242,1024,460,9.85
2026-08-14 16:41:24,FULL_FRAME,1,478,240,257,1024,460,9.85
2026-08-14 16:41:25,FULL_FRAME,1,478,243,257,1024,460,9.85
2026-08-14 16:41:25,FULL_FRAME,1,478,225,255,1024,460,9.85
2026-08-14 16:41:25,FULL_FRAME,1,478,229,261,1024,460,9.85
2026-08-14 16:41:25,FULL_FRAME,1,478,223,262,1024,460,9.85
2026-08-14 16:41:25,FULL_FRAME,1,478,216,255,1024,460,9.85
2026-08-14 16:41:25,FULL_FRAME,1,478,209,253,1024,460,9.85
2026-08-14 16:41:25,FULL_FRAME,1,478,216,252,1024,460,10.16
2026-08-14 16:41:25,FULL_FRAME,1,478,217,253,1024,460,10.16
2026-08-14 16:41:25,FULL_FRAME,1,478,220,253,1024,460,10.16
2026-08-14 16:41:25,FULL_FRAME,1,478,223,254,1024,460,10.16
2026-08-14 16:41:26,FULL_FRAME,1,478,222,254,1024,460,10.16
2026-08-14 16:41:26,FULL_FRAME,1,478,223,254,1024,460,10.16
2026-08-14 16:41:26,FULL_FRAME,1,478,224,253,1024,460,10.16
2026-08-14 16:41:26,ROI_RESIZED,0,0,0,0,1024,460,10.16
2026-08-14 16:41:26,ROI_RESIZED,1,478,227,229,1024,460,10.16
2026-08-14 16:41:26,ROI_RESIZED,1,478,228,239,1024,460,10.16
2026-08-14 16:41:26,ROI_RESIZED,1,478,231,245,1024,460,10.16
2026-08-14 16:41:26,ROI_RESIZED,1,478,232,247,1024,460,9.97
2026-08-14 16:41:26,ROI_RESIZED,1,478,233,247,1024,460,9.97
2026-08-14 16:41:26,ROI_RESIZED,1,478,237,248,1024,460,9.97
2026-08-14 16:41:27,ROI_RESIZED,1,478,236,248,1024,460,9.97
2026-08-14 16:41:27,ROI_RESIZED,1,478,236,248,1024,460,9.97
2026-08-14 16:41:27,ROI_RESIZED,1,478,237,248,1024,460,9.97
2026-08-14 16:41:27,ROI_RESIZED,1,478,236,248,1024,460,9.97
2026-08-14 16:41:27,ROI_RESIZED,1,478,235,247,1024,460,9.97
2026-08-14 16:41:27,ROI_RESIZED,1,478,232,246,1024,460,9.97
2026-08-14 16:41:27,ROI_RESIZED,1,478,231,244,1024,460,9.97
2026-08-14 16:41:27,ROI_RESIZED,1,478,230,244,1024,460,9.97
2026-08-14 16:41:27,ROI_RESIZED,1,478,234,244,1024,460,10.1
2026-08-14 16:41:27,ROI_RESIZED,1,478,236,244,1024,460,10.1
2026-08-14 16:41:28,ROI_RESIZED,1,478,236,245,1024,460,10.1
2026-08-14 16:41:28,ROI_RESIZED,1,478,234,248,1024,460,10.1
2026-08-14 16:41:28,ROI_RESIZED,1,478,234,247,1024,460,10.1
2026-08-14 16:41:28,ROI_RESIZED,1,478,235,245,1024,460,10.1
2026-08-14 16:41:28,ROI_RESIZED,1,478,236,245,1024,460,10.1
2026-08-14 16:41:28,ROI_RESIZED,1,478,235,247,1024,460,10.1
2026-08-14 16:41:28,ROI_RESIZED,1,478,230,247,1024,460,10.1
2026-08-14 16:41:28,ROI_RESIZED,1,478,228,246,1024,460,10.1
2026-08-14 16:41:28,ROI_RESIZED,1,478,228,245,1024,460,9.92
2026-08-14 16:41:28,ROI_RESIZED,1,478,228,245,1024,460,9.92
2026-08-14 16:41:29,ROI_RESIZED,1,478,228,245,1024,460,9.92
2026-08-14 16:41:29,ROI_RESIZED,1,478,228,245,1024,460,9.92
2026-08-14 16:41:29,ROI_RESIZED,1,478,228,245,1024,460,9.92
2026-08-14 16:41:29,ROI_RESIZED,1,478,229,244,1024,460,9.92
2026-08-14 16:41:29,ROI_RESIZED,1,478,231,243,1024,460,9.92
2026-08-14 16:41:29,ROI_RESIZED,1,478,236,244,1024,460,9.92
2026-08-14 16:41:29,ROI_RESIZED,1,478,236,246,1024,460,9.92
2026-08-14 16:41:29,ROI_RESIZED,1,478,232,247,1024,460,9.92
2026-08-14 16:41:29,ROI_RESIZED,1,478,230,246,1024,460,9.92
2026-08-14 16:41:29,ROI_RESIZED,1,478,233,246,1024,460,10.13
2026-08-14 16:41:30,ROI_RESIZED,1,478,232,246,1024,460,10.13
2026-08-14 16:41:30,ROI_RESIZED,1,478,234,245,1024,460,10.13
2026-08-14 16:41:30,ROI_RESIZED,1,478,235,244,1024,460,10.13
2026-08-14 16:41:30,ROI_RESIZED,1,478,249,246,1024,460,10.13
2026-08-14 16:41:30,ROI_RESIZED,1,478,243,244,1024,460,10.13
2026-08-14 16:41:30,ROI_RESIZED,1,478,240,241,1024,460,10.13
2026-08-14 16:41:30,ROI_RESIZED,1,478,240,243,1024,460,10.13
2026-08-14 16:41:30,ROI_RESIZED,1,478,239,246,1024,460,10.13
2026-08-14 16:41:30,ROI_RESIZED,1,478,234,246,1024,460,10.13
2026-08-14 16:41:30,ROI_RESIZED,1,478,230,248,1024,460,9.92
2026-08-14 16:41:31,ROI_RESIZED,1,478,235,250,1024,460,9.92
2026-08-14 16:41:31,ROI_RESIZED,1,478,233,249,1024,460,9.92
2026-08-14 16:41:31,ROI_RESIZED,1,478,233,251,1024,460,9.92
2026-08-14 16:41:31,ROI_RESIZED,1,478,234,250,1024,460,9.92
2026-08-14 16:41:31,ROI_RESIZED,1,478,233,250,1024,460,9.92
2026-08-14 16:41:31,ROI_RESIZED,1,478,234,249,1024,460,9.92
2026-08-14 16:41:31,ROI_RESIZED,1,478,232,247,1024,460,9.92
2026-08-14 16:41:31,ROI_RESIZED,1,478,232,247,1024,460,9.92
2026-08-14 16:41:31,ROI_RESIZED,1,478,231,247,1024,460,9.92
2026-08-14 16:41:31,ROI_RESIZED,1,478,232,248,1024,460,9.92
2026-08-14 16:41:32,ROI_RESIZED,1,478,234,248,1024,460,10.05
2026-08-14 16:41:32,ROI_RESIZED,1,478,238,249,1024,460,10.05
2026-08-14 16:41:32,ROI_RESIZED,1,478,236,248,1024,460,10.05
2026-08-14 16:41:32,ROI_RESIZED,1,478,233,247,1024,460,10.05
2026-08-14 16:41:32,ROI_RESIZED,1,478,232,246,1024,460,10.05
2026-08-14 16:41:32,ROI_RESIZED,1,478,237,248,1024,460,10.05
2026-08-14 16:41:32,ROI_RESIZED,1,478,239,248,1024,460,10.05
2026-08-14 16:41:32,ROI_RESIZED,1,478,240,247,1024,460,10.05
2026-08-14 16:41:32,ROI_RESIZED,1,478,239,246,1024,460,10.05
2026-08-14 16:41:32,ROI_RESIZED,1,478,233,246,1024,460,10.05
2026-08-14 16:41:33,ROI_RESIZED,1,478,231,246,1024,460,9.98
2026-08-14 16:41:33,ROI_RESIZED,1,478,231,246,1024,460,9.98
2026-08-14 16:41:33,ROI_RESIZED,1,478,231,246,1024,460,9.98
2026-08-14 16:41:33,ROI_RESIZED,1,478,232,246,1024,460,9.98
2026-08-14 16:41:33,ROI_RESIZED,1,478,231,245,1024,460,9.98
2026-08-14 16:41:33,ROI_RESIZED,1,478,231,245,1024,460,9.98
2026-08-14 16:41:33,ROI_RESIZED,1,478,231,245,1024,460,9.98
2026-08-14 16:41:33,ROI_RESIZED,1,478,230,245,1024,460,9.98
2026-08-14 16:41:33,ROI_RESIZED,1,478,228,244,1024,460,9.98
2026-08-14 16:41:33,ROI_RESIZED,1,478,227,243,1024,460,9.98
2026-08-14 16:41:34,ROI_RESIZED,1,478,226,244,1024,460,9.98
2026-08-14 16:41:34,ROI_RESIZED,1,478,227,244,1024,460,10.09
2026-08-14 16:41:34,ROI_RESIZED,1,478,230,244,1024,460,10.09
2026-08-14 16:41:34,ROI_RESIZED,1,478,228,244,1024,460,10.09
2026-08-14 16:41:34,ROI_RESIZED,1,478,228,244,1024,460,10.09
2026-08-14 16:41:34,ROI_RESIZED,1,478,228,243,1024,460,10.09
2026-08-14 16:41:34,ROI_RESIZED,1,478,227,242,1024,460,10.09
2026-08-14 16:41:34,ROI_RESIZED,1,478,224,242,1024,460,10.09
2026-08-14 16:41:34,ROI_RESIZED,1,478,224,243,1024,460,10.09
2026-08-14 16:41:34,ROI_RESIZED,1,478,224,243,1024,460,10.09
2026-08-14 16:41:35,ROI_RESIZED,1,478,224,244,1024,460,10.09
2026-08-14 16:41:35,ROI_RESIZED,1,478,226,244,1024,460,10.09
2026-08-14 16:41:35,ROI_RESIZED,1,478,227,243,1024,460,9.96
2026-08-14 16:41:35,ROI_RESIZED,1,478,228,243,1024,460,9.96
2026-08-14 16:41:35,ROI_RESIZED,1,478,227,243,1024,460,9.96
2026-08-14 16:41:35,ROI_RESIZED,1,478,227,243,1024,460,9.96
2026-08-14 16:41:35,ROI_RESIZED,1,478,228,243,1024,460,9.96
2026-08-14 16:41:35,ROI_RESIZED,1,478,229,244,1024,460,9.96
2026-08-14 16:41:35,ROI_RESIZED,1,478,229,244,1024,460,9.96
2026-08-14 16:41:35,ROI_RESIZED,1,478,234,245,1024,460,9.96
2026-08-14 16:41:36,ROI_RESIZED,1,478,235,246,1024,460,9.96
2026-08-14 16:41:36,ROI_RESIZED,1,478,235,245,1024,460,9.96
2026-08-14 16:41:36,ROI_RESIZED,1,478,240,247,1024,460,9.96
2026-08-14 16:41:36,ROI_RESIZED,1,478,239,247,1024,460,10.13
2026-08-14 16:41:36,ROI_RESIZED,1,478,237,248,1024,460,10.13
2026-08-14 16:41:36,ROI_RESIZED,1,478,231,248,1024,460,10.13
2026-08-14 16:41:36,ROI_RESIZED,1,478,229,246,1024,460,10.13
2026-08-14 16:41:36,ROI_RESIZED,1,478,226,247,1024,460,10.13
2026-08-14 16:41:36,ROI_RESIZED,1,478,229,247,1024,460,10.13
2026-08-14 16:41:36,ROI_RESIZED,1,478,228,247,1024,460,10.13
2026-08-14 16:41:37,ROI_RESIZED,1,478,228,247,1024,460,10.13
2026-08-14 16:41:37,ROI_RESIZED,1,478,230,246,1024,460,10.13
2026-08-14 16:41:37,ROI_RESIZED,1,478,231,246,1024,460,10.13
2026-08-14 16:41:37,ROI_RESIZED,1,478,232,247,1024,460,9.85
2026-08-14 16:41:37,ROI_RESIZED,1,478,233,248,1024,460,9.85
2026-08-14 16:41:37,ROI_RESIZED,1,478,231,247,1024,460,9.85
2026-08-14 16:41:37,ROI_RESIZED,1,478,230,247,1024,460,9.85
2026-08-14 16:41:37,ROI_RESIZED,1,478,227,247,1024,460,9.85
2026-08-14 16:41:37,ROI_RESIZED,1,478,226,246,1024,460,9.85
2026-08-14 16:41:37,ROI_RESIZED,1,478,231,246,1024,460,9.85
2026-08-14 16:41:38,ROI_RESIZED,1,478,230,246,1024,460,9.85
2026-08-14 16:41:38,ROI_RESIZED,1,478,229,246,1024,460,9.85
2026-08-14 16:41:38,ROI_RESIZED,1,478,227,245,1024,460,9.85
2026-08-14 16:41:38,ROI_RESIZED,1,478,225,244,1024,460,9.85
2026-08-14 16:41:38,ROI_RESIZED,1,478,227,244,1024,460,10.2
2026-08-14 16:41:38,ROI_RESIZED,1,478,230,244,1024,460,10.2
2026-08-14 16:41:38,ROI_RESIZED,1,478,230,243,1024,460,10.2
2026-08-14 16:41:38,ROI_RESIZED,1,478,230,244,1024,460,10.2
2026-08-14 16:41:38,ROI_RESIZED,1,478,228,244,1024,460,10.2
2026-08-14 16:41:38,ROI_RESIZED,1,478,225,245,1024,460,10.2
2026-08-14 16:41:39,ROI_RESIZED,1,478,224,244,1024,460,10.2
2026-08-14 16:41:39,ROI_RESIZED,1,478,224,244,1024,460,10.2
2026-08-14 16:41:39,ROI_RESIZED,1,478,224,244,1024,460,10.2
2026-08-14 16:41:39,ROI_RESIZED,1,478,224,245,1024,460,10.2
2026-08-14 16:41:39,ROI_RESIZED,1,478,224,246,1024,460,9.89
2026-08-14 16:41:39,ROI_RESIZED,1,478,224,246,1024,460,9.89
2026-08-14 16:41:39,ROI_RESIZED,1,478,225,246,1024,460,9.89
2026-08-14 16:41:39,ROI_RESIZED,1,478,226,246,1024,460,9.89
2026-08-14 16:41:39,ROI_RESIZED,1,478,227,247,1024,460,9.89
2026-08-14 16:41:39,ROI_RESIZED,1,478,226,247,1024,460,9.89
2026-08-14 16:41:40,ROI_RESIZED,1,478,229,247,1024,460,9.89
2026-08-14 16:41:40,ROI_RESIZED,1,478,229,247,1024,460,9.89
2026-08-14 16:41:40,ROI_RESIZED,1,478,229,247,1024,460,9.89
2026-08-14 16:41:40,ROI_RESIZED,1,478,228,246,1024,460,9.89
2026-08-14 16:41:40,ROI_RESIZED,1,478,228,246,1024,460,9.89
2026-08-14 16:41:40,ROI_RESIZED,1,478,227,246,1024,460,10.13
2026-08-14 16:41:40,ROI_RESIZED,1,478,228,244,1024,460,10.13
2026-08-14 16:41:40,ROI_RESIZED,1,478,229,244,1024,460,10.13
2026-08-14 16:41:40,ROI_RESIZED,1,478,228,244,1024,460,10.13
2026-08-14 16:41:40,ROI_RESIZED,1,478,227,244,1024,460,10.13
2026-08-14 16:41:41,ROI_RESIZED,1,478,227,244,1024,460,10.13
2026-08-14 16:41:41,ROI_RESIZED,1,478,228,245,1024,460,10.13
2026-08-14 16:41:41,ROI_RESIZED,1,478,230,245,1024,460,10.13
2026-08-14 16:41:41,ROI_RESIZED,1,478,231,245,1024,460,10.13
2026-08-14 16:41:41,ROI_RESIZED,1,478,229,244,1024,460,10.13
2026-08-14 16:41:41,ROI_RESIZED,1,478,228,244,1024,460,9.94
2026-08-14 16:41:41,ROI_RESIZED,1,478,228,243,1024,460,9.94
2026-08-14 16:41:41,ROI_RESIZED,1,478,229,244,1024,460,9.94
2026-08-14 16:41:41,ROI_RESIZED,1,478,230,245,1024,460,9.94
2026-08-14 16:41:41,ROI_RESIZED,1,478,229,245,1024,460,9.94
2026-08-14 16:41:42,ROI_RESIZED,1,478,229,245,1024,460,9.94
2026-08-14 16:41:42,ROI_RESIZED,1,478,229,245,1024,460,9.94
2026-08-14 16:41:42,ROI_RESIZED,1,478,229,244,1024,460,9.94
2026-08-14 16:41:42,ROI_RESIZED,1,478,228,243,1024,460,9.94
2026-08-14 16:41:42,ROI_RESIZED,1,478,225,242,1024,460,9.94
2026-08-14 16:41:42,ROI_RESIZED,1,478,225,243,1024,460,9.94
2026-08-14 16:41:42,ROI_RESIZED,1,478,224,242,1024,460,10.09
2026-08-14 16:41:42,ROI_RESIZED,1,478,224,243,1024,460,10.09
2026-08-14 16:41:42,ROI_RESIZED,1,478,223,242,1024,460,10.09
2026-08-14 16:41:42,ROI_RESIZED,1,478,223,242,1024,460,10.09
2026-08-14 16:41:43,ROI_RESIZED,1,478,227,242,1024,460,10.09
2026-08-14 16:41:43,ROI_RESIZED,1,478,228,242,1024,460,10.09
2026-08-14 16:41:43,ROI_RESIZED,1,478,228,242,1024,460,10.09
2026-08-14 16:41:43,ROI_RESIZED,1,478,227,242,1024,460,10.09
2026-08-14 16:41:43,ROI_RESIZED,1,478,228,242,1024,460,10.09
2026-08-14 16:41:43,ROI_RESIZED,1,478,228,242,1024,460,10.09
2026-08-14 16:41:43,ROI_RESIZED,1,478,228,243,1024,460,10.09
2026-08-14 16:41:43,ROI_RESIZED,1,478,226,243,1024,460,9.97
2026-08-14 16:41:43,ROI_RESIZED,1,478,226,244,1024,460,9.97
2026-08-14 16:41:43,ROI_RESIZED,1,478,226,244,1024,460,9.97
2026-08-14 16:41:44,ROI_RESIZED,1,478,225,244,1024,460,9.97
2026-08-14 16:41:44,ROI_RESIZED,1,478,226,244,1024,460,9.97
2026-08-14 16:41:44,ROI_RESIZED,1,478,225,243,1024,460,9.97
2026-08-14 16:41:44,ROI_RESIZED,1,478,225,243,1024,460,9.97
2026-08-14 16:41:44,ROI_RESIZED,1,478,225,242,1024,460,9.97
2026-08-14 16:41:44,ROI_RESIZED,1,478,224,242,1024,460,9.97
2026-08-14 16:41:44,ROI_RESIZED,1,478,224,242,1024,460,9.97
2026-08-14 16:41:44,ROI_RESIZED,1,478,227,242,1024,460,9.97
2026-08-14 16:41:44,ROI_RESIZED,1,478,227,243,1024,460,10.11
2026-08-14 16:41:44,ROI_RESIZED,1,478,227,244,1024,460,10.11
2026-08-14 16:41:45,ROI_RESIZED,1,478,226,244,1024,460,10.11
2026-08-14 16:41:45,ROI_RESIZED,1,478,226,244,1024,460,10.11
2026-08-14 16:41:45,ROI_RESIZED,1,478,226,243,1024,460,10.11
2026-08-14 16:41:45,ROI_RESIZED,1,478,225,243,1024,460,10.11
2026-08-14 16:41:45,ROI_RESIZED,1,478,224,245,1024,460,10.11
2026-08-14 16:41:45,ROI_RESIZED,1,478,225,245,1024,460,10.11
2026-08-14 16:41:45,ROI_RESIZED,1,478,226,245,1024,460,10.11
2026-08-14 16:41:45,ROI_RESIZED,1,478,225,245,1024,460,10.11
2026-08-14 16:41:45,ROI_RESIZED,1,478,227,247,1024,460,9.9
2026-08-14 16:41:45,ROI_RESIZED,1,478,229,247,1024,460,9.9
2026-08-14 16:41:46,ROI_RESIZED,1,478,231,247,1024,460,9.9
2026-08-14 16:41:46,ROI_RESIZED,1,478,228,247,1024,460,9.9
2026-08-14 16:41:46,ROI_RESIZED,1,478,228,245,1024,460,9.9
2026-08-14 16:41:46,ROI_RESIZED,1,478,229,245,1024,460,9.9
2026-08-14 16:41:46,ROI_RESIZED,1,478,228,244,1024,460,9.9
2026-08-14 16:41:46,ROI_RESIZED,1,478,230,245,1024,460,9.9
2026-08-14 16:41:46,ROI_RESIZED,1,478,231,245,1024,460,9.9
2026-08-14 16:41:46,ROI_RESIZED,1,478,232,245,1024,460,9.9
2026-08-14 16:41:46,ROI_RESIZED,1,478,235,246,1024,460,9.9
2026-08-14 16:41:46,ROI_RESIZED,1,478,234,246,1024,460,10.15
2026-08-14 16:41:47,ROI_RESIZED,1,478,234,246,1024,460,10.15
2026-08-14 16:41:47,ROI_RESIZED,1,478,230,245,1024,460,10.15
2026-08-14 16:41:47,ROI_RESIZED,1,478,230,244,1024,460,10.15
2026-08-14 16:41:47,ROI_RESIZED,1,478,230,244,1024,460,10.15
2026-08-14 16:41:47,ROI_RESIZED,1,478,227,243,1024,460,10.15
2026-08-14 16:41:47,ROI_RESIZED,1,478,226,240,1024,460,10.15
2026-08-14 16:41:47,ROI_RESIZED,1,478,224,240,1024,460,10.15
2026-08-14 16:41:47,ROI_RESIZED,1,478,225,241,1024,460,10.15
2026-08-14 16:41:47,ROI_RESIZED,1,478,226,243,1024,460,10.15
2026-08-14 16:41:47,ROI_RESIZED,1,478,228,243,1024,460,9.9
2026-08-14 16:41:48,ROI_RESIZED,1,478,228,243,1024,460,9.9
2026-08-14 16:41:48,ROI_RESIZED,1,478,231,243,1024,460,9.9
2026-08-14 16:41:48,ROI_RESIZED,1,478,234,243,1024,460,9.9
2026-08-14 16:41:48,ROI_RESIZED,1,478,233,243,1024,460,9.9
2026-08-14 16:41:48,ROI_RESIZED,1,478,232,243,1024,460,9.9
2026-08-14 16:41:48,ROI_RESIZED,1,478,231,242,1024,460,9.9
2026-08-14 16:41:48,ROI_RESIZED,1,478,229,244,1024,460,9.9
2026-08-14 16:41:48,ROI_RESIZED,1,478,229,244,1024,460,9.9
2026-08-14 16:41:48,ROI_RESIZED,1,478,226,244,1024,460,9.9
2026-08-14 16:41:48,ROI_RESIZED,1,478,225,246,1024,460,9.9
2026-08-14 16:41:49,ROI_RESIZED,1,478,231,246,1024,460,10.09
2026-08-14 16:41:49,ROI_RESIZED,1,478,236,243,1024,460,10.09
2026-08-14 16:41:49,ROI_RESIZED,1,478,242,242,1024,460,10.09
2026-08-14 16:41:49,ROI_RESIZED,1,478,240,239,1024,460,10.09
2026-08-14 16:41:49,ROI_RESIZED,1,478,245,241,1024,460,10.09
2026-08-14 16:41:49,ROI_RESIZED,1,478,233,236,1024,460,10.09
2026-08-14 16:41:49,ROI_RESIZED,1,478,226,236,1024,460,10.09
2026-08-14 16:41:49,ROI_RESIZED,1,478,223,234,1024,460,10.09
2026-08-14 16:41:49,ROI_RESIZED,1,478,226,234,1024,460,10.09
2026-08-14 16:41:49,ROI_RESIZED,1,478,219,232,1024,460,10.09
2026-08-14 16:41:50,ROI_RESIZED,1,478,227,228,1024,460,9.94
2026-08-14 16:41:50,ROI_RESIZED,1,478,237,237,1024,460,9.94
2026-08-14 16:41:50,ROI_RESIZED,1,478,233,238,1024,460,9.94
2026-08-14 16:41:50,ROI_RESIZED,1,478,230,231,1024,460,9.94
2026-08-14 16:41:50,ROI_RESIZED,1,478,230,225,1024,460,9.94
2026-08-14 16:41:50,ROI_RESIZED,1,478,223,217,1024,460,9.94
2026-08-14 16:41:50,ROI_RESIZED,1,478,221,214,1024,460,9.94
2026-08-14 16:41:50,ROI_RESIZED,1,478,218,208,1024,460,9.94
2026-08-14 16:41:50,ROI_RESIZED,1,478,212,211,1024,460,9.94
2026-08-14 16:41:50,ROI_RESIZED,1,478,211,211,1024,460,9.94
2026-08-14 16:41:51,ROI_RESIZED,1,478,215,214,1024,460,9.94
2026-08-14 16:41:51,ROI_RESIZED,1,478,214,214,1024,460,10.07
2026-08-14 16:41:51,ROI_RESIZED,1,478,208,209,1024,460,10.07
2026-08-14 16:41:51,ROI_RESIZED,1,478,201,197,1024,460,10.07
2026-08-14 16:41:51,ROI_RESIZED,1,478,189,189,1024,460,10.07
2026-08-14 16:41:51,ROI_RESIZED,1,478,186,189,1024,460,10.07
2026-08-14 16:41:51,ROI_RESIZED,1,478,194,182,1024,460,10.07
2026-08-14 16:41:51,ROI_RESIZED,0,0,0,0,1024,460,10.07
2026-08-14 16:41:51,ROI_RESIZED,1,478,183,188,1024,460,10.07
2026-08-14 16:41:51,ROI_RESIZED,1,478,188,196,1024,460,10.07
2026-08-14 16:41:52,ROI_RESIZED,1,478,193,201,1024,460,10.07
2026-08-14 16:41:52,ROI_RESIZED,1,478,194,202,1024,460,10.07
2026-08-14 16:41:52,ROI_RESIZED,1,478,193,196,1024,460,9.96
2026-08-14 16:41:52,ROI_RESIZED,1,478,190,198,1024,460,9.96
2026-08-14 16:41:52,ROI_RESIZED,1,478,190,200,1024,460,9.96
2026-08-14 16:41:52,ROI_RESIZED,1,478,189,199,1024,460,9.96
2026-08-14 16:41:52,ROI_RESIZED,1,478,192,199,1024,460,9.96
2026-08-14 16:41:52,ROI_RESIZED,1,478,196,198,1024,460,9.96
2026-08-14 16:41:52,ROI_RESIZED,1,478,198,201,1024,460,9.96
2026-08-14 16:41:52,ROI_RESIZED,1,478,199,205,1024,460,9.96
2026-08-14 16:41:53,ROI_RESIZED,1,478,198,204,1024,460,9.96
2026-08-14 16:41:53,ROI_RESIZED,1,478,194,201,1024,460,9.96
2026-08-14 16:41:53,ROI_RESIZED,1,478,198,198,1024,460,9.96
2026-08-14 16:41:53,ROI_RESIZED,1,478,197,199,1024,460,10.14
2026-08-14 16:41:53,ROI_RESIZED,1,478,198,201,1024,460,10.14
2026-08-14 16:41:53,ROI_RESIZED,1,478,194,199,1024,460,10.14
2026-08-14 16:41:53,ROI_RESIZED,1,478,194,200,1024,460,10.14
2026-08-14 16:41:53,ROI_RESIZED,1,478,195,202,1024,460,10.14
2026-08-14 16:41:53,ROI_RESIZED,1,478,196,203,1024,460,10.14
2026-08-14 16:41:53,ROI_RESIZED,1,478,197,204,1024,460,10.14
2026-08-14 16:41:54,ROI_RESIZED,1,478,193,205,1024,460,10.14
2026-08-14 16:41:54,ROI_RESIZED,1,478,193,204,1024,460,10.14
2026-08-14 16:41:54,ROI_RESIZED,1,478,190,202,1024,460,10.14
2026-08-14 16:41:54,ROI_RESIZED,1,478,192,202,1024,460,9.9
2026-08-14 16:41:54,ROI_RESIZED,1,478,195,204,1024,460,9.9
2026-08-14 16:41:54,ROI_RESIZED,1,478,193,204,1024,460,9.9
2026-08-14 16:41:54,ROI_RESIZED,1,478,192,202,1024,460,9.9
2026-08-14 16:41:54,ROI_RESIZED,1,478,195,205,1024,460,9.9
2026-08-14 16:41:54,ROI_RESIZED,1,478,192,206,1024,460,9.9
2026-08-14 16:41:54,ROI_RESIZED,1,478,192,204,1024,460,9.9
2026-08-14 16:41:55,ROI_RESIZED,1,478,193,203,1024,460,9.9
2026-08-14 16:41:55,ROI_RESIZED,1,478,192,201,1024,460,9.9
2026-08-14 16:41:55,ROI_RESIZED,1,478,188,200,1024,460,9.9
2026-08-14 16:41:55,ROI_RESIZED,1,478,192,201,1024,460,9.9
2026-08-14 16:41:55,ROI_RESIZED,1,478,191,205,1024,460,10.15
2026-08-14 16:41:55,ROI_RESIZED,1,478,188,202,1024,460,10.15
2026-08-14 16:41:55,ROI_RESIZED,1,478,188,201,1024,460,10.15
2026-08-14 16:41:55,ROI_RESIZED,1,478,186,201,1024,460,10.15
2026-08-14 16:41:55,ROI_RESIZED,1,478,185,201,1024,460,10.15
2026-08-14 16:41:55,ROI_RESIZED,1,478,186,203,1024,460,10.15
2026-08-14 16:41:56,ROI_RESIZED,1,478,189,203,1024,460,10.15
2026-08-14 16:41:56,ROI_RESIZED,1,478,188,203,1024,460,10.15
2026-08-14 16:41:56,ROI_RESIZED,1,478,185,202,1024,460,10.15
2026-08-14 16:41:56,ROI_RESIZED,1,478,185,202,1024,460,10.15
2026-08-14 16:41:56,ROI_RESIZED,1,478,189,202,1024,460,9.9
2026-08-14 16:41:56,ROI_RESIZED,1,478,186,203,1024,460,9.9
2026-08-14 16:41:56,ROI_RESIZED,1,478,188,203,1024,460,9.9
2026-08-14 16:41:56,ROI_RESIZED,1,478,188,204,1024,460,9.9
2026-08-14 16:41:56,ROI_RESIZED,1,478,191,204,1024,460,9.9
2026-08-14 16:41:56,ROI_RESIZED,1,478,189,204,1024,460,9.9
2026-08-14 16:41:57,ROI_RESIZED,1,478,190,205,1024,460,9.9
2026-08-14 16:41:57,ROI_RESIZED,1,478,189,205,1024,460,9.9
2026-08-14 16:41:57,ROI_RESIZED,1,478,191,203,1024,460,9.9
2026-08-14 16:41:57,ROI_RESIZED,1,478,191,203,1024,460,9.9
2026-08-14 16:41:57,ROI_RESIZED,1,478,190,202,1024,460,9.9
2026-08-14 16:41:57,ROI_RESIZED,1,478,189,203,1024,460,10.12
2026-08-14 16:41:57,ROI_RESIZED,1,478,188,204,1024,460,10.12
2026-08-14 16:41:57,ROI_RESIZED,1,478,187,203,1024,460,10.12
2026-08-14 16:41:57,ROI_RESIZED,1,478,188,202,1024,460,10.12
2026-08-14 16:41:57,ROI_RESIZED,1,478,188,203,1024,460,10.12
2026-08-14 16:41:58,ROI_RESIZED,1,478,188,202,1024,460,10.12
2026-08-14 16:41:58,ROI_RESIZED,1,478,185,202,1024,460,10.12
2026-08-14 16:41:58,ROI_RESIZED,1,478,185,202,1024,460,10.12
2026-08-14 16:41:58,ROI_RESIZED,1,478,185,202,1024,460,10.12
2026-08-14 16:41:58,ROI_RESIZED,1,478,187,202,1024,460,10.12
2026-08-14 16:41:58,ROI_RESIZED,1,478,189,202,1024,460,9.86
2026-08-14 16:41:58,ROI_RESIZED,1,478,183,200,1024,460,9.86
2026-08-14 16:41:58,ROI_RESIZED,1,478,192,201,1024,460,9.86
2026-08-14 16:41:58,ROI_RESIZED,1,478,199,204,1024,460,9.86
2026-08-14 16:41:58,ROI_RESIZED,1,478,200,207,1024,460,9.86
2026-08-14 16:41:59,ROI_RESIZED,1,478,192,204,1024,460,9.86
2026-08-14 16:41:59,ROI_RESIZED,1,478,193,203,1024,460,9.86
2026-08-14 16:41:59,ROI_RESIZED,1,478,195,202,1024,460,9.86
2026-08-14 16:41:59,ROI_RESIZED,1,478,200,196,1024,460,9.86
2026-08-14 16:41:59,ROI_RESIZED,1,478,205,196,1024,460,9.86
2026-08-14 16:41:59,ROI_RESIZED,1,478,191,196,1024,460,9.86
2026-08-14 16:41:59,ROI_RESIZED,1,478,220,192,1024,460,10.16
2026-08-14 16:41:59,ROI_RESIZED,1,478,213,193,1024,460,10.16
2026-08-14 16:41:59,ROI_RESIZED,1,478,201,203,1024,460,10.16
2026-08-14 16:41:59,ROI_RESIZED,1,478,201,201,1024,460,10.16
2026-08-14 16:42:00,ROI_RESIZED,0,0,0,0,1024,460,10.16
2026-08-14 16:42:00,ROI_RESIZED,1,478,181,188,1024,460,10.16
2026-08-14 16:42:00,ROI_RESIZED,1,478,196,197,1024,460,10.16
2026-08-14 16:42:00,ROI_RESIZED,1,478,194,195,1024,460,10.16
2026-08-14 16:42:00,ROI_RESIZED,1,478,199,206,1024,460,10.16
2026-08-14 16:42:00,ROI_RESIZED,1,478,198,207,1024,460,10.16
2026-08-14 16:42:00,ROI_RESIZED,1,478,201,203,1024,460,10.16
2026-08-14 16:42:00,ROI_RESIZED,1,478,194,199,1024,460,9.96
2026-08-14 16:42:00,ROI_RESIZED,1,478,190,198,1024,460,9.96
2026-08-14 16:42:00,ROI_RESIZED,1,478,192,197,1024,460,9.96
2026-08-14 16:42:00,ROI_RESIZED,1,478,195,201,1024,460,9.96
2026-08-14 16:42:01,ROI_RESIZED,1,478,197,205,1024,460,9.96
2026-08-14 16:42:01,ROI_RESIZED,1,478,196,204,1024,460,9.96
2026-08-14 16:42:01,ROI_RESIZED,1,478,196,204,1024,460,9.96
2026-08-14 16:42:01,ROI_RESIZED,1,478,197,200,1024,460,9.96
2026-08-14 16:42:01,ROI_RESIZED,1,478,191,199,1024,460,9.96
2026-08-14 16:42:01,ROI_RESIZED,1,478,190,198,1024,460,9.96
2026-08-14 16:42:01,ROI_RESIZED,1,478,190,200,1024,460,9.96
2026-08-14 16:42:01,ROI_RESIZED,1,478,192,201,1024,460,10.12
2026-08-14 16:42:01,ROI_RESIZED,1,478,192,202,1024,460,10.12
2026-08-14 16:42:02,ROI_RESIZED,1,478,192,201,1024,460,10.12
2026-08-14 16:42:02,ROI_RESIZED,1,478,192,203,1024,460,10.12
2026-08-14 16:42:02,ROI_RESIZED,1,478,194,205,1024,460,10.12
2026-08-14 16:42:02,ROI_RESIZED,1,478,194,204,1024,460,10.12
2026-08-14 16:42:02,ROI_RESIZED,1,478,195,205,1024,460,10.12
2026-08-14 16:42:02,ROI_RESIZED,1,478,197,206,1024,460,10.12
2026-08-14 16:42:02,ROI_RESIZED,1,478,196,205,1024,460,10.12
2026-08-14 16:42:02,ROI_RESIZED,1,478,196,205,1024,460,10.12
2026-08-14 16:42:02,ROI_RESIZED,1,478,193,202,1024,460,9.93
2026-08-14 16:42:02,ROI_RESIZED,1,478,194,205,1024,460,9.93
2026-08-14 16:42:03,ROI_RESIZED,1,478,205,205,1024,460,9.93
2026-08-14 16:42:03,ROI_RESIZED,1,478,193,197,1024,460,9.93
2026-08-14 16:42:03,ROI_RESIZED,1,478,193,200,1024,460,9.93
2026-08-14 16:42:03,ROI_RESIZED,1,478,191,201,1024,460,9.93
2026-08-14 16:42:03,ROI_RESIZED,1,478,193,200,1024,460,9.93
2026-08-14 16:42:03,ROI_RESIZED,1,478,197,198,1024,460,9.93
2026-08-14 16:42:03,ROI_RESIZED,1,478,194,201,1024,460,9.93
2026-08-14 16:42:03,ROI_RESIZED,1,478,196,201,1024,460,9.93
2026-08-14 16:42:03,ROI_RESIZED,1,478,192,198,1024,460,9.93
2026-08-14 16:42:03,ROI_RESIZED,1,478,196,194,1024,460,10.1
2026-08-14 16:42:03,ROI_RESIZED,1,478,196,194,1024,460,10.1
2026-08-14 16:42:04,ROI_RESIZED,1,478,193,199,1024,460,10.1
2026-08-14 16:42:04,ROI_RESIZED,1,478,192,198,1024,460,10.1
2026-08-14 16:42:04,ROI_RESIZED,1,478,194,200,1024,460,10.1
2026-08-14 16:42:04,ROI_RESIZED,1,478,192,201,1024,460,10.1
2026-08-14 16:42:04,ROI_RESIZED,1,478,188,200,1024,460,10.1
2026-08-14 16:42:04,ROI_RESIZED,1,478,190,202,1024,460,10.1
2026-08-14 16:42:04,ROI_RESIZED,1,478,191,200,1024,460,10.1
2026-08-14 16:42:04,ROI_RESIZED,1,478,188,198,1024,460,10.1
2026-08-14 16:42:04,ROI_RESIZED,1,478,192,199,1024,460,9.91
2026-08-14 16:42:05,ROI_RESIZED,1,478,196,195,1024,460,9.91
2026-08-14 16:42:05,ROI_RESIZED,1,478,201,200,1024,460,9.91
2026-08-14 16:42:05,ROI_RESIZED,1,478,193,196,1024,460,9.91
2026-08-14 16:42:05,ROI_RESIZED,1,478,195,197,1024,460,9.91
2026-08-14 16:42:05,ROI_RESIZED,1,478,198,206,1024,460,9.91
2026-08-14 16:42:05,ROI_RESIZED,1,478,198,208,1024,460,9.91
2026-08-14 16:42:05,ROI_RESIZED,1,478,197,199,1024,460,9.91
2026-08-14 16:42:05,ROI_RESIZED,1,478,193,198,1024,460,9.91
2026-08-14 16:42:05,ROI_RESIZED,1,478,192,202,1024,460,9.91
2026-08-14 16:42:05,ROI_RESIZED,1,478,190,201,1024,460,9.91
2026-08-14 16:42:05,ROI_RESIZED,1,478,186,200,1024,460,10.08
2026-08-14 16:42:06,ROI_RESIZED,1,478,199,200,1024,460,10.08
2026-08-14 16:42:06,ROI_RESIZED,1,478,201,202,1024,460,10.08
2026-08-14 16:42:06,ROI_RESIZED,1,478,194,201,1024,460,10.08
2026-08-14 16:42:06,ROI_RESIZED,1,478,195,199,1024,460,10.08
2026-08-14 16:42:06,ROI_RESIZED,1,478,195,201,1024,460,10.08
2026-08-14 16:42:06,ROI_RESIZED,1,478,195,202,1024,460,10.08
2026-08-14 16:42:06,ROI_RESIZED,1,478,194,202,1024,460,10.08
2026-08-14 16:42:06,ROI_RESIZED,1,478,194,206,1024,460,10.08
2026-08-14 16:42:06,ROI_RESIZED,1,478,196,206,1024,460,10.08
2026-08-14 16:42:06,ROI_RESIZED,1,478,196,205,1024,460,9.97
2026-08-14 16:42:07,ROI_RESIZED,1,478,199,201,1024,460,9.97
2026-08-14 16:42:07,ROI_RESIZED,1,478,198,199,1024,460,9.97
2026-08-14 16:42:07,ROI_RESIZED,1,478,199,203,1024,460,9.97
2026-08-14 16:42:07,ROI_RESIZED,1,478,203,208,1024,460,9.97
2026-08-14 16:42:07,ROI_RESIZED,1,478,203,208,1024,460,9.97
2026-08-14 16:42:07,ROI_RESIZED,1,478,203,211,1024,460,9.97
2026-08-14 16:42:07,ROI_RESIZED,1,478,203,211,1024,460,9.97
2026-08-14 16:42:07,ROI_RESIZED,1,478,200,203,1024,460,9.97
2026-08-14 16:42:07,ROI_RESIZED,1,478,195,202,1024,460,9.97
2026-08-14 16:42:07,ROI_RESIZED,1,478,191,201,1024,460,9.97
2026-08-14 16:42:08,ROI_RESIZED,1,478,189,201,1024,460,10.05
2026-08-14 16:42:08,ROI_RESIZED,1,478,192,203,1024,460,10.05
2026-08-14 16:42:08,ROI_RESIZED,1,478,196,205,1024,460,10.05
2026-08-14 16:42:08,ROI_RESIZED,1,478,199,206,1024,460,10.05
2026-08-14 16:42:08,ROI_RESIZED,1,478,198,207,1024,460,10.05
2026-08-14 16:42:08,ROI_RESIZED,1,478,196,207,1024,460,10.05
2026-08-14 16:42:08,ROI_RESIZED,1,478,195,207,1024,460,10.05
2026-08-14 16:42:08,ROI_RESIZED,1,478,193,207,1024,460,10.05
2026-08-14 16:42:08,ROI_RESIZED,1,478,192,205,1024,460,10.05
2026-08-14 16:42:08,ROI_RESIZED,1,478,192,204,1024,460,10.05
2026-08-14 16:42:09,ROI_RESIZED,1,478,191,202,1024,460,10.05
2026-08-14 16:42:09,ROI_RESIZED,1,478,190,201,1024,460,9.95
2026-08-14 16:42:09,ROI_RESIZED,1,478,191,202,1024,460,9.95
2026-08-14 16:42:09,ROI_RESIZED,1,478,191,202,1024,460,9.95
2026-08-14 16:42:09,ROI_RESIZED,1,478,189,202,1024,460,9.95
2026-08-14 16:42:09,ROI_RESIZED,1,478,190,202,1024,460,9.95
2026-08-14 16:42:09,ROI_RESIZED,1,478,190,202,1024,460,9.95
2026-08-14 16:42:09,ROI_RESIZED,1,478,191,202,1024,460,9.95
2026-08-14 16:42:09,ROI_RESIZED,1,478,190,201,1024,460,9.95
2026-08-14 16:42:09,ROI_RESIZED,1,478,190,201,1024,460,9.95
2026-08-14 16:42:10,ROI_RESIZED,1,478,191,199,1024,460,9.95
2026-08-14 16:42:10,ROI_RESIZED,1,478,191,195,1024,460,9.95
2026-08-14 16:42:10,ROI_RESIZED,1,478,189,190,1024,460,10.19
2026-08-14 16:42:10,ROI_RESIZED,1,478,196,200,1024,460,10.19
2026-08-14 16:42:10,ROI_RESIZED,1,478,198,203,1024,460,10.19
2026-08-18 17:54:38,ROI_RESIZED,0,0,0,0,1130,497,0.23
2026-08-18 17:54:38,ROI_RESIZED,1,478,251,270,1130,497,0.23
2026-08-18 17:54:38,ROI_RESIZED,1,478,254,274,1130,497,0.23
2026-08-18 17:54:38,ROI_RESIZED,1,478,256,275,1130,497,0.23
2026-08-18 17:54:38,ROI_RESIZED,1,478,254,275,1130,497,0.23
2026-08-18 17:54:38,ROI_RESIZED,1,478,256,275,1130,497,0.23
2026-08-18 17:54:39,ROI_RESIZED,1,478,251,275,1130,497,0.23
2026-08-18 17:54:39,ROI_RESIZED,1,478,251,275,1130,497,0.23
2026-08-18 17:54:39,ROI_RESIZED,1,478,251,276,1130,497,0.23
2026-08-18 17:54:39,ROI_RESIZED,1,478,252,276,1130,497,0.23
2026-08-18 17:54:39,ROI_RESIZED,1,478,261,276,1130,497,9.83
2026-08-18 17:54:39,ROI_RESIZED,1,478,261,279,1130,497,9.83
2026-08-18 17:54:39,ROI_RESIZED,1,478,260,278,1130,497,9.83
2026-08-18 17:54:39,ROI_RESIZED,1,478,260,277,1130,497,9.83
2026-08-18 17:54:39,ROI_RESIZED,1,478,260,277,1130,497,9.83
2026-08-18 17:54:39,ROI_RESIZED,1,478,264,278,1130,497,9.83
2026-08-18 17:54:39,ROI_RESIZED,1,478,268,277,1130,497,9.83
2026-08-18 17:54:40,ROI_RESIZED,1,478,283,281,1130,497,9.83
2026-08-18 17:54:40,ROI_RESIZED,1,478,283,276,1130,497,9.83
2026-08-18 17:54:40,ROI_RESIZED,1,478,273,277,1130,497,9.83
2026-08-18 17:54:40,ROI_RESIZED,1,478,273,279,1130,497,9.83
2026-08-18 17:54:40,ROI_RESIZED,1,478,273,279,1130,497,10.14
2026-08-18 17:54:40,ROI_RESIZED,1,478,274,279,1130,497,10.14
2026-08-18 17:54:40,ROI_RESIZED,1,478,270,282,1130,497,10.14
2026-08-18 17:54:40,ROI_RESIZED,1,478,272,283,1130,497,10.14
2026-08-18 17:54:40,ROI_RESIZED,1,478,266,284,1130,497,10.14
2026-08-18 17:54:41,ROI_RESIZED,1,478,265,283,1130,497,10.14
2026-08-18 17:54:41,ROI_RESIZED,1,478,265,281,1130,497,10.14
2026-08-18 17:54:41,ROI_RESIZED,1,478,265,277,1130,497,10.14
2026-08-18 17:54:41,ROI_RESIZED,1,478,262,270,1130,497,10.14
2026-08-18 17:54:41,ROI_RESIZED,1,478,263,275,1130,497,10.14
2026-08-18 17:54:41,ROI_RESIZED,1,478,249,269,1130,497,9.86
2026-08-18 17:54:41,ROI_RESIZED,1,478,239,264,1130,497,9.86
2026-08-18 17:54:41,ROI_RESIZED,1,478,237,260,1130,497,9.86
2026-08-18 17:54:41,ROI_RESIZED,1,478,239,259,1130,497,9.86
2026-08-18 17:54:41,ROI_RESIZED,1,478,242,263,1130,497,9.86
2026-08-18 17:54:41,ROI_RESIZED,1,478,250,264,1130,497,9.86
2026-08-18 17:54:42,ROI_RESIZED,1,478,247,264,1130,497,9.86
2026-08-18 17:54:42,ROI_RESIZED,1,478,247,265,1130,497,9.86
2026-08-18 17:54:42,ROI_RESIZED,1,478,249,267,1130,497,9.86
2026-08-18 17:54:42,ROI_RESIZED,1,478,247,267,1130,497,9.86
2026-08-18 17:54:42,ROI_RESIZED,1,478,245,267,1130,497,9.86
2026-08-18 17:54:42,ROI_RESIZED,1,478,246,269,1130,497,10.15
2026-08-18 17:54:42,ROI_RESIZED,1,478,245,271,1130,497,10.15
2026-08-18 17:54:42,ROI_RESIZED,1,478,246,274,1130,497,10.15
2026-08-18 17:54:42,ROI_RESIZED,1,478,247,274,1130,497,10.15
2026-08-18 17:54:42,ROI_RESIZED,1,478,247,274,1130,497,10.15
2026-08-18 17:54:43,ROI_RESIZED,1,478,243,275,1130,497,10.15
2026-08-18 17:54:43,ROI_RESIZED,1,478,239,275,1130,497,10.15
2026-08-18 17:54:43,ROI_RESIZED,1,478,240,274,1130,497,10.15
2026-08-18 17:54:43,ROI_RESIZED,1,478,239,274,1130,497,10.15
2026-08-18 17:54:43,ROI_RESIZED,1,478,240,276,1130,497,10.15
2026-08-18 17:54:43,ROI_RESIZED,1,478,240,276,1130,497,9.95
2026-08-18 17:54:43,ROI_RESIZED,1,478,240,276,1130,497,9.95
2026-08-18 17:54:43,ROI_RESIZED,1,478,239,276,1130,497,9.95
2026-08-18 17:54:43,ROI_RESIZED,1,478,240,276,1130,497,9.95
2026-08-18 17:54:43,ROI_RESIZED,1,478,240,274,1130,497,9.95
2026-08-18 17:54:44,ROI_RESIZED,1,478,240,276,1130,497,9.95
2026-08-18 17:54:44,ROI_RESIZED,1,478,240,276,1130,497,9.95
2026-08-18 17:54:44,ROI_RESIZED,1,478,238,274,1130,497,9.95
2026-08-18 17:54:44,ROI_RESIZED,1,478,255,258,1130,497,9.95
2026-08-18 17:54:44,ROI_RESIZED,0,0,0,0,1130,497,9.95
2026-08-18 17:54:44,ROI_RESIZED,0,0,0,0,1130,497,9.95
2026-08-18 17:54:44,ROI_RESIZED,0,0,0,0,1130,497,10.1
2026-08-18 17:54:44,ROI_RESIZED,0,0,0,0,1130,497,10.1
2026-08-18 17:54:44,ROI_RESIZED,0,0,0,0,1130,497,10.1
2026-08-18 17:54:44,ROI_RESIZED,0,0,0,0,1130,497,10.1
2026-08-18 17:54:45,ROI_RESIZED,0,0,0,0,1130,497,10.1
2026-08-18 17:54:45,ROI_RESIZED,0,0,0,0,1130,497,10.1
2026-08-18 17:54:45,ROI_RESIZED,0,0,0,0,1130,497,10.1
2026-08-18 17:54:45,ROI_RESIZED,0,0,0,0,1130,497,10.1
2026-08-18 17:54:45,ROI_RESIZED,0,0,0,0,1130,497,10.1
2026-08-18 17:54:45,ROI_RESIZED,0,0,0,0,1130,497,10.1
2026-08-18 17:54:45,ROI_RESIZED,0,0,0,0,1130,497,9.87
2026-08-18 17:54:45,ROI_RESIZED,0,0,0,0,1130,497,9.87
2026-08-18 17:54:45,ROI_RESIZED,0,0,0,0,1130,497,9.87
2026-08-18 17:54:45,ROI_RESIZED,0,0,0,0,1130,497,9.87
2026-08-18 17:54:46,ROI_RESIZED,0,0,0,0,1130,497,9.87
2026-08-18 17:54:46,ROI_RESIZED,0,0,0,0,1130,497,9.87
2026-08-18 17:54:46,ROI_RESIZED,0,0,0,0,1130,497,9.87
2026-08-18 17:54:46,ROI_RESIZED,1,478,255,242,1130,497,9.87
2026-08-18 17:54:46,ROI_RESIZED,1,478,275,256,1130,497,9.87
2026-08-18 17:54:46,ROI_RESIZED,1,478,275,268,1130,497,9.87
2026-08-18 17:54:46,ROI_RESIZED,1,478,269,280,1130,497,9.87
2026-08-18 17:54:46,ROI_RESIZED,1,478,268,279,1130,497,10.13
2026-08-18 17:54:46,ROI_RESIZED,1,478,261,277,1130,497,10.13
2026-08-18 17:54:46,ROI_RESIZED,1,478,258,277,1130,497,10.13
2026-08-18 17:54:47,ROI_RESIZED,1,478,255,275,1130,497,10.13
2026-08-18 17:54:47,ROI_RESIZED,1,478,254,274,1130,497,10.13
2026-08-18 17:54:47,ROI_RESIZED,1,478,252,275,1130,497,10.13
2026-08-18 17:54:47,ROI_RESIZED,1,478,253,276,1130,497,10.13
2026-08-18 17:54:47,ROI_RESIZED,1,478,255,275,1130,497,10.13
2026-08-18 17:54:47,ROI_RESIZED,1,478,255,275,1130,497,10.13
2026-08-18 17:54:47,ROI_RESIZED,1,478,253,275,1130,497,10.13
2026-08-18 17:54:47,ROI_RESIZED,1,478,258,277,1130,497,9.88
2026-08-18 17:54:47,ROI_RESIZED,0,0,0,0,1130,497,9.88
2026-08-18 17:54:47,ROI_RESIZED,0,0,0,0,1130,497,9.88
2026-08-18 17:54:48,ROI_RESIZED,0,0,0,0,1130,497,9.88
2026-08-18 17:54:48,ROI_RESIZED,0,0,0,0,1130,497,9.88
2026-08-18 17:54:48,ROI_RESIZED,0,0,0,0,1130,497,9.88
2026-08-18 17:54:48,ROI_RESIZED,0,0,0,0,1130,497,9.88
2026-08-18 17:54:48,ROI_RESIZED,0,0,0,0,1130,497,9.88
2026-08-18 17:54:48,ROI_RESIZED,1,478,262,251,1130,497,9.88
2026-08-18 17:54:48,ROI_RESIZED,1,478,301,274,1130,497,9.88
2026-08-18 17:54:48,ROI_RESIZED,1,478,317,285,1130,497,9.88
2026-08-18 17:54:48,ROI_RESIZED,1,478,313,285,1130,497,10.15
2026-08-18 17:54:48,ROI_RESIZED,1,478,311,284,1130,497,10.15
2026-08-18 17:54:49,ROI_RESIZED,1,478,301,285,1130,497,10.15
2026-08-18 17:54:49,ROI_RESIZED,1,478,292,283,1130,497,10.15
2026-08-18 17:54:49,ROI_RESIZED,1,478,282,282,1130,497,10.15
2026-08-18 17:54:49,ROI_RESIZED,1,478,280,285,1130,497,10.15
2026-08-18 17:54:49,ROI_RESIZED,1,478,275,286,1130,497,10.15
2026-08-18 17:54:49,ROI_RESIZED,1,478,274,288,1130,497,10.15
2026-08-18 17:54:49,ROI_RESIZED,1,478,273,288,1130,497,10.15
2026-08-18 17:54:49,ROI_RESIZED,1,478,274,288,1130,497,10.15
2026-08-18 17:54:49,ROI_RESIZED,1,478,273,287,1130,497,9.88
2026-08-18 17:54:49,ROI_RESIZED,1,478,272,287,1130,497,9.88
2026-08-18 17:54:50,ROI_RESIZED,1,478,271,287,1130,497,9.88
2026-08-18 17:54:50,ROI_RESIZED,1,478,270,285,1130,497,9.88
2026-08-18 17:54:50,ROI_RESIZED,1,478,266,284,1130,497,9.88
2026-08-18 17:54:50,ROI_RESIZED,1,478,266,284,1130,497,9.88
2026-08-18 17:54:50,ROI_RESIZED,1,478,266,284,1130,497,9.88
2026-08-18 17:54:50,ROI_RESIZED,1,478,267,284,1130,497,9.88
2026-08-18 17:54:50,ROI_RESIZED,1,478,265,282,1130,497,9.88
2026-08-18 17:54:50,ROI_RESIZED,1,478,266,281,1130,497,9.88
2026-08-18 17:54:50,ROI_RESIZED,1,478,266,283,1130,497,9.88
2026-08-18 17:54:50,ROI_RESIZED,1,478,258,280,1130,497,10.18
2026-08-18 17:54:51,ROI_RESIZED,1,478,265,277,1130,497,10.18
2026-08-18 17:54:51,ROI_RESIZED,0,0,0,0,1130,497,10.18
2026-08-18 17:54:51,ROI_RESIZED,0,0,0,0,1130,497,10.18
2026-08-18 17:54:51,ROI_RESIZED,0,0,0,0,1130,497,10.18
2026-08-18 17:54:51,ROI_RESIZED,0,0,0,0,1130,497,10.18
2026-08-18 17:54:51,ROI_RESIZED,0,0,0,0,1130,497,10.18
2026-08-18 17:54:51,ROI_RESIZED,0,0,0,0,1130,497,10.18
2026-08-18 17:54:51,ROI_RESIZED,0,0,0,0,1130,497,10.18
2026-08-18 17:54:51,ROI_RESIZED,0,0,0,0,1130,497,10.18
2026-08-18 17:54:51,ROI_RESIZED,0,0,0,0,1130,497,10.18
2026-08-18 17:54:52,ROI_RESIZED,0,0,0,0,1130,497,9.94
2026-08-18 17:54:52,ROI_RESIZED,0,0,0,0,1130,497,9.94
2026-08-18 17:54:52,ROI_RESIZED,0,0,0,0,1130,497,9.94
2026-08-18 17:54:52,ROI_RESIZED,0,0,0,0,1130,497,9.94
2026-08-18 17:54:52,ROI_RESIZED,0,0,0,0,1130,497,9.94
2026-08-18 17:54:52,ROI_RESIZED,0,0,0,0,1130,497,9.94
2026-08-18 17:54:52,ROI_RESIZED,0,0,0,0,1130,497,9.94
2026-08-18 17:54:52,ROI_RESIZED,0,0,0,0,1130,497,9.94
2026-08-18 17:54:52,ROI_RESIZED,0,0,0,0,1130,497,9.94
2026-08-18 17:54:52,ROI_RESIZED,0,0,0,0,1130,497,9.94
2026-08-18 17:54:53,ROI_RESIZED,0,0,0,0,1130,497,9.94
2026-08-18 17:54:53,ROI_RESIZED,0,0,0,0,1130,497,10.14
2026-08-18 17:54:53,ROI_RESIZED,0,0,0,0,1130,497,10.14
2026-08-18 17:54:53,ROI_RESIZED,0,0,0,0,1130,497,10.14
2026-08-18 17:54:53,ROI_RESIZED,0,0,0,0,1130,497,10.14
2026-08-18 17:54:53,ROI_RESIZED,0,0,0,0,1130,497,10.14
2026-08-18 17:54:53,ROI_RESIZED,0,0,0,0,1130,497,10.14
2026-08-18 17:54:53,ROI_RESIZED,0,0,0,0,1130,497,10.14
2026-08-18 17:54:53,ROI_RESIZED,0,0,0,0,1130,497,10.14
2026-08-18 17:54:53,ROI_RESIZED,0,0,0,0,1130,497,10.14
2026-08-18 17:54:54,ROI_RESIZED,0,0,0,0,1130,497,10.14
2026-08-18 17:54:54,ROI_RESIZED,0,0,0,0,1130,497,9.94
2026-08-18 17:54:54,ROI_RESIZED,1,478,239,223,1130,497,9.94
2026-08-18 17:54:54,ROI_RESIZED,1,478,252,236,1130,497,9.94
2026-08-18 17:54:54,ROI_RESIZED,1,478,248,246,1130,497,9.94
2026-08-18 17:54:54,ROI_RESIZED,1,478,250,264,1130,497,9.94
2026-08-18 17:54:54,ROI_RESIZED,1,478,268,277,1130,497,9.94
2026-08-18 17:54:54,ROI_RESIZED,1,478,264,274,1130,497,9.94
2026-08-18 17:54:54,ROI_RESIZED,1,478,274,275,1130,497,9.94
2026-08-18 17:54:54,ROI_RESIZED,1,478,283,275,1130,497,9.94
2026-08-18 17:54:55,ROI_RESIZED,1,478,276,274,1130,497,9.94
2026-08-18 17:54:55,ROI_RESIZED,1,478,284,269,1130,497,9.94
2026-08-18 17:54:55,ROI_RESIZED,0,0,0,0,1130,497,10.11
2026-08-18 17:54:55,ROI_RESIZED,1,478,262,227,1130,497,10.11
2026-08-18 17:54:55,ROI_RESIZED,0,0,0,0,1130,497,10.11
2026-08-18 17:54:55,ROI_RESIZED,0,0,0,0,1130,497,10.11
2026-08-18 17:54:55,ROI_RESIZED,0,0,0,0,1130,497,10.11
2026-08-18 17:54:55,ROI_RESIZED,0,0,0,0,1130,497,10.11
2026-08-18 17:54:55,ROI_RESIZED,0,0,0,0,1130,497,10.11
2026-08-18 17:54:55,ROI_RESIZED,0,0,0,0,1130,497,10.11
2026-08-18 17:54:56,ROI_RESIZED,1,478,219,234,1130,497,10.11
2026-08-18 17:54:56,ROI_RESIZED,0,0,0,0,1130,497,10.11
2026-08-18 17:54:56,ROI_RESIZED,0,0,0,0,1130,497,9.9
2026-08-18 17:54:56,ROI_RESIZED,0,0,0,0,1130,497,9.9
2026-08-18 17:54:56,ROI_RESIZED,0,0,0,0,1130,497,9.9
2026-08-18 17:54:56,ROI_RESIZED,0,0,0,0,1130,497,9.9
2026-08-18 17:54:56,ROI_RESIZED,0,0,0,0,1130,497,9.9
2026-08-18 17:54:56,ROI_RESIZED,0,0,0,0,1130,497,9.9
2026-08-18 17:54:56,ROI_RESIZED,0,0,0,0,1130,497,9.9
2026-08-18 17:54:56,ROI_RESIZED,0,0,0,0,1130,497,9.9
2026-08-18 17:54:57,ROI_RESIZED,0,0,0,0,1130,497,9.9
2026-08-18 17:54:57,ROI_RESIZED,0,0,0,0,1130,497,9.9
2026-08-18 17:54:57,ROI_RESIZED,0,0,0,0,1130,497,9.9
2026-08-18 17:54:57,ROI_RESIZED,0,0,0,0,1130,497,10.08
2026-08-18 17:54:57,ROI_RESIZED,0,0,0,0,1130,497,10.08
2026-08-18 17:54:57,ROI_RESIZED,0,0,0,0,1130,497,10.08
2026-08-18 17:54:57,ROI_RESIZED,0,0,0,0,1130,497,10.08
2026-08-18 17:54:57,ROI_RESIZED,0,0,0,0,1130,497,10.08
2026-08-18 17:54:57,ROI_RESIZED,0,0,0,0,1130,497,10.08
2026-08-18 17:54:57,ROI_RESIZED,0,0,0,0,1130,497,10.08
2026-08-18 17:54:58,ROI_RESIZED,0,0,0,0,1130,497,10.08
2026-08-18 17:54:58,ROI_RESIZED,0,0,0,0,1130,497,10.08
2026-08-18 17:54:58,ROI_RESIZED,0,0,0,0,1130,497,10.08
2026-08-18 17:54:58,ROI_RESIZED,0,0,0,0,1130,497,9.93
2026-08-18 17:54:58,ROI_RESIZED,0,0,0,0,1130,497,9.93
2026-08-18 17:54:58,ROI_RESIZED,0,0,0,0,1130,497,9.93
2026-08-18 17:54:58,ROI_RESIZED,0,0,0,0,1130,497,9.93
2026-08-18 17:54:58,ROI_RESIZED,0,0,0,0,1130,497,9.93
2026-08-18 17:54:58,ROI_RESIZED,0,0,0,0,1130,497,9.93
2026-08-18 17:54:58,ROI_RESIZED,0,0,0,0,1130,497,9.93
2026-08-18 17:54:59,ROI_RESIZED,0,0,0,0,1130,497,9.93
2026-08-18 17:54:59,ROI_RESIZED,0,0,0,0,1130,497,9.93
2026-08-18 17:54:59,ROI_RESIZED,0,0,0,0,1130,497,9.93
2026-08-18 17:54:59,ROI_RESIZED,0,0,0,0,1130,497,9.93
2026-08-18 17:54:59,ROI_RESIZED,0,0,0,0,1130,497,10.01
2026-08-18 17:54:59,ROI_RESIZED,0,0,0,0,1130,497,10.01
2026-08-18 17:54:59,ROI_RESIZED,0,0,0,0,1130,497,10.01
2026-08-18 17:54:59,ROI_RESIZED,0,0,0,0,1130,497,10.01
2026-08-18 17:54:59,ROI_RESIZED,0,0,0,0,1130,497,10.01
2026-08-18 17:54:59,ROI_RESIZED,0,0,0,0,1130,497,10.01
2026-08-18 17:55:00,ROI_RESIZED,0,0,0,0,1130,497,10.01
2026-08-18 17:55:00,ROI_RESIZED,0,0,0,0,1130,497,10.01
2026-08-18 17:55:00,ROI_RESIZED,0,0,0,0,1130,497,10.01
2026-08-18 17:55:00,ROI_RESIZED,0,0,0,0,1130,497,10.01
2026-08-18 17:55:00,ROI_RESIZED,0,0,0,0,1130,497,10.01
2026-08-18 17:55:00,ROI_RESIZED,0,0,0,0,1130,497,10.04
2026-08-18 17:55:00,ROI_RESIZED,0,0,0,0,1130,497,10.04
2026-08-18 17:55:00,ROI_RESIZED,0,0,0,0,1130,497,10.04
2026-08-18 17:55:00,ROI_RESIZED,0,0,0,0,1130,497,10.04
2026-08-18 17:55:00,ROI_RESIZED,0,0,0,0,1130,497,10.04
2026-08-18 17:55:01,ROI_RESIZED,0,0,0,0,1130,497,10.04
2026-08-18 17:55:01,ROI_RESIZED,0,0,0,0,1130,497,10.04
2026-08-18 17:55:01,ROI_RESIZED,0,0,0,0,1130,497,10.04
2026-08-18 17:55:01,ROI_RESIZED,1,478,252,213,1130,497,10.04
2026-08-18 17:55:01,ROI_RESIZED,1,478,259,226,1130,497,10.04
2026-08-18 17:55:01,ROI_RESIZED,1,478,286,238,1130,497,10.04
2026-08-18 17:55:01,ROI_RESIZED,0,0,0,0,1130,497,10.11
2026-08-18 17:55:01,ROI_RESIZED,1,478,332,276,1130,497,10.11
2026-08-18 17:55:01,ROI_RESIZED,1,478,325,280,1130,497,10.11
2026-08-18 17:55:01,ROI_RESIZED,0,0,0,0,1130,497,10.11
2026-08-18 17:55:02,ROI_RESIZED,1,478,350,277,1130,497,10.11
2026-08-18 17:55:02,ROI_RESIZED,1,478,366,283,1130,497,10.11
2026-08-18 17:55:02,ROI_RESIZED,1,478,373,292,1130,497,10.11
2026-08-18 17:55:02,ROI_RESIZED,1,478,391,294,1130,497,10.11
2026-08-18 17:55:02,ROI_RESIZED,1,478,376,293,1130,497,10.11
2026-08-18 17:55:02,ROI_RESIZED,1,478,370,304,1130,497,10.11
2026-08-18 17:55:02,ROI_RESIZED,1,478,398,332,1130,497,9.84
2026-08-18 17:55:02,ROI_RESIZED,1,478,392,339,1130,497,9.84
2026-08-18 17:55:02,ROI_RESIZED,0,0,0,0,1130,497,9.84
2026-08-18 17:55:02,ROI_RESIZED,1,478,267,246,1130,497,9.84
2026-08-18 17:55:03,ROI_RESIZED,0,0,0,0,1130,497,9.84
2026-08-18 17:55:03,ROI_RESIZED,0,0,0,0,1130,497,9.84
2026-08-18 17:55:03,ROI_RESIZED,0,0,0,0,1130,497,9.84
2026-08-18 17:55:03,ROI_RESIZED,0,0,0,0,1130,497,9.84
2026-08-18 17:55:03,ROI_RESIZED,0,0,0,0,1130,497,9.84
2026-08-18 17:55:03,ROI_RESIZED,0,0,0,0,1130,497,9.84
2026-08-18 17:55:03,ROI_RESIZED,0,0,0,0,1130,497,9.84
2026-08-18 17:55:03,ROI_RESIZED,0,0,0,0,1130,497,10.2
2026-08-18 17:55:03,ROI_RESIZED,0,0,0,0,1130,497,10.2
2026-08-18 17:55:03,ROI_RESIZED,0,0,0,0,1130,497,10.2
2026-08-18 17:55:04,ROI_RESIZED,0,0,0,0,1130,497,10.2
2026-08-18 17:55:04,ROI_RESIZED,0,0,0,0,1130,497,10.2
2026-08-18 17:55:04,ROI_RESIZED,0,0,0,0,1130,497,10.2
2026-08-18 17:55:04,ROI_RESIZED,0,0,0,0,1130,497,10.2
2026-08-18 17:55:04,ROI_RESIZED,0,0,0,0,1130,497,10.2
2026-08-18 17:55:04,ROI_RESIZED,0,0,0,0,1130,497,10.2
2026-08-18 17:55:04,ROI_RESIZED,0,0,0,0,1130,497,10.2
2026-08-18 17:55:04,ROI_RESIZED,0,0,0,0,1130,497,9.86
2026-08-18 17:55:04,ROI_RESIZED,0,0,0,0,1130,497,9.86
2026-08-18 17:55:04,ROI_RESIZED,0,0,0,0,1130,497,9.86
2026-08-18 17:55:05,ROI_RESIZED,0,0,0,0,1130,497,9.86
2026-08-18 17:55:05,ROI_RESIZED,0,0,0,0,1130,497,9.86
2026-08-18 17:55:05,ROI_RESIZED,0,0,0,0,1130,497,9.86
2026-08-18 17:55:05,ROI_RESIZED,0,0,0,0,1130,497,9.86
2026-08-18 17:55:05,ROI_RESIZED,0,0,0,0,1130,497,9.86
2026-08-18 17:55:05,ROI_RESIZED,0,0,0,0,1130,497,9.86
2026-08-18 17:55:05,ROI_RESIZED,0,0,0,0,1130,497,9.86
2026-08-18 17:55:05,ROI_RESIZED,0,0,0,0,1130,497,9.86
2026-08-18 17:55:05,ROI_RESIZED,0,0,0,0,1130,497,10.16
2026-08-18 17:55:05,ROI_RESIZED,0,0,0,0,1130,497,10.16
2026-08-18 17:55:06,ROI_RESIZED,1,478,220,224,1130,497,10.16
2026-08-18 17:55:06,ROI_RESIZED,1,478,232,236,1130,497,10.16
2026-08-18 17:55:06,ROI_RESIZED,0,0,0,0,1130,497,10.16
2026-08-18 17:55:06,ROI_RESIZED,0,0,0,0,1130,497,10.16
2026-08-18 17:55:06,ROI_RESIZED,0,0,0,0,1130,497,10.16
2026-08-18 17:55:06,ROI_RESIZED,0,0,0,0,1130,497,10.16
2026-08-18 17:55:06,ROI_RESIZED,0,0,0,0,1130,497,10.16
2026-08-18 17:55:06,ROI_RESIZED,0,0,0,0,1130,497,10.16
2026-08-18 17:55:06,ROI_RESIZED,0,0,0,0,1130,497,9.86
2026-08-18 17:55:06,ROI_RESIZED,0,0,0,0,1130,497,9.86
2026-08-18 17:55:07,ROI_RESIZED,1,478,242,224,1130,497,9.86
2026-08-18 17:55:07,ROI_RESIZED,1,478,242,241,1130,497,9.86
2026-08-18 17:55:07,ROI_RESIZED,1,478,245,241,1130,497,9.86
2026-08-18 17:55:07,ROI_RESIZED,1,478,241,242,1130,497,9.86
2026-08-18 17:55:07,ROI_RESIZED,1,478,239,243,1130,497,9.86
2026-08-18 17:55:07,ROI_RESIZED,0,0,0,0,1130,497,9.86
2026-08-18 17:55:07,ROI_RESIZED,1,478,244,227,1130,497,9.86
2026-08-18 17:55:07,ROI_RESIZED,0,0,0,0,1130,497,9.86
2026-08-18 17:55:07,ROI_RESIZED,0,0,0,0,1130,497,9.86
2026-08-18 17:55:07,ROI_RESIZED,0,0,0,0,1130,497,10.16
2026-08-18 17:55:08,ROI_RESIZED,0,0,0,0,1130,497,10.16
2026-08-18 17:55:08,ROI_RESIZED,0,0,0,0,1130,497,10.16
2026-08-18 17:55:08,ROI_RESIZED,0,0,0,0,1130,497,10.16
2026-08-18 17:55:08,ROI_RESIZED,1,478,237,242,1130,497,10.16
2026-08-18 17:55:08,ROI_RESIZED,1,478,230,248,1130,497,10.16
2026-08-18 17:55:08,ROI_RESIZED,1,478,237,249,1130,497,10.16
2026-08-18 17:55:08,ROI_RESIZED,1,478,252,243,1130,497,10.16
2026-08-18 17:55:08,ROI_RESIZED,1,478,261,238,1130,497,10.16
2026-08-18 17:55:08,ROI_RESIZED,0,0,0,0,1130,497,10.16
2026-08-18 17:55:08,ROI_RESIZED,0,0,0,0,1130,497,10.16
2026-08-18 17:55:09,ROI_RESIZED,1,478,231,230,1130,497,9.96
2026-08-18 17:55:09,ROI_RESIZED,1,478,231,229,1130,497,9.96
2026-08-18 17:55:09,ROI_RESIZED,0,0,0,0,1130,497,9.96
2026-08-18 17:55:09,ROI_RESIZED,0,0,0,0,1130,497,9.96
2026-08-18 17:55:09,ROI_RESIZED,0,0,0,0,1130,497,9.96
2026-08-18 17:55:09,ROI_RESIZED,0,0,0,0,1130,497,9.96
2026-08-18 17:55:09,ROI_RESIZED,0,0,0,0,1130,497,9.96
2026-08-18 17:55:09,ROI_RESIZED,0,0,0,0,1130,497,9.96
2026-08-18 17:55:09,ROI_RESIZED,0,0,0,0,1130,497,9.96
2026-08-18 17:55:09,ROI_RESIZED,0,0,0,0,1130,497,9.96
2026-08-18 17:55:10,ROI_RESIZED,0,0,0,0,1130,497,9.96
2026-08-18 17:55:10,ROI_RESIZED,0,0,0,0,1130,497,10.1
2026-08-18 17:55:10,ROI_RESIZED,0,0,0,0,1130,497,10.1
2026-08-18 17:55:10,ROI_RESIZED,0,0,0,0,1130,497,10.1
2026-08-18 17:55:10,ROI_RESIZED,0,0,0,0,1130,497,10.1
2026-08-18 17:55:10,ROI_RESIZED,0,0,0,0,1130,497,10.1
2026-08-18 17:55:10,ROI_RESIZED,0,0,0,0,1130,497,10.1
2026-08-18 17:55:10,ROI_RESIZED,0,0,0,0,1130,497,10.1
2026-08-18 17:55:10,ROI_RESIZED,0,0,0,0,1130,497,10.1
2026-08-18 17:55:10,ROI_RESIZED,0,0,0,0,1130,497,10.1
2026-08-18 17:55:11,ROI_RESIZED,0,0,0,0,1130,497,10.1
2026-08-18 17:55:11,ROI_RESIZED,0,0,0,0,1130,497,9.93
2026-08-18 17:55:11,ROI_RESIZED,0,0,0,0,1130,497,9.93
2026-08-18 17:55:11,ROI_RESIZED,0,0,0,0,1130,497,9.93
2026-08-18 17:55:11,ROI_RESIZED,0,0,0,0,1130,497,9.93
2026-08-18 17:55:11,ROI_RESIZED,0,0,0,0,1130,497,9.93
2026-08-18 17:55:11,ROI_RESIZED,0,0,0,0,1130,497,9.93
2026-08-18 17:55:11,ROI_RESIZED,1,478,239,227,1130,497,9.93
2026-08-18 17:55:11,ROI_RESIZED,0,0,0,0,1130,497,9.93
2026-08-18 17:55:11,ROI_RESIZED,0,0,0,0,1130,497,9.93
2026-08-18 17:55:12,ROI_RESIZED,0,0,0,0,1130,497,9.93
2026-08-18 17:55:12,ROI_RESIZED,0,0,0,0,1130,497,9.93
2026-08-18 17:55:12,ROI_RESIZED,0,0,0,0,1130,497,10.11
2026-08-18 17:55:12,ROI_RESIZED,0,0,0,0,1130,497,10.11
2026-08-18 17:55:12,ROI_RESIZED,0,0,0,0,1130,497,10.11
2026-08-18 17:55:12,ROI_RESIZED,0,0,0,0,1130,497,10.11
2026-08-18 17:55:12,ROI_RESIZED,0,0,0,0,1130,497,10.11
2026-08-18 17:55:12,ROI_RESIZED,0,0,0,0,1130,497,10.11
2026-08-18 17:55:12,ROI_RESIZED,0,0,0,0,1130,497,10.11
2026-08-18 17:55:12,ROI_RESIZED,0,0,0,0,1130,497,10.11
2026-08-18 17:55:13,ROI_RESIZED,0,0,0,0,1130,497,10.11
2026-08-18 17:55:13,ROI_RESIZED,0,0,0,0,1130,497,10.11
2026-08-18 17:55:13,ROI_RESIZED,0,0,0,0,1130,497,9.91
2026-08-18 17:55:13,ROI_RESIZED,0,0,0,0,1130,497,9.91
2026-08-18 17:55:13,ROI_RESIZED,0,0,0,0,1130,497,9.91
2026-08-18 17:55:13,ROI_RESIZED,0,0,0,0,1130,497,9.91
2026-08-18 17:55:13,ROI_RESIZED,0,0,0,0,1130,497,9.91
2026-08-18 17:55:13,ROI_RESIZED,0,0,0,0,1130,497,9.91
2026-08-18 17:55:13,ROI_RESIZED,0,0,0,0,1130,497,9.91
2026-08-18 17:55:13,ROI_RESIZED,0,0,0,0,1130,497,9.91
2026-08-18 17:55:14,ROI_RESIZED,0,0,0,0,1130,497,9.91
2026-08-18 17:55:14,ROI_RESIZED,0,0,0,0,1130,497,9.91
2026-08-18 17:55:14,ROI_RESIZED,0,0,0,0,1130,497,9.91
2026-08-18 17:55:14,ROI_RESIZED,0,0,0,0,1130,497,10.12
2026-08-18 17:55:14,ROI_RESIZED,0,0,0,0,1130,497,10.12
2026-08-18 17:55:14,ROI_RESIZED,1,478,262,225,1130,497,10.12
2026-08-18 17:55:14,ROI_RESIZED,1,478,250,248,1130,497,10.12
2026-08-18 17:55:14,ROI_RESIZED,1,478,259,269,1130,497,10.12
2026-08-18 17:55:14,ROI_RESIZED,1,478,269,281,1130,497,10.12
2026-08-18 17:55:14,ROI_RESIZED,1,478,276,286,1130,497,10.12
2026-08-18 17:55:15,ROI_RESIZED,1,478,278,288,1130,497,10.12
2026-08-18 17:55:15,ROI_RESIZED,1,478,279,286,1130,497,10.12
2026-08-18 17:55:15,ROI_RESIZED,1,478,278,287,1130,497,10.12
2026-08-18 17:55:15,ROI_RESIZED,1,478,282,285,1130,497,9.91
2026-08-18 17:55:15,ROI_RESIZED,1,478,297,284,1130,497,9.91
2026-08-18 17:55:15,ROI_RESIZED,1,478,310,279,1130,497,9.91
2026-08-18 17:55:15,ROI_RESIZED,1,478,330,285,1130,497,9.91
2026-08-18 17:55:15,ROI_RESIZED,1,478,330,291,1130,497,9.91
2026-08-18 17:55:15,ROI_RESIZED,0,0,0,0,1130,497,9.91
2026-08-18 17:55:15,ROI_RESIZED,1,478,348,310,1130,497,9.91
2026-08-18 17:55:16,ROI_RESIZED,0,0,0,0,1130,497,9.91
2026-08-18 17:55:16,ROI_RESIZED,0,0,0,0,1130,497,9.91
2026-08-18 17:55:16,ROI_RESIZED,0,0,0,0,1130,497,9.91
2026-08-18 17:55:16,ROI_RESIZED,0,0,0,0,1130,497,9.91
2026-08-18 17:55:16,ROI_RESIZED,0,0,0,0,1130,497,10.08
2026-08-18 17:55:16,ROI_RESIZED,0,0,0,0,1130,497,10.08
2026-08-18 17:55:16,ROI_RESIZED,0,0,0,0,1130,497,10.08
2026-08-18 17:55:16,ROI_RESIZED,0,0,0,0,1130,497,10.08
2026-08-18 17:55:16,ROI_RESIZED,0,0,0,0,1130,497,10.08
2026-08-18 17:55:16,ROI_RESIZED,0,0,0,0,1130,497,10.08
2026-08-18 17:55:17,ROI_RESIZED,1,478,484,397,1130,497,10.08
2026-08-18 17:55:17,ROI_RESIZED,1,478,484,425,1130,497,10.08
2026-08-18 17:55:17,ROI_RESIZED,0,0,0,0,1130,497,10.08
2026-08-18 17:55:17,ROI_RESIZED,1,478,378,356,1130,497,10.08
2026-08-18 17:55:17,ROI_RESIZED,1,478,395,361,1130,497,10.08
2026-08-18 17:55:17,ROI_RESIZED,1,478,361,356,1130,497,9.95
2026-08-18 17:55:17,ROI_RESIZED,1,478,334,345,1130,497,9.95
2026-08-18 17:55:17,ROI_RESIZED,1,478,303,329,1130,497,9.95
2026-08-18 17:55:17,ROI_RESIZED,0,0,0,0,1130,497,9.95
2026-08-18 17:55:17,ROI_RESIZED,1,478,338,323,1130,497,9.95
2026-08-18 17:55:18,ROI_RESIZED,1,478,346,339,1130,497,9.95
2026-08-18 17:55:18,ROI_RESIZED,1,478,346,353,1130,497,9.95
2026-08-18 17:55:18,ROI_RESIZED,1,478,388,370,1130,497,9.95
2026-08-18 17:55:18,ROI_RESIZED,1,478,350,389,1130,497,9.95
2026-08-18 17:55:18,ROI_RESIZED,1,478,399,390,1130,497,9.95
2026-08-18 17:55:18,ROI_RESIZED,0,0,0,0,1130,497,9.95
2026-08-18 17:55:18,ROI_RESIZED,0,0,0,0,1130,497,10.17
2026-08-18 17:55:18,ROI_RESIZED,0,0,0,0,1130,497,10.17
2026-08-18 17:55:18,ROI_RESIZED,0,0,0,0,1130,497,10.17
2026-08-18 17:55:18,ROI_RESIZED,1,478,420,443,1130,497,10.17
2026-08-18 17:55:18,ROI_RESIZED,1,478,433,434,1130,497,10.17
2026-08-18 17:55:19,ROI_RESIZED,1,478,457,425,1130,497,10.17
2026-08-18 17:55:19,ROI_RESIZED,1,478,475,426,1130,497,10.17
2026-08-18 17:55:19,ROI_RESIZED,1,478,469,437,1130,497,10.17
2026-08-18 17:55:19,ROI_RESIZED,1,478,485,438,1130,497,10.17
2026-08-18 17:55:19,ROI_RESIZED,1,478,493,434,1130,497,10.17
2026-08-18 17:55:19,ROI_RESIZED,1,478,488,433,1130,497,9.89
2026-08-18 17:55:19,ROI_RESIZED,1,478,497,433,1130,497,9.89
2026-08-18 17:55:19,ROI_RESIZED,1,478,474,432,1130,497,9.89
2026-08-18 17:55:19,ROI_RESIZED,1,478,436,425,1130,497,9.89
2026-08-18 17:55:20,ROI_RESIZED,1,478,403,414,1130,497,9.89
2026-08-18 17:55:20,ROI_RESIZED,1,478,375,402,1130,497,9.89
2026-08-18 17:55:20,ROI_RESIZED,1,478,348,401,1130,497,9.89
2026-08-18 17:55:20,ROI_RESIZED,1,478,308,396,1130,497,9.89
2026-08-18 17:55:20,ROI_RESIZED,1,478,295,390,1130,497,9.89
2026-08-18 17:55:20,ROI_RESIZED,1,478,340,381,1130,497,9.89
2026-08-18 17:55:20,ROI_RESIZED,1,478,375,366,1130,497,9.89
2026-08-18 17:55:20,ROI_RESIZED,1,478,380,351,1130,497,10.18
2026-08-18 17:55:20,ROI_RESIZED,1,478,368,340,1130,497,10.18
2026-08-18 17:55:20,ROI_RESIZED,1,478,350,327,1130,497,10.18
2026-08-18 17:55:20,ROI_RESIZED,1,478,327,328,1130,497,10.18
2026-08-18 17:55:21,ROI_RESIZED,1,478,312,319,1130,497,10.18
2026-08-18 17:55:21,ROI_RESIZED,1,478,324,310,1130,497,10.18
2026-08-18 17:55:21,ROI_RESIZED,1,478,322,307,1130,497,10.18
2026-08-18 17:55:21,ROI_RESIZED,1,478,320,305,1130,497,10.18
2026-08-18 17:55:21,ROI_RESIZED,1,478,325,306,1130,497,10.18
2026-08-18 17:55:21,ROI_RESIZED,1,478,315,302,1130,497,10.18
2026-08-18 17:55:21,ROI_RESIZED,1,478,316,299,1130,497,9.87
2026-08-18 17:55:21,ROI_RESIZED,1,478,303,298,1130,497,9.87
2026-08-18 17:55:21,ROI_RESIZED,1,478,307,295,1130,497,9.87
2026-08-18 17:55:21,ROI_RESIZED,1,478,297,296,1130,497,9.87
2026-08-18 17:55:22,ROI_RESIZED,1,478,307,298,1130,497,9.87
2026-08-18 17:55:22,ROI_RESIZED,1,478,304,296,1130,497,9.87
2026-08-18 17:55:22,ROI_RESIZED,1,478,309,296,1130,497,9.87
2026-08-18 17:55:22,ROI_RESIZED,1,478,308,290,1130,497,9.87
2026-08-18 17:55:22,ROI_RESIZED,1,478,305,291,1130,497,9.87
2026-08-18 17:55:22,ROI_RESIZED,1,478,306,296,1130,497,9.87
2026-08-18 17:55:22,ROI_RESIZED,1,478,297,294,1130,497,9.87
2026-08-18 17:55:22,ROI_RESIZED,1,478,310,296,1130,497,10.15
2026-08-18 17:55:22,ROI_RESIZED,1,478,310,296,1130,497,10.15
2026-08-18 17:55:23,ROI_RESIZED,1,478,303,295,1130,497,10.15
2026-08-18 17:55:23,ROI_RESIZED,1,478,305,295,1130,497,10.15
2026-08-18 17:55:23,ROI_RESIZED,1,478,306,298,1130,497,10.15
2026-08-18 17:55:23,ROI_RESIZED,1,478,306,298,1130,497,10.15
2026-08-18 17:55:23,ROI_RESIZED,1,478,315,303,1130,497,10.15
2026-08-18 17:55:23,ROI_RESIZED,1,478,303,301,1130,497,10.15
2026-08-18 17:55:23,ROI_RESIZED,1,478,313,300,1130,497,10.15
2026-08-18 17:55:23,ROI_RESIZED,1,478,312,301,1130,497,10.15
2026-08-18 17:55:23,ROI_RESIZED,1,478,309,301,1130,497,9.89
2026-08-18 17:55:23,ROI_RESIZED,1,478,308,302,1130,497,9.89
2026-08-18 17:55:23,ROI_RESIZED,1,478,306,300,1130,497,9.89
2026-08-18 17:55:24,ROI_RESIZED,1,478,308,299,1130,497,9.89
2026-08-18 17:55:24,ROI_RESIZED,1,478,314,298,1130,497,9.89
2026-08-18 17:55:24,ROI_RESIZED,1,478,313,303,1130,497,9.89
2026-08-18 17:55:24,ROI_RESIZED,1,478,315,300,1130,497,9.89
2026-08-18 17:55:24,ROI_RESIZED,1,478,319,300,1130,497,9.89
2026-08-18 17:55:24,ROI_RESIZED,1,478,316,295,1130,497,9.89
2026-08-18 17:55:24,ROI_RESIZED,1,478,317,292,1130,497,9.89
2026-08-18 17:55:24,ROI_RESIZED,1,478,316,297,1130,497,9.89
2026-08-18 17:55:24,ROI_RESIZED,1,478,318,298,1130,497,10.09
2026-08-18 17:55:24,ROI_RESIZED,1,478,312,298,1130,497,10.09
2026-08-18 17:55:25,ROI_RESIZED,1,478,303,288,1130,497,10.09
2026-08-18 17:55:25,ROI_RESIZED,1,478,303,291,1130,497,10.09
2026-08-18 17:55:25,ROI_RESIZED,1,478,298,289,1130,497,10.09
2026-08-18 17:55:25,ROI_RESIZED,1,478,294,289,1130,497,10.09
2026-08-18 17:55:25,ROI_RESIZED,1,478,287,287,1130,497,10.09
2026-08-18 17:55:25,ROI_RESIZED,1,478,280,280,1130,497,10.09
2026-08-18 17:55:25,ROI_RESIZED,1,478,281,279,1130,497,10.09
2026-08-18 17:55:25,ROI_RESIZED,1,478,300,283,1130,497,10.09
2026-08-18 17:55:25,ROI_RESIZED,1,478,291,286,1130,497,9.91
2026-08-18 17:55:25,ROI_RESIZED,1,478,305,288,1130,497,9.91
2026-08-18 17:55:26,ROI_RESIZED,1,478,305,285,1130,497,9.91
2026-08-18 17:55:26,ROI_RESIZED,1,478,305,284,1130,497,9.91
2026-08-18 17:55:26,ROI_RESIZED,1,478,298,284,1130,497,9.91
2026-08-18 17:55:26,ROI_RESIZED,1,478,299,285,1130,497,9.91
2026-08-18 17:55:26,ROI_RESIZED,1,478,294,286,1130,497,9.91
2026-08-18 17:55:26,ROI_RESIZED,1,478,295,287,1130,497,9.91
2026-08-18 17:55:26,ROI_RESIZED,1,478,299,289,1130,497,9.91
2026-08-18 17:55:26,ROI_RESIZED,1,478,303,289,1130,497,9.91
2026-08-18 17:55:26,ROI_RESIZED,1,478,302,289,1130,497,9.91
2026-08-18 17:55:26,ROI_RESIZED,1,478,309,292,1130,497,10.15
2026-08-18 17:55:27,ROI_RESIZED,1,478,308,296,1130,497,10.15
2026-08-18 17:55:27,ROI_RESIZED,1,478,302,294,1130,497,10.15
2026-08-18 17:55:27,ROI_RESIZED,1,478,295,295,1130,497,10.15
2026-08-18 17:55:27,ROI_RESIZED,1,478,309,303,1130,497,10.15
2026-08-18 17:55:27,ROI_RESIZED,1,478,325,309,1130,497,10.15
2026-08-18 17:55:27,ROI_RESIZED,1,478,332,310,1130,497,10.15
2026-08-18 17:55:27,ROI_RESIZED,1,478,360,318,1130,497,10.15
2026-08-18 17:55:27,ROI_RESIZED,1,478,353,318,1130,497,10.15
2026-08-18 17:55:27,ROI_RESIZED,0,0,0,0,1130,497,10.15
2026-08-18 17:55:27,ROI_RESIZED,1,478,409,343,1130,497,9.97
2026-08-18 17:55:28,ROI_RESIZED,1,478,389,340,1130,497,9.97
2026-08-18 17:55:28,ROI_RESIZED,1,478,384,343,1130,497,9.97
2026-08-18 17:55:28,ROI_RESIZED,1,478,380,345,1130,497,9.97
2026-08-18 17:55:28,ROI_RESIZED,1,478,381,352,1130,497,9.97
2026-08-18 17:55:28,ROI_RESIZED,0,0,0,0,1130,497,9.97
2026-08-18 17:55:28,ROI_RESIZED,0,0,0,0,1130,497,9.97
2026-08-18 17:55:28,ROI_RESIZED,0,0,0,0,1130,497,9.97
2026-08-18 17:55:28,ROI_RESIZED,0,0,0,0,1130,497,9.97
2026-08-18 17:55:28,ROI_RESIZED,0,0,0,0,1130,497,9.97
2026-08-18 17:55:28,ROI_RESIZED,0,0,0,0,1130,497,9.99
2026-08-18 17:55:29,ROI_RESIZED,0,0,0,0,1130,497,9.99
2026-08-18 17:55:29,ROI_RESIZED,0,0,0,0,1130,497,9.99
2026-08-18 17:55:29,ROI_RESIZED,0,0,0,0,1130,497,9.99
2026-08-18 17:55:29,ROI_RESIZED,1,478,455,371,1130,497,9.99
2026-08-18 17:55:29,ROI_RESIZED,0,0,0,0,1130,497,9.99
2026-08-18 17:55:29,ROI_RESIZED,0,0,0,0,1130,497,9.99
2026-08-18 17:55:29,ROI_RESIZED,0,0,0,0,1130,497,9.99
2026-08-18 17:55:29,ROI_RESIZED,0,0,0,0,1130,497,9.99
2026-08-18 17:55:29,ROI_RESIZED,0,0,0,0,1130,497,9.99
2026-08-18 17:55:29,ROI_RESIZED,1,478,415,375,1130,497,9.99
2026-08-18 17:55:30,ROI_RESIZED,1,478,417,387,1130,497,10.13
2026-08-18 17:55:30,ROI_RESIZED,1,478,405,390,1130,497,10.13
2026-08-18 17:55:30,ROI_RESIZED,0,0,0,0,1130,497,10.13
2026-08-18 17:55:30,ROI_RESIZED,1,478,422,393,1130,497,10.13
2026-08-18 17:55:30,ROI_RESIZED,0,0,0,0,1130,497,10.13
2026-08-18 17:55:30,ROI_RESIZED,1,478,433,398,1130,497,10.13
2026-08-18 17:55:30,ROI_RESIZED,0,0,0,0,1130,497,10.13
2026-08-18 17:55:30,ROI_RESIZED,1,478,422,403,1130,497,10.13
2026-08-18 17:55:30,ROI_RESIZED,1,478,426,406,1130,497,10.13
2026-08-18 17:55:30,ROI_RESIZED,1,478,426,400,1130,497,10.13
2026-08-18 17:55:31,ROI_RESIZED,1,478,430,412,1130,497,9.91
2026-08-18 17:55:31,ROI_RESIZED,1,478,422,411,1130,497,9.91
2026-08-18 17:55:31,ROI_RESIZED,1,478,417,369,1130,497,9.91
2026-08-18 17:55:31,ROI_RESIZED,1,478,383,355,1130,497,9.91
2026-08-18 17:55:31,ROI_RESIZED,1,478,357,345,1130,497,9.91
2026-08-18 17:55:31,ROI_RESIZED,1,478,347,345,1130,497,9.91
2026-08-18 17:55:31,ROI_RESIZED,1,478,332,341,1130,497,9.91
2026-08-18 17:55:31,ROI_RESIZED,1,478,320,334,1130,497,9.91
2026-08-18 17:55:31,ROI_RESIZED,1,478,304,321,1130,497,9.91
2026-08-18 17:55:31,ROI_RESIZED,1,478,303,310,1130,497,9.91
2026-08-18 17:55:32,ROI_RESIZED,1,478,301,303,1130,497,9.91
2026-08-18 17:55:32,ROI_RESIZED,1,478,297,292,1130,497,10.11
2026-08-18 17:55:32,ROI_RESIZED,1,478,275,286,1130,497,10.11
2026-08-18 17:55:32,ROI_RESIZED,1,478,268,285,1130,497,10.11
2026-08-18 17:55:32,ROI_RESIZED,1,478,269,286,1130,497,10.11
2026-08-18 17:55:32,ROI_RESIZED,1,478,267,285,1130,497,10.11
2026-08-18 17:55:32,ROI_RESIZED,1,478,267,285,1130,497,10.11
2026-08-18 17:55:32,ROI_RESIZED,1,478,266,285,1130,497,10.11
2026-08-18 17:55:32,ROI_RESIZED,1,478,265,285,1130,497,10.11
2026-08-18 17:55:32,ROI_RESIZED,1,478,266,285,1130,497,10.11
2026-08-18 17:55:33,ROI_RESIZED,1,478,273,288,1130,497,10.11
2026-08-18 17:55:33,ROI_RESIZED,1,478,275,294,1130,497,9.84
2026-08-18 17:55:33,ROI_RESIZED,1,478,274,293,1130,497,9.84
2026-08-18 17:55:33,ROI_RESIZED,1,478,274,292,1130,497,9.84
2026-08-18 17:55:33,ROI_RESIZED,1,478,278,293,1130,497,9.84
2026-08-18 17:55:33,ROI_RESIZED,1,478,284,294,1130,497,9.84
2026-08-18 17:55:33,ROI_RESIZED,1,478,290,294,1130,497,9.84
2026-08-18 17:55:33,ROI_RESIZED,1,478,292,292,1130,497,9.84
2026-08-18 17:55:33,ROI_RESIZED,1,478,296,292,1130,497,9.84
2026-08-18 17:55:33,ROI_RESIZED,1,478,279,288,1130,497,9.84
2026-08-18 17:55:34,ROI_RESIZED,1,478,273,287,1130,497,9.84
2026-08-18 17:55:34,ROI_RESIZED,1,478,262,281,1130,497,9.84
2026-08-18 17:55:34,ROI_RESIZED,1,478,255,278,1130,497,10.22
2026-08-18 17:55:34,ROI_RESIZED,1,478,256,275,1130,497,10.22
2026-08-18 17:55:34,ROI_RESIZED,1,478,253,273,1130,497,10.22
2026-08-18 17:55:34,ROI_RESIZED,1,478,260,277,1130,497,10.22
2026-08-18 17:55:34,ROI_RESIZED,1,478,274,285,1130,497,10.22
2026-08-18 17:55:34,ROI_RESIZED,1,478,290,300,1130,497,10.22
2026-08-18 17:55:34,ROI_RESIZED,1,478,322,315,1130,497,10.22
2026-08-18 17:55:34,ROI_RESIZED,1,478,359,346,1130,497,10.22
2026-08-18 17:55:35,ROI_RESIZED,1,478,396,381,1130,497,10.22
2026-08-18 17:55:35,ROI_RESIZED,1,478,411,408,1130,497,10.22
2026-08-18 17:55:35,ROI_RESIZED,1,478,435,433,1130,497,9.88
2026-08-18 17:55:35,ROI_RESIZED,1,478,471,432,1130,497,9.88
2026-08-18 17:55:35,ROI_RESIZED,1,478,478,412,1130,497,9.88
2026-08-18 17:55:35,ROI_RESIZED,0,0,0,0,1130,497,9.88
2026-08-18 17:55:35,ROI_RESIZED,0,0,0,0,1130,497,9.88
2026-08-18 17:55:35,ROI_RESIZED,0,0,0,0,1130,497,9.88
2026-08-18 17:55:35,ROI_RESIZED,0,0,0,0,1130,497,9.88
2026-08-18 17:55:35,ROI_RESIZED,0,0,0,0,1130,497,9.88
2026-08-18 17:55:36,ROI_RESIZED,0,0,0,0,1130,497,9.88
2026-08-18 17:55:36,ROI_RESIZED,0,0,0,0,1130,497,9.88
2026-08-18 17:55:36,ROI_RESIZED,0,0,0,0,1130,497,9.88
2026-08-18 17:55:36,ROI_RESIZED,0,0,0,0,1130,497,10.15
2026-08-18 17:55:36,ROI_RESIZED,0,0,0,0,1130,497,10.15
2026-08-18 17:55:36,ROI_RESIZED,0,0,0,0,1130,497,10.15
2026-08-18 17:55:36,ROI_RESIZED,0,0,0,0,1130,497,10.15
2026-08-18 17:55:36,ROI_RESIZED,0,0,0,0,1130,497,10.15
2026-08-18 17:55:36,ROI_RESIZED,0,0,0,0,1130,497,10.15
2026-08-18 17:55:36,ROI_RESIZED,0,0,0,0,1130,497,10.15
2026-08-18 17:55:37,ROI_RESIZED,0,0,0,0,1130,497,10.15
2026-08-18 17:55:37,ROI_RESIZED,0,0,0,0,1130,497,10.15
2026-08-18 17:55:37,ROI_RESIZED,0,0,0,0,1130,497,10.15
2026-08-18 17:55:37,ROI_RESIZED,0,0,0,0,1130,497,9.86
2026-08-18 17:55:37,ROI_RESIZED,0,0,0,0,1130,497,9.86
2026-08-18 17:55:37,ROI_RESIZED,0,0,0,0,1130,497,9.86
2026-08-18 17:55:37,ROI_RESIZED,0,0,0,0,1130,497,9.86
2026-08-18 17:55:37,ROI_RESIZED,0,0,0,0,1130,497,9.86
2026-08-18 17:55:37,ROI_RESIZED,0,0,0,0,1130,497,9.86
2026-08-18 17:55:37,ROI_RESIZED,0,0,0,0,1130,497,9.86
2026-08-18 17:55:38,ROI_RESIZED,0,0,0,0,1130,497,9.86
2026-08-18 17:55:38,ROI_RESIZED,0,0,0,0,1130,497,9.86
2026-08-18 17:55:38,ROI_RESIZED,0,0,0,0,1130,497,9.86
2026-08-18 17:55:38,ROI_RESIZED,0,0,0,0,1130,497,9.86
2026-08-18 17:55:38,ROI_RESIZED,0,0,0,0,1130,497,10.15
2026-08-18 17:55:38,ROI_RESIZED,0,0,0,0,1130,497,10.15
2026-08-18 17:55:38,ROI_RESIZED,0,0,0,0,1130,497,10.15
2026-08-18 17:55:38,ROI_RESIZED,0,0,0,0,1130,497,10.15
2026-08-18 17:55:38,ROI_RESIZED,0,0,0,0,1130,497,10.15
2026-08-18 17:55:38,ROI_RESIZED,0,0,0,0,1130,497,10.15
2026-08-18 17:55:39,ROI_RESIZED,0,0,0,0,1130,497,10.15
2026-08-18 17:55:39,ROI_RESIZED,0,0,0,0,1130,497,10.15
2026-08-18 17:55:39,ROI_RESIZED,0,0,0,0,1130,497,10.15
2026-08-18 17:55:39,ROI_RESIZED,0,0,0,0,1130,497,10.15
2026-08-18 17:55:39,ROI_RESIZED,0,0,0,0,1130,497,9.84
2026-08-18 17:55:39,ROI_RESIZED,0,0,0,0,1130,497,9.84
2026-08-18 17:55:39,ROI_RESIZED,0,0,0,0,1130,497,9.84
2026-08-18 17:55:39,ROI_RESIZED,0,0,0,0,1130,497,9.84
2026-08-18 17:55:39,ROI_RESIZED,0,0,0,0,1130,497,9.84
2026-08-18 17:55:39,ROI_RESIZED,0,0,0,0,1130,497,9.84
2026-08-18 17:55:40,ROI_RESIZED,0,0,0,0,1130,497,9.84
2026-08-18 17:55:40,ROI_RESIZED,0,0,0,0,1130,497,9.84
2026-08-18 17:55:40,ROI_RESIZED,0,0,0,0,1130,497,9.84
2026-08-18 17:55:40,ROI_RESIZED,0,0,0,0,1130,497,9.84
2026-08-18 17:55:40,ROI_RESIZED,0,0,0,0,1130,497,9.84
2026-08-18 17:55:40,ROI_RESIZED,0,0,0,0,1130,497,10.18
2026-08-18 17:55:40,ROI_RESIZED,0,0,0,0,1130,497,10.18
2026-08-18 17:55:40,ROI_RESIZED,0,0,0,0,1130,497,10.18
2026-08-18 17:55:40,ROI_RESIZED,0,0,0,0,1130,497,10.18
2026-08-18 17:55:40,ROI_RESIZED,0,0,0,0,1130,497,10.18
2026-08-18 17:55:41,ROI_RESIZED,0,0,0,0,1130,497,10.18
2026-08-18 17:55:41,ROI_RESIZED,0,0,0,0,1130,497,10.18
2026-08-18 17:55:41,ROI_RESIZED,0,0,0,0,1130,497,10.18
2026-08-18 17:55:41,ROI_RESIZED,0,0,0,0,1130,497,10.18
2026-08-18 17:55:41,ROI_RESIZED,0,0,0,0,1130,497,10.18
2026-08-18 17:55:41,ROI_RESIZED,0,0,0,0,1130,497,10.18
2026-08-18 17:55:41,ROI_RESIZED,0,0,0,0,1130,497,9.97
2026-08-18 17:55:41,ROI_RESIZED,0,0,0,0,1130,497,9.97
2026-08-18 17:55:41,ROI_RESIZED,0,0,0,0,1130,497,9.97
2026-08-18 17:55:41,ROI_RESIZED,0,0,0,0,1130,497,9.97
2026-08-18 17:55:42,ROI_RESIZED,0,0,0,0,1130,497,9.97
2026-08-18 17:55:42,ROI_RESIZED,0,0,0,0,1130,497,9.97
2026-08-18 17:55:42,ROI_RESIZED,0,0,0,0,1130,497,9.97
2026-08-18 17:55:42,ROI_RESIZED,0,0,0,0,1130,497,9.97
2026-08-18 17:55:42,ROI_RESIZED,0,0,0,0,1130,497,9.97
2026-08-18 17:55:42,ROI_RESIZED,0,0,0,0,1130,497,9.97
2026-08-18 17:55:42,ROI_RESIZED,0,0,0,0,1130,497,9.97
2026-08-18 17:55:42,ROI_RESIZED,0,0,0,0,1130,497,10.1
2026-08-18 17:55:42,ROI_RESIZED,0,0,0,0,1130,497,10.1
2026-08-18 17:55:42,ROI_RESIZED,0,0,0,0,1130,497,10.1
2026-08-18 17:55:43,ROI_RESIZED,0,0,0,0,1130,497,10.1
2026-08-18 17:55:43,ROI_RESIZED,0,0,0,0,1130,497,10.1
2026-08-18 17:55:43,ROI_RESIZED,0,0,0,0,1130,497,10.1
2026-08-18 17:55:43,ROI_RESIZED,0,0,0,0,1130,497,10.1
2026-08-18 17:55:43,ROI_RESIZED,0,0,0,0,1130,497,10.1
2026-08-18 17:55:43,ROI_RESIZED,0,0,0,0,1130,497,10.1
2026-08-18 17:55:43,ROI_RESIZED,0,0,0,0,1130,497,10.1
2026-08-18 17:55:43,ROI_RESIZED,0,0,0,0,1130,497,9.92
2026-08-18 17:55:43,ROI_RESIZED,0,0,0,0,1130,497,9.92
2026-08-18 17:55:43,ROI_RESIZED,0,0,0,0,1130,497,9.92
2026-08-18 17:55:44,ROI_RESIZED,0,0,0,0,1130,497,9.92
2026-08-18 17:55:44,ROI_RESIZED,0,0,0,0,1130,497,9.92
2026-08-18 17:55:44,ROI_RESIZED,0,0,0,0,1130,497,9.92
2026-08-18 17:55:44,ROI_RESIZED,0,0,0,0,1130,497,9.92
2026-08-18 17:55:44,ROI_RESIZED,0,0,0,0,1130,497,9.92
2026-08-18 17:55:44,ROI_RESIZED,0,0,0,0,1130,497,9.92
2026-08-18 17:55:44,ROI_RESIZED,0,0,0,0,1130,497,9.92
2026-08-18 17:55:44,ROI_RESIZED,0,0,0,0,1130,497,9.92
2026-08-18 17:55:44,ROI_RESIZED,0,0,0,0,1130,497,10.12
2026-08-18 17:55:44,ROI_RESIZED,0,0,0,0,1130,497,10.12
2026-08-18 17:55:45,ROI_RESIZED,0,0,0,0,1130,497,10.12
2026-08-18 17:55:45,ROI_RESIZED,0,0,0,0,1130,497,10.12
2026-08-18 17:55:45,ROI_RESIZED,0,0,0,0,1130,497,10.12
2026-08-18 17:55:45,ROI_RESIZED,0,0,0,0,1130,497,10.12
2026-08-18 17:55:45,ROI_RESIZED,0,0,0,0,1130,497,10.12
2026-08-18 17:55:45,ROI_RESIZED,0,0,0,0,1130,497,10.12
2026-08-18 17:55:45,ROI_RESIZED,0,0,0,0,1130,497,10.12
2026-08-18 17:55:45,ROI_RESIZED,0,0,0,0,1130,497,10.12
2026-08-18 17:55:45,ROI_RESIZED,0,0,0,0,1130,497,9.98
2026-08-18 17:55:45,ROI_RESIZED,0,0,0,0,1130,497,9.98
2026-08-18 17:55:46,ROI_RESIZED,0,0,0,0,1130,497,9.98
2026-08-18 17:55:46,ROI_RESIZED,0,0,0,0,1130,497,9.98
2026-08-18 17:55:46,ROI_RESIZED,0,0,0,0,1130,497,9.98
2026-08-18 17:55:46,ROI_RESIZED,0,0,0,0,1130,497,9.98
2026-08-18 17:55:46,ROI_RESIZED,0,0,0,0,1130,497,9.98
2026-08-18 17:55:46,ROI_RESIZED,0,0,0,0,1130,497,9.98
2026-08-18 17:55:46,ROI_RESIZED,0,0,0,0,1130,497,9.98
2026-08-18 17:55:46,ROI_RESIZED,0,0,0,0,1130,497,9.98
2026-08-18 17:55:46,ROI_RESIZED,0,0,0,0,1130,497,9.98
2026-08-18 17:55:46,ROI_RESIZED,0,0,0,0,1130,497,10.0
2026-08-18 17:55:47,ROI_RESIZED,0,0,0,0,1130,497,10.0
2026-08-18 17:55:47,ROI_RESIZED,0,0,0,0,1130,497,10.0
2026-08-18 17:55:47,ROI_RESIZED,0,0,0,0,1130,497,10.0
2026-08-18 17:55:47,ROI_RESIZED,0,0,0,0,1130,497,10.0
2026-08-18 17:55:47,ROI_RESIZED,0,0,0,0,1130,497,10.0
2026-08-18 17:55:47,ROI_RESIZED,0,0,0,0,1130,497,10.0
2026-08-18 17:55:47,ROI_RESIZED,0,0,0,0,1130,497,10.0
2026-08-18 17:55:47,ROI_RESIZED,0,0,0,0,1130,497,10.0
2026-08-18 17:55:47,ROI_RESIZED,0,0,0,0,1130,497,10.0
2026-08-18 17:55:47,ROI_RESIZED,0,0,0,0,1130,497,9.97
2026-08-18 17:55:48,ROI_RESIZED,0,0,0,0,1130,497,9.97
2026-08-18 17:55:48,ROI_RESIZED,0,0,0,0,1130,497,9.97
2026-08-18 17:55:48,ROI_RESIZED,0,0,0,0,1130,497,9.97
2026-08-18 17:55:48,ROI_RESIZED,0,0,0,0,1130,497,9.97
2026-08-18 17:55:48,ROI_RESIZED,0,0,0,0,1130,497,9.97
2026-08-18 17:55:48,ROI_RESIZED,0,0,0,0,1130,497,9.97
2026-08-18 17:55:48,ROI_RESIZED,0,0,0,0,1130,497,9.97
2026-08-18 17:55:48,ROI_RESIZED,0,0,0,0,1130,497,9.97
2026-08-18 17:55:48,ROI_RESIZED,0,0,0,0,1130,497,9.97
2026-08-18 17:55:48,ROI_RESIZED,0,0,0,0,1130,497,9.97
2026-08-18 17:55:49,ROI_RESIZED,0,0,0,0,1130,497,10.1
2026-08-18 17:55:49,ROI_RESIZED,0,0,0,0,1130,497,10.1
2026-08-18 17:55:49,ROI_RESIZED,0,0,0,0,1130,497,10.1
2026-08-18 17:55:49,ROI_RESIZED,0,0,0,0,1130,497,10.1
2026-08-18 17:55:49,ROI_RESIZED,0,0,0,0,1130,497,10.1
2026-08-18 17:55:49,ROI_RESIZED,0,0,0,0,1130,497,10.1
2026-08-18 17:55:49,ROI_RESIZED,0,0,0,0,1130,497,10.1
2026-08-18 17:55:49,ROI_RESIZED,0,0,0,0,1130,497,10.1
2026-08-18 17:55:49,ROI_RESIZED,0,0,0,0,1130,497,10.1
2026-08-18 17:55:49,ROI_RESIZED,0,0,0,0,1130,497,10.1
2026-08-18 17:55:50,ROI_RESIZED,0,0,0,0,1130,497,10.1
2026-08-18 17:55:50,ROI_RESIZED,0,0,0,0,1130,497,9.93
2026-08-18 17:55:50,ROI_RESIZED,0,0,0,0,1130,497,9.93
2026-08-18 17:55:50,ROI_RESIZED,0,0,0,0,1130,497,9.93
2026-08-18 17:55:50,ROI_RESIZED,0,0,0,0,1130,497,9.93
2026-08-18 17:55:50,ROI_RESIZED,0,0,0,0,1130,497,9.93
2026-08-18 17:55:50,ROI_RESIZED,0,0,0,0,1130,497,9.93
2026-08-18 17:55:50,ROI_RESIZED,0,0,0,0,1130,497,9.93
2026-08-18 17:55:50,ROI_RESIZED,0,0,0,0,1130,497,9.93
2026-08-18 17:55:50,ROI_RESIZED,0,0,0,0,1130,497,9.93
2026-08-18 17:55:51,ROI_RESIZED,0,0,0,0,1130,497,9.93
2026-08-18 17:55:51,ROI_RESIZED,0,0,0,0,1130,497,9.93
2026-08-18 17:55:51,ROI_RESIZED,0,0,0,0,1130,497,10.16
2026-08-18 17:55:51,ROI_RESIZED,0,0,0,0,1130,497,10.16
2026-08-18 17:55:51,ROI_RESIZED,0,0,0,0,1130,497,10.16
2026-08-18 17:55:51,ROI_RESIZED,0,0,0,0,1130,497,10.16
2026-08-18 17:55:51,ROI_RESIZED,0,0,0,0,1130,497,10.16
2026-08-18 17:55:51,ROI_RESIZED,0,0,0,0,1130,497,10.16
2026-08-18 17:55:51,ROI_RESIZED,0,0,0,0,1130,497,10.16
2026-08-18 17:55:51,ROI_RESIZED,0,0,0,0,1130,497,10.16
2026-08-18 17:55:52,ROI_RESIZED,0,0,0,0,1130,497,10.16
2026-08-18 17:55:52,ROI_RESIZED,0,0,0,0,1130,497,10.16
2026-08-18 17:55:52,ROI_RESIZED,0,0,0,0,1130,497,9.85
2026-08-18 17:55:52,ROI_RESIZED,0,0,0,0,1130,497,9.85
2026-08-18 17:55:52,ROI_RESIZED,0,0,0,0,1130,497,9.85
2026-08-18 17:55:52,ROI_RESIZED,0,0,0,0,1130,497,9.85
2026-08-18 17:55:52,ROI_RESIZED,0,0,0,0,1130,497,9.85
2026-08-18 17:55:52,ROI_RESIZED,0,0,0,0,1130,497,9.85
2026-08-18 17:55:52,ROI_RESIZED,0,0,0,0,1130,497,9.85
2026-08-18 17:55:52,ROI_RESIZED,0,0,0,0,1130,497,9.85
2026-08-18 17:55:53,ROI_RESIZED,0,0,0,0,1130,497,9.85
2026-08-18 17:55:53,ROI_RESIZED,0,0,0,0,1130,497,9.85
2026-08-18 17:55:53,ROI_RESIZED,0,0,0,0,1130,497,9.85
2026-08-18 17:55:53,ROI_RESIZED,0,0,0,0,1130,497,10.18
2026-08-18 17:55:53,ROI_RESIZED,0,0,0,0,1130,497,10.18
2026-08-18 17:55:53,ROI_RESIZED,0,0,0,0,1130,497,10.18
2026-08-18 17:55:53,ROI_RESIZED,0,0,0,0,1130,497,10.18
2026-08-18 17:55:53,ROI_RESIZED,0,0,0,0,1130,497,10.18
2026-08-18 17:55:53,ROI_RESIZED,0,0,0,0,1130,497,10.18
2026-08-18 17:55:53,ROI_RESIZED,0,0,0,0,1130,497,10.18
2026-08-18 17:55:54,ROI_RESIZED,0,0,0,0,1130,497,10.18
2026-08-18 17:55:54,ROI_RESIZED,0,0,0,0,1130,497,10.18
2026-08-18 17:55:54,ROI_RESIZED,0,0,0,0,1130,497,10.18
2026-08-18 17:55:54,ROI_RESIZED,0,0,0,0,1130,497,9.91
2026-08-18 17:55:54,ROI_RESIZED,0,0,0,0,1130,497,9.91
2026-08-18 17:55:54,ROI_RESIZED,0,0,0,0,1130,497,9.91
2026-08-18 17:55:54,ROI_RESIZED,0,0,0,0,1130,497,9.91
2026-08-18 17:55:54,ROI_RESIZED,0,0,0,0,1130,497,9.91
2026-08-18 17:55:54,ROI_RESIZED,0,0,0,0,1130,497,9.91
2026-08-18 17:55:54,ROI_RESIZED,0,0,0,0,1130,497,9.91
2026-08-18 17:55:55,ROI_RESIZED,0,0,0,0,1130,497,9.91
2026-08-18 17:55:55,ROI_RESIZED,0,0,0,0,1130,497,9.91
2026-08-18 17:55:55,ROI_RESIZED,0,0,0,0,1130,497,9.91
2026-08-18 17:55:55,ROI_RESIZED,0,0,0,0,1130,497,9.91
2026-08-18 17:55:55,ROI_RESIZED,0,0,0,0,1130,497,10.18
2026-08-18 17:55:55,ROI_RESIZED,0,0,0,0,1130,497,10.18
2026-08-18 17:55:55,ROI_RESIZED,0,0,0,0,1130,497,10.18
2026-08-18 17:55:55,ROI_RESIZED,1,478,132,130,1130,497,10.18
2026-08-18 17:55:55,ROI_RESIZED,1,478,124,122,1130,497,10.18
2026-08-18 17:55:55,ROI_RESIZED,1,478,120,118,1130,497,10.18
2026-08-18 17:55:56,ROI_RESIZED,1,478,121,117,1130,497,10.18
2026-08-18 17:55:56,ROI_RESIZED,1,478,115,118,1130,497,10.18
2026-08-18 17:55:56,ROI_RESIZED,1,478,121,117,1130,497,10.18
2026-08-18 17:55:56,ROI_RESIZED,1,478,120,117,1130,497,10.18
2026-08-18 17:55:56,ROI_RESIZED,1,478,119,117,1130,497,9.82
2026-08-18 17:55:56,ROI_RESIZED,1,478,122,118,1130,497,9.82
2026-08-18 17:55:56,ROI_RESIZED,1,478,119,119,1130,497,9.82
2026-08-18 17:55:56,ROI_RESIZED,1,478,119,119,1130,497,9.82
2026-08-18 17:55:56,ROI_RESIZED,1,478,119,119,1130,497,9.82
2026-08-18 17:55:56,ROI_RESIZED,1,478,119,120,1130,497,9.82
2026-08-18 17:55:57,ROI_RESIZED,1,478,121,120,1130,497,9.82
2026-08-18 17:55:57,ROI_RESIZED,0,0,0,0,1130,497,9.82
2026-08-18 17:55:57,ROI_RESIZED,1,478,105,119,1130,497,9.82
2026-08-18 17:55:57,ROI_RESIZED,0,0,0,0,1130,497,9.82
2026-08-18 17:55:57,ROI_RESIZED,0,0,0,0,1130,497,9.82
2026-08-18 17:55:57,ROI_RESIZED,1,478,126,117,1130,497,10.16
2026-08-18 17:55:57,ROI_RESIZED,1,478,100,112,1130,497,10.16
2026-08-18 17:55:57,ROI_RESIZED,0,0,0,0,1130,497,10.16
2026-08-18 17:55:57,ROI_RESIZED,0,0,0,0,1130,497,10.16
2026-08-18 17:55:57,ROI_RESIZED,0,0,0,0,1130,497,10.16
2026-08-18 17:55:58,ROI_RESIZED,1,478,120,123,1130,497,10.16
2026-08-18 17:55:58,ROI_RESIZED,1,478,112,116,1130,497,10.16
2026-08-18 17:55:58,ROI_RESIZED,1,478,90,85,1130,497,10.16
2026-08-18 17:55:58,ROI_RESIZED,1,478,90,88,1130,497,10.16
2026-08-18 17:55:58,ROI_RESIZED,1,478,95,88,1130,497,10.16
2026-08-18 17:55:58,ROI_RESIZED,1,478,98,89,1130,497,10.16
2026-08-18 17:55:58,ROI_RESIZED,0,0,0,0,1130,497,9.96
2026-08-18 17:55:58,ROI_RESIZED,0,0,0,0,1130,497,9.96
2026-08-18 17:55:58,ROI_RESIZED,0,0,0,0,1130,497,9.96
2026-08-18 17:55:58,ROI_RESIZED,0,0,0,0,1130,497,9.96
2026-08-18 17:55:59,ROI_RESIZED,1,478,114,117,1130,497,9.96
2026-08-18 17:55:59,ROI_RESIZED,1,478,113,114,1130,497,9.96
2026-08-18 17:55:59,ROI_RESIZED,1,478,111,111,1130,497,9.96
2026-08-18 17:55:59,ROI_RESIZED,1,478,111,113,1130,497,9.96
2026-08-18 17:55:59,ROI_RESIZED,1,478,108,113,1130,497,9.96
2026-08-18 17:55:59,ROI_RESIZED,1,478,101,111,1130,497,9.96
2026-08-18 17:55:59,ROI_RESIZED,1,478,101,112,1130,497,9.96
2026-08-18 17:55:59,ROI_RESIZED,1,478,103,111,1130,497,10.1
2026-08-18 17:55:59,ROI_RESIZED,1,478,110,111,1130,497,10.1
2026-08-18 17:55:59,ROI_RESIZED,1,478,106,114,1130,497,10.1
2026-08-18 17:56:00,ROI_RESIZED,1,478,105,112,1130,497,10.1
2026-08-18 17:56:00,ROI_RESIZED,1,478,105,112,1130,497,10.1
2026-08-18 17:56:00,ROI_RESIZED,1,478,111,110,1130,497,10.1
2026-08-18 17:56:00,ROI_RESIZED,1,478,112,111,1130,497,10.1
2026-08-18 17:56:00,ROI_RESIZED,1,478,109,113,1130,497,10.1
2026-08-18 17:56:00,ROI_RESIZED,1,478,110,113,1130,497,10.1
2026-08-18 17:56:00,ROI_RESIZED,1,478,111,116,1130,497,10.1
2026-08-18 17:56:00,ROI_RESIZED,1,478,113,115,1130,497,9.93
2026-08-18 17:56:00,ROI_RESIZED,1,478,117,115,1130,497,9.93
2026-08-18 17:56:00,ROI_RESIZED,1,478,117,115,1130,497,9.93
2026-08-18 17:56:01,ROI_RESIZED,1,478,115,114,1130,497,9.93
2026-08-18 17:56:01,ROI_RESIZED,1,478,115,113,1130,497,9.93
2026-08-18 17:56:01,ROI_RESIZED,1,478,113,113,1130,497,9.93
2026-08-18 17:56:01,ROI_RESIZED,1,478,113,114,1130,497,9.93
2026-08-18 17:56:01,ROI_RESIZED,1,478,113,118,1130,497,9.93
2026-08-18 17:56:01,ROI_RESIZED,1,478,114,117,1130,497,9.93
2026-08-18 17:56:01,ROI_RESIZED,1,478,115,119,1130,497,9.93
2026-08-18 17:56:01,ROI_RESIZED,1,478,115,118,1130,497,9.93
2026-08-18 17:56:01,ROI_RESIZED,1,478,115,118,1130,497,10.11
2026-08-18 17:56:01,ROI_RESIZED,1,478,112,116,1130,497,10.11
2026-08-18 17:56:02,ROI_RESIZED,1,478,110,115,1130,497,10.11
2026-08-18 17:56:02,ROI_RESIZED,1,478,113,116,1130,497,10.11
2026-08-18 17:56:02,ROI_RESIZED,1,478,111,116,1130,497,10.11
2026-08-18 17:56:02,ROI_RESIZED,1,478,113,115,1130,497,10.11
2026-08-18 17:56:02,ROI_RESIZED,0,0,0,0,1130,497,10.11
2026-08-18 17:56:02,ROI_RESIZED,0,0,0,0,1130,497,10.11
2026-08-18 17:56:02,ROI_RESIZED,0,0,0,0,1130,497,10.11
2026-08-18 17:56:02,ROI_RESIZED,0,0,0,0,1130,497,10.11
2026-08-18 17:56:02,ROI_RESIZED,0,0,0,0,1130,497,9.95
2026-08-18 17:56:02,ROI_RESIZED,0,0,0,0,1130,497,9.95
2026-08-18 17:56:02,ROI_RESIZED,0,0,0,0,1130,497,9.95
2026-08-18 17:56:03,ROI_RESIZED,0,0,0,0,1130,497,9.95
2026-08-18 17:56:03,ROI_RESIZED,0,0,0,0,1130,497,9.95
2026-08-18 17:56:03,ROI_RESIZED,0,0,0,0,1130,497,9.95
2026-08-18 17:56:03,ROI_RESIZED,0,0,0,0,1130,497,9.95
2026-08-18 17:56:03,ROI_RESIZED,0,0,0,0,1130,497,9.95
2026-08-18 17:56:03,ROI_RESIZED,0,0,0,0,1130,497,9.95
2026-08-18 17:56:03,ROI_RESIZED,0,0,0,0,1130,497,9.95
2026-08-18 17:56:03,ROI_RESIZED,0,0,0,0,1130,497,9.95
2026-08-18 17:56:03,ROI_RESIZED,0,0,0,0,1130,497,10.04
2026-08-18 17:56:03,ROI_RESIZED,0,0,0,0,1130,497,10.04
2026-08-18 17:56:04,ROI_RESIZED,0,0,0,0,1130,497,10.04
2026-08-18 17:56:04,ROI_RESIZED,1,478,128,130,1130,497,10.04
2026-08-18 17:56:04,ROI_RESIZED,1,478,117,121,1130,497,10.04
2026-08-18 17:56:04,ROI_RESIZED,1,478,126,119,1130,497,10.04
2026-08-18 17:56:04,ROI_RESIZED,1,478,113,115,1130,497,10.04
2026-08-18 17:56:04,ROI_RESIZED,1,478,122,116,1130,497,10.04
2026-08-18 17:56:04,ROI_RESIZED,1,478,112,114,1130,497,10.04
2026-08-18 17:56:04,ROI_RESIZED,1,478,113,115,1130,497,8.96
2026-08-18 17:56:05,ROI_RESIZED,1,478,111,114,1130,497,8.96
2026-08-18 17:56:05,ROI_RESIZED,1,478,113,114,1130,497,8.96
2026-08-18 17:56:05,ROI_RESIZED,1,478,112,113,1130,497,8.96
2026-08-18 17:56:05,ROI_RESIZED,1,478,113,114,1130,497,8.96
2026-08-18 17:56:05,ROI_RESIZED,1,478,117,115,1130,497,8.96
2026-08-18 17:56:05,ROI_RESIZED,1,478,109,112,1130,497,8.96
2026-08-18 17:56:05,ROI_RESIZED,1,478,111,113,1130,497,8.96
2026-08-18 17:56:05,ROI_RESIZED,1,478,112,114,1130,497,8.96
2026-08-18 17:56:05,ROI_RESIZED,1,478,112,113,1130,497,8.96
2026-08-18 17:56:05,ROI_RESIZED,1,478,111,114,1130,497,8.96
2026-08-18 17:56:05,ROI_RESIZED,1,478,113,114,1130,497,10.07
2026-08-18 17:56:06,ROI_RESIZED,1,478,111,114,1130,497,10.07
2026-08-18 17:56:06,ROI_RESIZED,1,478,111,112,1130,497,10.07
2026-08-18 17:56:06,ROI_RESIZED,1,478,105,111,1130,497,10.07
2026-08-18 17:56:06,ROI_RESIZED,1,478,101,108,1130,497,10.07
2026-08-18 17:56:06,ROI_RESIZED,1,478,101,106,1130,497,10.07
2026-08-18 17:56:06,ROI_RESIZED,1,478,102,109,1130,497,10.07
2026-08-18 17:56:06,ROI_RESIZED,1,478,105,109,1130,497,10.07
2026-08-18 17:56:06,ROI_RESIZED,1,478,107,109,1130,497,10.07
2026-08-18 17:56:06,FULL_FRAME,0,0,0,0,1130,497,10.07
2026-08-18 17:56:06,FULL_FRAME,0,0,0,0,1130,497,10.07
2026-08-18 17:56:07,FULL_FRAME,0,0,0,0,1130,497,9.95
2026-08-18 17:56:07,FULL_FRAME,0,0,0,0,1130,497,9.95
2026-08-18 17:56:07,FULL_FRAME,0,0,0,0,1130,497,9.95
2026-08-18 17:56:07,FULL_FRAME,0,0,0,0,1130,497,9.95
2026-08-18 17:56:07,FULL_FRAME,0,0,0,0,1130,497,9.95
2026-08-18 17:56:07,FULL_FRAME,0,0,0,0,1130,497,9.95
2026-08-18 17:56:07,FULL_FRAME,0,0,0,0,1130,497,9.95
2026-08-18 17:56:07,FULL_FRAME,0,0,0,0,1130,497,9.95
2026-08-18 17:56:07,FULL_FRAME,0,0,0,0,1130,497,9.95
2026-08-18 17:56:07,FULL_FRAME,0,0,0,0,1130,497,9.95
2026-08-18 17:56:08,FULL_FRAME,0,0,0,0,1130,497,9.95
2026-08-18 17:56:08,FULL_FRAME,0,0,0,0,1130,497,10.19
2026-08-18 17:56:08,FULL_FRAME,0,0,0,0,1130,497,10.19
2026-08-18 17:56:08,FULL_FRAME,0,0,0,0,1130,497,10.19
2026-08-18 17:56:08,FULL_FRAME,0,0,0,0,1130,497,10.19
2026-08-18 17:56:08,FULL_FRAME,0,0,0,0,1130,497,10.19
2026-08-18 17:56:08,FULL_FRAME,0,0,0,0,1130,497,10.19
2026-08-18 17:56:08,FULL_FRAME,0,0,0,0,1130,497,10.19
2026-08-18 17:56:08,FULL_FRAME,0,0,0,0,1130,497,10.19
2026-08-18 17:56:08,FULL_FRAME,0,0,0,0,1130,497,10.19
2026-08-18 17:56:09,FULL_FRAME,0,0,0,0,1130,497,10.19
2026-08-18 17:56:09,FULL_FRAME,0,0,0,0,1130,497,9.92
2026-08-18 17:56:09,FULL_FRAME,0,0,0,0,1130,497,9.92
2026-08-18 17:56:09,FULL_FRAME,0,0,0,0,1130,497,9.92
2026-08-18 17:56:09,FULL_FRAME,0,0,0,0,1130,497,9.92
2026-08-18 17:56:09,FULL_FRAME,0,0,0,0,1130,497,9.92
2026-08-18 17:56:09,FULL_FRAME,0,0,0,0,1130,497,9.92
2026-08-18 17:56:09,FULL_FRAME,0,0,0,0,1130,497,9.92
2026-08-18 17:56:09,FULL_FRAME,0,0,0,0,1130,497,9.92
2026-08-18 17:56:09,FULL_FRAME,0,0,0,0,1130,497,9.92
2026-08-18 17:56:10,FULL_FRAME,0,0,0,0,1130,497,9.92
2026-08-18 17:56:10,FULL_FRAME,0,0,0,0,1130,497,9.92
2026-08-18 17:56:10,FULL_FRAME,0,0,0,0,1130,497,10.11
2026-08-18 17:56:10,FULL_FRAME,0,0,0,0,1130,497,10.11
2026-08-18 17:56:10,FULL_FRAME,0,0,0,0,1130,497,10.11
2026-08-18 17:56:10,FULL_FRAME,0,0,0,0,1130,497,10.11
2026-08-18 17:56:10,FULL_FRAME,0,0,0,0,1130,497,10.11
2026-08-18 17:56:10,FULL_FRAME,0,0,0,0,1130,497,10.11
2026-08-18 17:56:10,FULL_FRAME,0,0,0,0,1130,497,10.11
2026-08-18 17:56:10,FULL_FRAME,0,0,0,0,1130,497,10.11
2026-08-18 17:56:11,FULL_FRAME,0,0,0,0,1130,497,10.11
2026-08-18 17:56:11,FULL_FRAME,0,0,0,0,1130,497,10.11
2026-08-18 17:56:11,FULL_FRAME,0,0,0,0,1130,497,9.83
2026-08-18 17:56:11,FULL_FRAME,0,0,0,0,1130,497,9.83
2026-08-18 17:56:11,FULL_FRAME,0,0,0,0,1130,497,9.83
2026-08-18 17:56:11,FULL_FRAME,0,0,0,0,1130,497,9.83
2026-08-18 17:56:11,FULL_FRAME,0,0,0,0,1130,497,9.83
2026-08-18 17:56:11,FULL_FRAME,0,0,0,0,1130,497,9.83
2026-08-18 17:56:11,FULL_FRAME,0,0,0,0,1130,497,9.83
2026-08-18 17:56:11,FULL_FRAME,0,0,0,0,1130,497,9.83
2026-08-18 17:56:12,FULL_FRAME,0,0,0,0,1130,497,9.83
2026-08-18 17:56:12,FULL_FRAME,0,0,0,0,1130,497,9.83
2026-08-18 17:56:12,FULL_FRAME,0,0,0,0,1130,497,9.83
2026-08-18 17:56:12,FULL_FRAME,0,0,0,0,1130,497,10.19
2026-08-18 17:56:12,FULL_FRAME,0,0,0,0,1130,497,10.19
2026-08-18 17:56:12,FULL_FRAME,0,0,0,0,1130,497,10.19
2026-08-18 17:56:12,FULL_FRAME,0,0,0,0,1130,497,10.19
2026-08-18 17:56:12,FULL_FRAME,0,0,0,0,1130,497,10.19
2026-08-18 17:56:12,FULL_FRAME,0,0,0,0,1130,497,10.19
2026-08-18 17:56:12,FULL_FRAME,0,0,0,0,1130,497,10.19
2026-08-18 17:56:13,FULL_FRAME,0,0,0,0,1130,497,10.19
2026-08-18 17:56:13,FULL_FRAME,0,0,0,0,1130,497,10.19
2026-08-18 17:56:13,FULL_FRAME,0,0,0,0,1130,497,10.19
2026-08-18 17:56:13,FULL_FRAME,0,0,0,0,1130,497,9.85
2026-08-18 17:56:13,FULL_FRAME,0,0,0,0,1130,497,9.85
2026-08-18 17:56:13,FULL_FRAME,0,0,0,0,1130,497,9.85
2026-08-18 17:56:13,FULL_FRAME,0,0,0,0,1130,497,9.85
2026-08-18 17:56:13,FULL_FRAME,0,0,0,0,1130,497,9.85
2026-08-18 17:56:13,FULL_FRAME,0,0,0,0,1130,497,9.85
2026-08-18 17:56:13,FULL_FRAME,0,0,0,0,1130,497,9.85
2026-08-18 17:56:14,FULL_FRAME,0,0,0,0,1130,497,9.85
2026-08-18 17:56:14,FULL_FRAME,0,0,0,0,1130,497,9.85
2026-08-18 17:56:14,FULL_FRAME,0,0,0,0,1130,497,9.85
2026-08-18 17:56:14,FULL_FRAME,0,0,0,0,1130,497,9.85
2026-08-18 17:56:14,FULL_FRAME,0,0,0,0,1130,497,10.17
2026-08-18 17:56:14,FULL_FRAME,0,0,0,0,1130,497,10.17
2026-08-18 17:56:14,FULL_FRAME,0,0,0,0,1130,497,10.17
2026-08-18 17:56:14,FULL_FRAME,0,0,0,0,1130,497,10.17
2026-08-18 17:56:14,FULL_FRAME,0,0,0,0,1130,497,10.17
2026-08-18 17:56:14,FULL_FRAME,0,0,0,0,1130,497,10.17
2026-08-18 17:56:15,FULL_FRAME,0,0,0,0,1130,497,10.17
2026-08-18 17:56:15,FULL_FRAME,0,0,0,0,1130,497,10.17
2026-08-18 17:56:15,FULL_FRAME,0,0,0,0,1130,497,10.17
2026-08-18 17:56:15,FULL_FRAME,0,0,0,0,1130,497,10.17
2026-08-18 17:56:15,FULL_FRAME,0,0,0,0,1130,497,10.17
2026-08-18 17:56:15,FULL_FRAME,0,0,0,0,1130,497,9.97
2026-08-18 17:56:15,FULL_FRAME,0,0,0,0,1130,497,9.97
2026-08-18 17:56:15,FULL_FRAME,0,0,0,0,1130,497,9.97
2026-08-18 17:56:15,FULL_FRAME,0,0,0,0,1130,497,9.97
2026-08-18 17:56:15,FULL_FRAME,0,0,0,0,1130,497,9.97
2026-08-18 17:56:16,FULL_FRAME,0,0,0,0,1130,497,9.97
2026-08-18 17:56:16,FULL_FRAME,0,0,0,0,1130,497,9.97
2026-08-18 17:56:16,FULL_FRAME,0,0,0,0,1130,497,9.97
2026-08-18 17:56:16,FULL_FRAME,0,0,0,0,1130,497,9.97
2026-08-18 17:56:16,FULL_FRAME,0,0,0,0,1130,497,9.97
2026-08-18 17:56:16,FULL_FRAME,0,0,0,0,1130,497,9.97
2026-08-18 17:56:16,FULL_FRAME,0,0,0,0,1130,497,10.11
2026-08-18 17:56:16,FULL_FRAME,0,0,0,0,1130,497,10.11
2026-08-18 17:56:16,FULL_FRAME,0,0,0,0,1130,497,10.11
2026-08-18 17:56:16,FULL_FRAME,0,0,0,0,1130,497,10.11
2026-08-18 17:56:17,FULL_FRAME,0,0,0,0,1130,497,10.11
2026-08-18 17:56:17,FULL_FRAME,0,0,0,0,1130,497,10.11
2026-08-18 17:56:17,FULL_FRAME,0,0,0,0,1130,497,10.11
2026-08-18 17:56:17,FULL_FRAME,0,0,0,0,1130,497,10.11
2026-08-18 17:56:17,FULL_FRAME,0,0,0,0,1130,497,10.11
2026-08-18 17:56:17,FULL_FRAME,0,0,0,0,1130,497,10.11
2026-08-18 17:56:17,FULL_FRAME,0,0,0,0,1130,497,9.94
2026-08-18 17:56:17,FULL_FRAME,0,0,0,0,1130,497,9.94
2026-08-18 17:56:17,FULL_FRAME,0,0,0,0,1130,497,9.94
2026-08-18 17:56:17,FULL_FRAME,0,0,0,0,1130,497,9.94
2026-08-18 17:56:18,FULL_FRAME,0,0,0,0,1130,497,9.94
2026-08-18 17:56:18,FULL_FRAME,0,0,0,0,1130,497,9.94
2026-08-18 17:56:18,FULL_FRAME,0,0,0,0,1130,497,9.94
2026-08-18 17:56:18,FULL_FRAME,0,0,0,0,1130,497,9.94
2026-08-18 17:56:18,FULL_FRAME,0,0,0,0,1130,497,9.94
2026-08-18 17:56:18,FULL_FRAME,0,0,0,0,1130,497,9.94
2026-08-18 17:56:18,FULL_FRAME,0,0,0,0,1130,497,9.94
2026-08-18 17:56:18,FULL_FRAME,0,0,0,0,1130,497,10.1
2026-08-18 17:56:18,FULL_FRAME,0,0,0,0,1130,497,10.1
2026-08-18 17:56:18,FULL_FRAME,0,0,0,0,1130,497,10.1
2026-08-18 17:56:19,FULL_FRAME,0,0,0,0,1130,497,10.1
2026-08-18 17:56:19,FULL_FRAME,0,0,0,0,1130,497,10.1
2026-08-18 17:56:19,FULL_FRAME,0,0,0,0,1130,497,10.1
2026-08-18 17:56:19,FULL_FRAME,0,0,0,0,1130,497,10.1
2026-08-18 17:56:19,FULL_FRAME,1,478,151,158,1130,497,10.1
2026-08-18 17:56:19,FULL_FRAME,0,0,0,0,1130,497,10.1
2026-08-18 17:56:19,FULL_FRAME,0,0,0,0,1130,497,10.1
2026-08-18 17:56:19,FULL_FRAME,0,0,0,0,1130,497,9.92
2026-08-18 17:56:19,FULL_FRAME,0,0,0,0,1130,497,9.92
2026-08-18 17:56:19,FULL_FRAME,0,0,0,0,1130,497,9.92
2026-08-18 17:56:20,FULL_FRAME,0,0,0,0,1130,497,9.92
2026-08-18 17:56:20,FULL_FRAME,0,0,0,0,1130,497,9.92
2026-08-18 17:56:20,FULL_FRAME,0,0,0,0,1130,497,9.92
2026-08-18 17:56:20,FULL_FRAME,0,0,0,0,1130,497,9.92
2026-08-18 17:56:20,FULL_FRAME,0,0,0,0,1130,497,9.92
2026-08-18 17:56:20,FULL_FRAME,0,0,0,0,1130,497,9.92
2026-08-18 17:56:20,FULL_FRAME,0,0,0,0,1130,497,9.92
2026-08-18 17:56:20,FULL_FRAME,0,0,0,0,1130,497,9.92
2026-08-18 17:56:20,FULL_FRAME,0,0,0,0,1130,497,10.06
2026-08-18 17:56:20,FULL_FRAME,0,0,0,0,1130,497,10.06
2026-08-18 17:56:21,FULL_FRAME,0,0,0,0,1130,497,10.06
2026-08-18 17:56:21,FULL_FRAME,0,0,0,0,1130,497,10.06
2026-08-18 17:56:21,FULL_FRAME,0,0,0,0,1130,497,10.06
2026-08-18 17:56:21,FULL_FRAME,0,0,0,0,1130,497,10.06
2026-08-18 17:56:21,FULL_FRAME,0,0,0,0,1130,497,10.06
2026-08-18 17:56:21,FULL_FRAME,0,0,0,0,1130,497,10.06
2026-08-18 17:56:21,FULL_FRAME,1,478,160,172,1130,497,10.06
2026-08-18 17:56:21,FULL_FRAME,1,478,138,148,1130,497,10.06
2026-08-18 17:56:21,FULL_FRAME,0,0,0,0,1130,497,10.0
2026-08-18 17:56:21,FULL_FRAME,0,0,0,0,1130,497,10.0
2026-08-18 17:56:22,FULL_FRAME,1,478,180,206,1130,497,10.0
2026-08-18 17:56:22,FULL_FRAME,1,478,170,202,1130,497,10.0
2026-08-18 17:56:22,FULL_FRAME,1,478,141,133,1130,497,10.0
2026-08-18 17:56:22,FULL_FRAME,1,478,107,125,1130,497,10.0
2026-08-18 17:56:22,FULL_FRAME,1,478,105,119,1130,497,10.0
2026-08-18 17:56:22,FULL_FRAME,1,478,105,116,1130,497,10.0
2026-08-18 17:56:22,FULL_FRAME,1,478,105,115,1130,497,10.0
2026-08-18 17:56:22,FULL_FRAME,1,478,104,115,1130,497,10.0
2026-08-18 17:56:22,FULL_FRAME,1,478,102,115,1130,497,10.0
2026-08-18 17:56:22,FULL_FRAME,1,478,102,115,1130,497,10.03
2026-08-18 17:56:23,FULL_FRAME,1,478,102,116,1130,497,10.03
2026-08-18 17:56:23,FULL_FRAME,1,478,100,115,1130,497,10.03
2026-08-18 17:56:23,FULL_FRAME,1,478,98,111,1130,497,10.03
2026-08-18 17:56:23,FULL_FRAME,1,478,98,109,1130,497,10.03
2026-08-18 17:56:23,FULL_FRAME,1,478,95,110,1130,497,10.03
2026-08-18 17:56:23,FULL_FRAME,1,478,96,111,1130,497,10.03
2026-08-18 17:56:23,FULL_FRAME,1,478,100,112,1130,497,10.03
2026-08-18 17:56:23,FULL_FRAME,1,478,96,111,1130,497,10.03
2026-08-18 17:56:23,FULL_FRAME,1,478,96,111,1130,497,10.03
2026-08-18 17:56:23,FULL_FRAME,1,478,99,110,1130,497,10.03
2026-08-18 17:56:24,FULL_FRAME,1,478,99,109,1130,497,9.96
2026-08-18 17:56:24,FULL_FRAME,1,478,99,108,1130,497,9.96
2026-08-18 17:56:24,FULL_FRAME,1,478,99,109,1130,497,9.96
2026-08-18 17:56:24,FULL_FRAME,1,478,96,107,1130,497,9.96
2026-08-18 17:56:24,FULL_FRAME,1,478,97,107,1130,497,9.96
2026-08-18 17:56:24,FULL_FRAME,1,478,97,108,1130,497,9.96
2026-08-18 17:56:24,FULL_FRAME,1,478,96,108,1130,497,9.96
2026-08-18 17:56:24,FULL_FRAME,1,478,97,106,1130,497,9.96
2026-08-18 17:56:24,FULL_FRAME,1,478,93,105,1130,497,9.96
2026-08-18 17:56:24,FULL_FRAME,1,478,91,105,1130,497,9.96
2026-08-18 17:56:25,FULL_FRAME,1,478,91,105,1130,497,9.96
2026-08-18 17:56:25,FULL_FRAME,1,478,91,103,1130,497,10.16
2026-08-18 17:56:25,FULL_FRAME,1,478,91,103,1130,497,10.16
2026-08-18 17:56:25,FULL_FRAME,1,478,92,104,1130,497,10.16
2026-08-18 17:56:25,FULL_FRAME,1,478,91,105,1130,497,10.16
2026-08-18 17:56:25,FULL_FRAME,1,478,90,105,1130,497,10.16
2026-08-18 17:56:25,FULL_FRAME,1,478,94,105,1130,497,10.16
2026-08-18 17:56:25,FULL_FRAME,1,478,94,107,1130,497,10.16
2026-08-18 17:56:25,FULL_FRAME,1,478,94,108,1130,497,10.16
2026-08-18 17:56:25,FULL_FRAME,1,478,96,108,1130,497,10.16
2026-08-18 17:56:26,FULL_FRAME,1,478,95,108,1130,497,10.16
2026-08-18 17:56:26,FULL_FRAME,1,478,95,108,1130,497,9.88
2026-08-18 17:56:26,FULL_FRAME,1,478,96,108,1130,497,9.88
2026-08-18 17:56:26,FULL_FRAME,1,478,96,107,1130,497,9.88
2026-08-18 17:56:26,FULL_FRAME,1,478,94,107,1130,497,9.88
2026-08-18 17:56:26,FULL_FRAME,1,478,92,106,1130,497,9.88
2026-08-18 17:56:26,FULL_FRAME,1,478,96,106,1130,497,9.88
2026-08-18 17:56:26,FULL_FRAME,1,478,96,106,1130,497,9.88
2026-08-18 17:56:26,FULL_FRAME,1,478,95,107,1130,497,9.88
2026-08-18 17:56:26,FULL_FRAME,1,478,94,108,1130,497,9.88
2026-08-18 17:56:27,FULL_FRAME,1,478,94,108,1130,497,9.88
2026-08-18 17:56:27,FULL_FRAME,1,478,94,107,1130,497,9.88
2026-08-18 17:56:27,FULL_FRAME,1,478,93,107,1130,497,10.15
2026-08-18 17:56:27,FULL_FRAME,1,478,93,107,1130,497,10.15
2026-08-18 17:56:27,FULL_FRAME,1,478,93,106,1130,497,10.15
2026-08-18 17:56:27,FULL_FRAME,1,478,92,106,1130,497,10.15
2026-08-18 17:56:27,FULL_FRAME,1,478,91,106,1130,497,10.15
2026-08-18 17:56:27,FULL_FRAME,1,478,91,107,1130,497,10.15
2026-08-18 17:56:27,FULL_FRAME,1,478,93,108,1130,497,10.15
2026-08-18 17:56:27,FULL_FRAME,1,478,93,109,1130,497,10.15
2026-08-18 17:56:28,FULL_FRAME,1,478,94,109,1130,497,10.15
2026-08-18 17:56:28,FULL_FRAME,1,478,95,109,1130,497,10.15
2026-08-18 17:56:28,FULL_FRAME,1,478,97,109,1130,497,9.86
2026-08-18 17:56:28,FULL_FRAME,1,478,97,108,1130,497,9.86
2026-08-18 17:56:28,FULL_FRAME,1,478,96,109,1130,497,9.86
2026-08-18 17:56:28,FULL_FRAME,1,478,95,109,1130,497,9.86
2026-08-18 17:56:28,FULL_FRAME,1,478,93,107,1130,497,9.86
2026-08-18 17:56:28,FULL_FRAME,1,478,94,107,1130,497,9.86
2026-08-18 17:56:28,FULL_FRAME,1,478,93,106,1130,497,9.86
2026-08-18 17:56:28,FULL_FRAME,1,478,94,106,1130,497,9.86
2026-08-18 17:56:29,FULL_FRAME,1,478,94,105,1130,497,9.86
2026-08-18 17:56:29,FULL_FRAME,1,478,94,106,1130,497,9.86
2026-08-18 17:56:29,FULL_FRAME,1,478,95,107,1130,497,9.86
2026-08-18 17:56:29,FULL_FRAME,1,478,99,109,1130,497,10.17
2026-08-18 17:56:29,FULL_FRAME,1,478,98,109,1130,497,10.17
2026-08-18 17:56:29,FULL_FRAME,1,478,98,108,1130,497,10.17
2026-08-18 17:56:29,FULL_FRAME,1,478,97,107,1130,497,10.17
2026-08-18 17:56:29,FULL_FRAME,1,478,98,107,1130,497,10.17
2026-08-18 17:56:29,FULL_FRAME,1,478,95,107,1130,497,10.17
2026-08-18 17:56:29,FULL_FRAME,1,478,94,107,1130,497,10.17
2026-08-18 17:56:30,FULL_FRAME,1,478,95,107,1130,497,10.17
2026-08-18 17:56:30,FULL_FRAME,1,478,95,107,1130,497,10.17
2026-08-18 17:56:30,FULL_FRAME,1,478,93,105,1130,497,10.17
2026-08-18 17:56:30,FULL_FRAME,1,478,94,105,1130,497,9.91
2026-08-18 17:56:30,FULL_FRAME,1,478,95,105,1130,497,9.91
2026-08-18 17:56:30,FULL_FRAME,1,478,95,106,1130,497,9.91
2026-08-18 17:56:30,FULL_FRAME,1,478,95,107,1130,497,9.91
2026-08-18 17:56:30,FULL_FRAME,1,478,100,105,1130,497,9.91
2026-08-18 17:56:30,FULL_FRAME,1,478,99,103,1130,497,9.91
2026-08-18 17:56:30,FULL_FRAME,1,478,98,103,1130,497,9.91
2026-08-18 17:56:31,FULL_FRAME,1,478,100,104,1130,497,9.91
2026-08-18 17:56:31,FULL_FRAME,1,478,102,104,1130,497,9.91
2026-08-18 17:56:31,FULL_FRAME,1,478,94,104,1130,497,9.91
2026-08-18 17:56:31,FULL_FRAME,1,478,91,103,1130,497,9.91
2026-08-18 17:56:31,FULL_FRAME,1,478,94,103,1130,497,10.12
2026-08-18 17:56:31,FULL_FRAME,1,478,91,102,1130,497,10.12
2026-08-18 17:56:31,FULL_FRAME,1,478,92,100,1130,497,10.12
2026-08-18 17:56:31,FULL_FRAME,1,478,91,100,1130,497,10.12
2026-08-18 17:56:31,FULL_FRAME,1,478,91,101,1130,497,10.12
2026-08-18 17:56:31,FULL_FRAME,1,478,90,102,1130,497,10.12
2026-08-18 17:56:32,FULL_FRAME,1,478,86,101,1130,497,10.12
2026-08-18 17:56:32,FULL_FRAME,1,478,92,101,1130,497,10.12
2026-08-18 17:56:32,FULL_FRAME,1,478,88,100,1130,497,10.12
2026-08-18 17:56:32,FULL_FRAME,1,478,90,100,1130,497,10.12
2026-08-18 17:56:32,FULL_FRAME,1,478,91,100,1130,497,10.12
2026-08-18 17:56:32,FULL_FRAME,1,478,88,101,1130,497,9.95
2026-08-18 17:56:32,FULL_FRAME,1,478,88,101,1130,497,9.95
2026-08-18 17:56:32,FULL_FRAME,1,478,89,102,1130,497,9.95
2026-08-18 17:56:32,FULL_FRAME,1,478,88,102,1130,497,9.95
2026-08-18 17:56:32,FULL_FRAME,1,478,91,103,1130,497,9.95
2026-08-18 17:56:33,FULL_FRAME,1,478,90,103,1130,497,9.95
2026-08-18 17:56:33,FULL_FRAME,1,478,91,103,1130,497,9.95
2026-08-18 17:56:33,FULL_FRAME,1,478,91,104,1130,497,9.95
2026-08-18 17:56:33,FULL_FRAME,1,478,94,104,1130,497,9.95
2026-08-18 17:56:33,FULL_FRAME,1,478,94,104,1130,497,9.95
2026-08-18 17:56:33,FULL_FRAME,1,478,93,104,1130,497,9.95
2026-08-18 17:56:33,FULL_FRAME,1,478,93,104,1130,497,10.11
2026-08-18 17:56:33,FULL_FRAME,1,478,92,103,1130,497,10.11
2026-08-18 17:56:33,FULL_FRAME,1,478,92,102,1130,497,10.11
2026-08-18 17:56:33,FULL_FRAME,1,478,91,103,1130,497,10.11
2026-08-18 17:56:34,FULL_FRAME,1,478,92,102,1130,497,10.11
2026-08-18 17:56:34,FULL_FRAME,1,478,91,102,1130,497,10.11
2026-08-18 17:56:34,FULL_FRAME,1,478,90,102,1130,497,10.11
2026-08-18 17:56:34,FULL_FRAME,1,478,92,102,1130,497,10.11
2026-08-18 17:56:34,FULL_FRAME,1,478,92,102,1130,497,10.11
2026-08-18 17:56:34,FULL_FRAME,1,478,91,101,1130,497,10.11
2026-08-18 17:56:34,FULL_FRAME,1,478,91,101,1130,497,9.92
2026-08-18 17:56:34,FULL_FRAME,1,478,92,102,1130,497,9.92
2026-08-18 17:56:34,FULL_FRAME,1,478,92,102,1130,497,9.92
2026-08-18 17:56:34,FULL_FRAME,1,478,93,102,1130,497,9.92
2026-08-18 17:56:35,FULL_FRAME,1,478,93,102,1130,497,9.92
2026-08-18 17:56:35,FULL_FRAME,1,478,94,103,1130,497,9.92
2026-08-18 17:56:35,FULL_FRAME,1,478,96,103,1130,497,9.92
2026-08-18 17:56:35,FULL_FRAME,1,478,95,104,1130,497,9.92
2026-08-18 17:56:35,FULL_FRAME,1,478,95,104,1130,497,9.92
2026-08-18 17:56:35,FULL_FRAME,1,478,93,104,1130,497,9.92
2026-08-18 17:56:35,FULL_FRAME,1,478,93,104,1130,497,9.92
2026-08-18 17:56:35,FULL_FRAME,1,478,93,104,1130,497,10.1
2026-08-18 17:56:35,FULL_FRAME,1,478,91,103,1130,497,10.1
2026-08-18 17:56:35,FULL_FRAME,1,478,89,102,1130,497,10.1
2026-08-18 17:56:36,FULL_FRAME,1,478,90,101,1130,497,10.1
2026-08-18 17:56:36,FULL_FRAME,1,478,89,101,1130,497,10.1
2026-08-18 17:56:36,FULL_FRAME,1,478,89,102,1130,497,10.1
2026-08-18 17:56:36,FULL_FRAME,1,478,92,102,1130,497,10.1
2026-08-18 17:56:36,FULL_FRAME,1,478,94,103,1130,497,10.1
2026-08-18 17:56:36,FULL_FRAME,1,478,94,105,1130,497,10.1
2026-08-18 17:56:36,FULL_FRAME,1,478,94,104,1130,497,10.1
2026-08-18 17:56:36,FULL_FRAME,1,478,94,102,1130,497,9.92
2026-08-18 17:56:36,FULL_FRAME,1,478,92,102,1130,497,9.92
2026-08-18 17:56:36,FULL_FRAME,1,478,88,102,1130,497,9.92
2026-08-18 17:56:37,FULL_FRAME,1,478,88,101,1130,497,9.92
2026-08-18 17:56:37,FULL_FRAME,1,478,91,102,1130,497,9.92
2026-08-18 17:56:37,FULL_FRAME,1,478,89,102,1130,497,9.92
2026-08-18 17:56:37,FULL_FRAME,1,478,88,102,1130,497,9.92
2026-08-18 17:56:37,FULL_FRAME,1,478,90,102,1130,497,9.92
2026-08-18 17:56:37,FULL_FRAME,1,478,91,102,1130,497,9.92
2026-08-18 17:56:37,FULL_FRAME,1,478,91,102,1130,497,9.92
2026-08-18 17:56:37,FULL_FRAME,1,478,93,103,1130,497,9.92
2026-08-18 17:56:37,FULL_FRAME,1,478,93,103,1130,497,10.07
2026-08-18 17:56:37,FULL_FRAME,1,478,92,103,1130,497,10.07
2026-08-18 17:56:38,FULL_FRAME,1,478,92,104,1130,497,10.07
2026-08-18 17:56:38,FULL_FRAME,1,478,89,104,1130,497,10.07
2026-08-18 17:56:38,FULL_FRAME,1,478,90,103,1130,497,10.07
2026-08-18 17:56:38,FULL_FRAME,1,478,92,103,1130,497,10.07
2026-08-18 17:56:38,FULL_FRAME,1,478,92,103,1130,497,10.07
2026-08-18 17:56:38,FULL_FRAME,1,478,92,103,1130,497,10.07
2026-08-18 17:56:38,FULL_FRAME,1,478,91,102,1130,497,10.07
2026-08-18 17:56:38,FULL_FRAME,1,478,91,102,1130,497,10.07
2026-08-18 17:56:38,FULL_FRAME,1,478,91,102,1130,497,9.95
2026-08-18 17:56:38,FULL_FRAME,1,478,94,103,1130,497,9.95
2026-08-18 17:56:39,FULL_FRAME,1,478,93,103,1130,497,9.95
2026-08-18 17:56:39,FULL_FRAME,1,478,94,103,1130,497,9.95
2026-08-18 17:56:39,FULL_FRAME,1,478,92,101,1130,497,9.95
2026-08-18 17:56:39,FULL_FRAME,1,478,92,101,1130,497,9.95
2026-08-18 17:56:39,FULL_FRAME,1,478,92,101,1130,497,9.95
2026-08-18 17:56:39,FULL_FRAME,1,478,92,101,1130,497,9.95
2026-08-18 17:56:39,FULL_FRAME,1,478,92,101,1130,497,9.95
2026-08-18 17:56:39,FULL_FRAME,1,478,94,101,1130,497,9.95
2026-08-18 17:56:39,FULL_FRAME,1,478,96,101,1130,497,9.95
2026-08-18 17:56:39,FULL_FRAME,1,478,95,102,1130,497,10.08
2026-08-18 17:56:40,FULL_FRAME,1,478,92,102,1130,497,10.08
2026-08-18 17:56:40,FULL_FRAME,1,478,95,102,1130,497,10.08
2026-08-18 17:56:40,FULL_FRAME,1,478,97,102,1130,497,10.08
2026-08-18 17:56:40,FULL_FRAME,1,478,95,102,1130,497,10.08
2026-08-18 17:56:40,FULL_FRAME,1,478,94,102,1130,497,10.08
2026-08-18 17:56:40,FULL_FRAME,1,478,92,101,1130,497,10.08
2026-08-18 17:56:40,FULL_FRAME,1,478,91,101,1130,497,10.08
2026-08-18 17:56:40,FULL_FRAME,1,478,90,100,1130,497,10.08
2026-08-18 17:56:40,FULL_FRAME,1,478,91,100,1130,497,10.08
2026-08-18 17:56:40,FULL_FRAME,1,478,91,101,1130,497,10.08
2026-08-18 17:56:41,FULL_FRAME,1,478,91,101,1130,497,9.98
2026-08-18 17:56:41,FULL_FRAME,1,478,91,101,1130,497,9.98
2026-08-18 17:56:41,FULL_FRAME,1,478,92,102,1130,497,9.98
2026-08-18 17:56:41,FULL_FRAME,1,478,95,102,1130,497,9.98
2026-08-18 17:56:41,FULL_FRAME,1,478,95,103,1130,497,9.98
2026-08-18 17:56:41,FULL_FRAME,1,478,93,104,1130,497,9.98
2026-08-18 17:56:41,FULL_FRAME,1,478,92,105,1130,497,9.98
2026-08-18 17:56:41,FULL_FRAME,1,478,93,105,1130,497,9.98
2026-08-18 17:56:41,FULL_FRAME,1,478,93,105,1130,497,9.98
2026-08-18 17:56:41,FULL_FRAME,1,478,94,104,1130,497,9.98
2026-08-18 17:56:42,FULL_FRAME,1,478,94,103,1130,497,9.98
2026-08-18 17:56:42,FULL_FRAME,1,478,91,103,1130,497,10.19
2026-08-18 17:56:42,FULL_FRAME,1,478,92,103,1130,497,10.19
2026-08-18 17:56:42,FULL_FRAME,1,478,94,103,1130,497,10.19
2026-08-18 17:56:42,FULL_FRAME,1,478,93,103,1130,497,10.19
2026-08-18 17:56:42,FULL_FRAME,1,478,94,103,1130,497,10.19
2026-08-18 17:56:42,FULL_FRAME,1,478,94,103,1130,497,10.19
2026-08-18 17:56:42,FULL_FRAME,1,478,94,103,1130,497,10.19
2026-08-18 17:56:42,FULL_FRAME,1,478,94,103,1130,497,10.19
2026-08-18 17:56:42,FULL_FRAME,1,478,94,103,1130,497,10.19
2026-08-18 17:56:43,FULL_FRAME,1,478,95,103,1130,497,10.19
2026-08-18 17:56:43,FULL_FRAME,1,478,93,103,1130,497,9.82
2026-08-18 17:56:43,FULL_FRAME,1,478,92,103,1130,497,9.82
2026-08-18 17:56:43,FULL_FRAME,1,478,92,103,1130,497,9.82
2026-08-18 17:56:43,FULL_FRAME,1,478,90,103,1130,497,9.82
2026-08-18 17:56:43,FULL_FRAME,1,478,91,103,1130,497,9.82
2026-08-18 17:56:43,FULL_FRAME,1,478,92,103,1130,497,9.82
2026-08-18 17:56:43,FULL_FRAME,1,478,91,102,1130,497,9.82
2026-08-18 17:56:43,FULL_FRAME,1,478,90,102,1130,497,9.82
2026-08-18 17:56:43,FULL_FRAME,1,478,91,101,1130,497,9.82
2026-08-18 17:56:44,FULL_FRAME,1,478,89,102,1130,497,9.82
2026-08-18 17:56:44,FULL_FRAME,1,478,90,102,1130,497,9.82
2026-08-18 17:56:44,FULL_FRAME,1,478,92,103,1130,497,10.16
2026-08-18 17:56:44,FULL_FRAME,1,478,92,104,1130,497,10.16
2026-08-18 17:56:44,FULL_FRAME,1,478,90,104,1130,497,10.16
2026-08-18 17:56:44,FULL_FRAME,1,478,90,104,1130,497,10.16
2026-08-18 17:56:44,FULL_FRAME,1,478,91,104,1130,497,10.16
2026-08-18 17:56:44,FULL_FRAME,1,478,91,104,1130,497,10.16
2026-08-18 17:56:44,FULL_FRAME,1,478,92,105,1130,497,10.16
2026-08-18 17:56:44,FULL_FRAME,1,478,91,105,1130,497,10.16
2026-08-18 17:56:44,FULL_FRAME,1,478,91,105,1130,497,10.16
2026-08-18 17:56:45,FULL_FRAME,1,478,91,104,1130,497,10.16
2026-08-18 17:56:45,FULL_FRAME,1,478,93,104,1130,497,9.85
2026-08-18 17:56:45,FULL_FRAME,1,478,90,104,1130,497,9.85
2026-08-18 17:56:45,FULL_FRAME,1,478,91,104,1130,497,9.85
2026-08-18 17:56:45,FULL_FRAME,1,478,91,104,1130,497,9.85
2026-08-18 17:56:45,FULL_FRAME,1,478,91,104,1130,497,9.85
2026-08-18 17:56:45,FULL_FRAME,1,478,91,103,1130,497,9.85
2026-08-18 17:56:45,FULL_FRAME,1,478,89,103,1130,497,9.85
2026-08-18 17:56:45,FULL_FRAME,1,478,90,103,1130,497,9.85
2026-08-18 17:56:45,FULL_FRAME,1,478,92,103,1130,497,9.85
2026-08-18 17:56:46,FULL_FRAME,1,478,89,104,1130,497,9.85
2026-08-18 17:56:46,FULL_FRAME,1,478,88,102,1130,497,9.85
2026-08-18 17:56:46,FULL_FRAME,1,478,88,102,1130,497,10.17
2026-08-18 17:56:46,FULL_FRAME,1,478,89,102,1130,497,10.17
2026-08-18 17:56:46,FULL_FRAME,1,478,90,102,1130,497,10.17
2026-08-18 17:56:46,FULL_FRAME,1,478,90,102,1130,497,10.17
2026-08-18 17:56:46,FULL_FRAME,1,478,91,103,1130,497,10.17
2026-08-18 17:56:46,FULL_FRAME,1,478,93,104,1130,497,10.17
2026-08-18 17:56:46,FULL_FRAME,1,478,95,105,1130,497,10.17
2026-08-18 17:56:47,FULL_FRAME,1,478,94,104,1130,497,10.17
2026-08-18 17:56:47,FULL_FRAME,1,478,95,102,1130,497,10.17
2026-08-18 17:56:47,FULL_FRAME,1,478,96,103,1130,497,10.17
2026-08-18 17:56:47,FULL_FRAME,1,478,97,105,1130,497,9.9
2026-08-18 17:56:47,FULL_FRAME,1,478,92,105,1130,497,9.9
2026-08-18 17:56:47,FULL_FRAME,1,478,93,107,1130,497,9.9
2026-08-18 17:56:47,FULL_FRAME,1,478,95,107,1130,497,9.9
2026-08-18 17:56:47,FULL_FRAME,1,478,97,107,1130,497,9.9
2026-08-18 17:56:47,FULL_FRAME,1,478,93,106,1130,497,9.9
2026-08-18 17:56:47,FULL_FRAME,1,478,91,106,1130,497,9.9
2026-08-18 17:56:47,FULL_FRAME,1,478,92,105,1130,497,9.9
2026-08-18 17:56:48,FULL_FRAME,1,478,95,105,1130,497,9.9
2026-08-18 17:56:48,FULL_FRAME,1,478,97,105,1130,497,9.9
2026-08-18 17:56:48,FULL_FRAME,1,478,96,105,1130,497,9.9
2026-08-18 17:56:48,FULL_FRAME,1,478,97,105,1130,497,10.15
2026-08-18 17:56:48,FULL_FRAME,1,478,96,105,1130,497,10.15
2026-08-18 17:56:48,FULL_FRAME,1,478,95,105,1130,497,10.15
2026-08-18 17:56:48,FULL_FRAME,1,478,97,105,1130,497,10.15
2026-08-18 17:56:48,FULL_FRAME,1,478,96,107,1130,497,10.15
2026-08-18 17:56:48,FULL_FRAME,1,478,93,107,1130,497,10.15
2026-08-18 17:56:48,FULL_FRAME,1,478,95,106,1130,497,10.15
2026-08-18 17:56:49,FULL_FRAME,1,478,93,106,1130,497,10.15
2026-08-18 17:56:49,FULL_FRAME,1,478,96,107,1130,497,10.15
2026-08-18 17:56:49,FULL_FRAME,1,478,92,107,1130,497,10.15
2026-08-18 17:56:49,FULL_FRAME,1,478,96,107,1130,497,9.99
2026-08-18 17:56:49,FULL_FRAME,1,478,97,107,1130,497,9.99
2026-08-18 17:56:49,FULL_FRAME,1,478,96,106,1130,497,9.99
2026-08-18 17:56:49,FULL_FRAME,1,478,99,107,1130,497,9.99
2026-08-18 17:56:49,FULL_FRAME,1,478,97,107,1130,497,9.99
2026-08-18 17:56:49,FULL_FRAME,1,478,96,107,1130,497,9.99
2026-08-18 17:56:49,FULL_FRAME,1,478,99,107,1130,497,9.99
2026-08-18 17:56:50,FULL_FRAME,1,478,99,106,1130,497,9.99
2026-08-18 17:56:50,FULL_FRAME,1,478,97,106,1130,497,9.99
2026-08-18 17:56:50,FULL_FRAME,1,478,94,105,1130,497,9.99
2026-08-18 17:56:50,FULL_FRAME,1,478,95,104,1130,497,9.99
2026-08-18 17:56:50,FULL_FRAME,1,478,91,105,1130,497,10.03
2026-08-18 17:56:50,FULL_FRAME,1,478,94,106,1130,497,10.03
2026-08-18 17:56:50,FULL_FRAME,1,478,95,106,1130,497,10.03
2026-08-18 17:56:50,FULL_FRAME,1,478,94,105,1130,497,10.03
2026-08-18 17:56:50,FULL_FRAME,1,478,95,106,1130,497,10.03
2026-08-18 17:56:50,FULL_FRAME,1,478,95,105,1130,497,10.03
2026-08-18 17:56:51,FULL_FRAME,1,478,93,105,1130,497,10.03
2026-08-18 17:56:51,FULL_FRAME,1,478,93,104,1130,497,10.03
2026-08-18 17:56:51,FULL_FRAME,1,478,93,104,1130,497,10.03
2026-08-18 17:56:51,FULL_FRAME,1,478,94,104,1130,497,10.03
2026-08-18 17:56:51,FULL_FRAME,1,478,91,104,1130,497,10.03
2026-08-18 17:56:51,FULL_FRAME,1,478,91,103,1130,497,9.96
2026-08-18 17:56:51,FULL_FRAME,1,478,94,103,1130,497,9.96
2026-08-18 17:56:51,FULL_FRAME,1,478,94,104,1130,497,9.96
2026-08-18 17:56:51,FULL_FRAME,1,478,95,104,1130,497,9.96
2026-08-18 17:56:51,FULL_FRAME,1,478,95,105,1130,497,9.96
2026-08-18 17:56:52,FULL_FRAME,1,478,95,104,1130,497,9.96
2026-08-18 17:56:52,FULL_FRAME,1,478,92,104,1130,497,9.96
2026-08-18 17:56:52,FULL_FRAME,1,478,92,104,1130,497,9.96
2026-08-18 17:56:52,FULL_FRAME,1,478,92,105,1130,497,9.96
2026-08-18 17:56:52,FULL_FRAME,1,478,92,105,1130,497,9.96
2026-08-18 17:56:52,FULL_FRAME,1,478,96,106,1130,497,9.96
2026-08-18 17:56:52,FULL_FRAME,1,478,95,107,1130,497,10.18
2026-08-18 17:56:52,FULL_FRAME,1,478,95,107,1130,497,10.18
2026-08-18 17:56:52,FULL_FRAME,1,478,95,108,1130,497,10.18
2026-08-18 17:56:52,FULL_FRAME,1,478,93,108,1130,497,10.18
2026-08-18 17:56:53,FULL_FRAME,1,478,92,107,1130,497,10.18
2026-08-18 17:56:53,FULL_FRAME,1,478,92,107,1130,497,10.18
2026-08-18 17:56:53,FULL_FRAME,1,478,92,107,1130,497,10.18
2026-08-18 17:56:53,FULL_FRAME,1,478,92,107,1130,497,10.18
2026-08-18 17:56:53,FULL_FRAME,1,478,92,107,1130,497,10.18
2026-08-18 17:56:53,FULL_FRAME,1,478,92,107,1130,497,10.18
2026-08-18 17:56:53,FULL_FRAME,1,478,93,107,1130,497,9.91
2026-08-18 17:56:53,FULL_FRAME,1,478,92,107,1130,497,9.91
2026-08-18 17:56:53,FULL_FRAME,1,478,96,107,1130,497,9.91
2026-08-18 17:56:53,FULL_FRAME,1,478,97,108,1130,497,9.91
2026-08-18 17:56:54,FULL_FRAME,1,478,97,108,1130,497,9.91
2026-08-18 17:56:54,FULL_FRAME,1,478,96,108,1130,497,9.91
2026-08-18 17:56:54,FULL_FRAME,1,478,96,107,1130,497,9.91
2026-08-18 17:56:54,FULL_FRAME,1,478,95,107,1130,497,9.91
2026-08-18 17:56:54,FULL_FRAME,1,478,95,107,1130,497,9.91
2026-08-18 17:56:54,FULL_FRAME,1,478,95,107,1130,497,9.91
2026-08-18 17:56:54,FULL_FRAME,1,478,94,107,1130,497,9.91
2026-08-18 17:56:54,FULL_FRAME,1,478,93,107,1130,497,9.96
2026-08-18 17:56:54,FULL_FRAME,1,478,92,107,1130,497,9.96
2026-08-18 17:56:54,FULL_FRAME,1,478,93,105,1130,497,9.96
2026-08-18 17:56:55,FULL_FRAME,1,478,102,109,1130,497,9.96
2026-08-18 17:56:55,FULL_FRAME,1,478,111,116,1130,497,9.96
2026-08-18 17:56:55,FULL_FRAME,0,0,0,0,1130,497,9.96
2026-08-18 17:56:55,FULL_FRAME,0,0,0,0,1130,497,9.96
2026-08-18 17:56:55,FULL_FRAME,0,0,0,0,1130,497,9.96
2026-08-18 17:56:55,FULL_FRAME,0,0,0,0,1130,497,9.96
2026-08-18 17:56:55,FULL_FRAME,0,0,0,0,1130,497,9.96
2026-08-18 17:56:55,FULL_FRAME,0,0,0,0,1130,497,9.96
2026-08-18 17:56:55,FULL_FRAME,0,0,0,0,1130,497,10.11
2026-08-18 17:56:55,FULL_FRAME,0,0,0,0,1130,497,10.11
2026-08-18 17:56:56,FULL_FRAME,0,0,0,0,1130,497,10.11
2026-08-18 17:56:56,FULL_FRAME,0,0,0,0,1130,497,10.11
2026-08-18 17:56:56,FULL_FRAME,0,0,0,0,1130,497,10.11
2026-08-18 17:56:56,FULL_FRAME,0,0,0,0,1130,497,10.11
2026-08-18 17:56:56,FULL_FRAME,0,0,0,0,1130,497,10.11
2026-08-18 17:56:56,FULL_FRAME,0,0,0,0,1130,497,10.11
2026-08-18 17:56:56,FULL_FRAME,0,0,0,0,1130,497,10.11
2026-08-18 17:56:56,FULL_FRAME,0,0,0,0,1130,497,10.11
2026-08-18 17:56:56,FULL_FRAME,0,0,0,0,1130,497,9.99
2026-08-18 17:56:56,FULL_FRAME,0,0,0,0,1130,497,9.99
2026-08-18 17:56:57,FULL_FRAME,0,0,0,0,1130,497,9.99
2026-08-18 17:56:57,FULL_FRAME,0,0,0,0,1130,497,9.99
2026-08-18 17:56:57,FULL_FRAME,0,0,0,0,1130,497,9.99
2026-08-18 17:56:57,FULL_FRAME,0,0,0,0,1130,497,9.99
2026-08-18 17:56:57,FULL_FRAME,0,0,0,0,1130,497,9.99
2026-08-18 17:56:57,FULL_FRAME,0,0,0,0,1130,497,9.99
2026-08-18 17:56:57,FULL_FRAME,0,0,0,0,1130,497,9.99
2026-08-18 17:56:57,FULL_FRAME,0,0,0,0,1130,497,9.99
2026-08-18 17:56:57,FULL_FRAME,0,0,0,0,1130,497,9.99
2026-08-18 17:56:57,FULL_FRAME,0,0,0,0,1130,497,9.95
2026-08-18 17:56:58,FULL_FRAME,0,0,0,0,1130,497,9.95
2026-08-18 17:56:58,FULL_FRAME,0,0,0,0,1130,497,9.95
2026-08-18 17:56:58,FULL_FRAME,0,0,0,0,1130,497,9.95
2026-08-18 17:56:58,FULL_FRAME,0,0,0,0,1130,497,9.95
2026-08-18 17:56:58,FULL_FRAME,0,0,0,0,1130,497,9.95
2026-08-18 17:56:58,FULL_FRAME,0,0,0,0,1130,497,9.95
2026-08-18 17:56:58,FULL_FRAME,0,0,0,0,1130,497,9.95
2026-08-18 17:56:58,FULL_FRAME,0,0,0,0,1130,497,9.95
2026-08-18 17:56:58,FULL_FRAME,0,0,0,0,1130,497,9.95
2026-08-18 17:56:58,FULL_FRAME,0,0,0,0,1130,497,9.95
2026-08-18 17:56:59,FULL_FRAME,0,0,0,0,1130,497,10.16
2026-08-18 17:56:59,FULL_FRAME,0,0,0,0,1130,497,10.16
2026-08-18 17:56:59,FULL_FRAME,0,0,0,0,1130,497,10.16
2026-08-18 17:56:59,FULL_FRAME,0,0,0,0,1130,497,10.16
2026-08-18 17:56:59,FULL_FRAME,0,0,0,0,1130,497,10.16
2026-08-18 17:56:59,FULL_FRAME,0,0,0,0,1130,497,10.16
2026-08-18 17:56:59,FULL_FRAME,0,0,0,0,1130,497,10.16
2026-08-18 17:56:59,FULL_FRAME,0,0,0,0,1130,497,10.16
2026-08-18 17:56:59,FULL_FRAME,0,0,0,0,1130,497,10.16
2026-08-18 17:56:59,FULL_FRAME,0,0,0,0,1130,497,10.16
2026-08-18 17:57:00,FULL_FRAME,0,0,0,0,1130,497,9.96
2026-08-18 17:57:00,FULL_FRAME,0,0,0,0,1130,497,9.96
2026-08-18 17:57:00,FULL_FRAME,0,0,0,0,1130,497,9.96
2026-08-18 17:57:00,FULL_FRAME,0,0,0,0,1130,497,9.96
2026-08-18 17:57:00,FULL_FRAME,0,0,0,0,1130,497,9.96
2026-08-18 17:57:00,FULL_FRAME,0,0,0,0,1130,497,9.96
2026-08-18 17:57:00,FULL_FRAME,0,0,0,0,1130,497,9.96
2026-08-18 17:57:00,FULL_FRAME,0,0,0,0,1130,497,9.96
2026-08-18 17:57:00,FULL_FRAME,0,0,0,0,1130,497,9.96
2026-08-18 17:57:00,FULL_FRAME,0,0,0,0,1130,497,9.96
2026-08-18 17:57:01,FULL_FRAME,0,0,0,0,1130,497,9.96
2026-08-18 17:57:01,FULL_FRAME,0,0,0,0,1130,497,10.08
2026-08-18 17:57:01,FULL_FRAME,0,0,0,0,1130,497,10.08
2026-08-18 17:57:01,FULL_FRAME,0,0,0,0,1130,497,10.08
2026-08-18 17:57:01,FULL_FRAME,0,0,0,0,1130,497,10.08
2026-08-18 17:57:01,FULL_FRAME,0,0,0,0,1130,497,10.08
2026-08-18 17:57:01,FULL_FRAME,0,0,0,0,1130,497,10.08
2026-08-18 17:57:01,FULL_FRAME,0,0,0,0,1130,497,10.08
2026-08-18 17:57:01,FULL_FRAME,0,0,0,0,1130,497,10.08
2026-08-18 17:57:01,FULL_FRAME,0,0,0,0,1130,497,10.08
2026-08-18 17:57:02,FULL_FRAME,0,0,0,0,1130,497,10.08
2026-08-18 17:57:02,FULL_FRAME,0,0,0,0,1130,497,9.89
2026-08-18 17:57:02,FULL_FRAME,0,0,0,0,1130,497,9.89
2026-08-18 17:57:02,FULL_FRAME,0,0,0,0,1130,497,9.89
2026-08-18 17:57:02,FULL_FRAME,0,0,0,0,1130,497,9.89
2026-08-18 17:57:02,FULL_FRAME,0,0,0,0,1130,497,9.89
2026-08-18 17:57:02,FULL_FRAME,0,0,0,0,1130,497,9.89
2026-08-18 17:57:02,FULL_FRAME,0,0,0,0,1130,497,9.89
2026-08-18 17:57:02,FULL_FRAME,0,0,0,0,1130,497,9.89
2026-08-18 17:57:02,FULL_FRAME,0,0,0,0,1130,497,9.89
2026-08-18 17:57:03,FULL_FRAME,0,0,0,0,1130,497,9.89
2026-08-18 17:57:03,FULL_FRAME,0,0,0,0,1130,497,9.89
2026-08-18 17:57:03,FULL_FRAME,0,0,0,0,1130,497,10.13
2026-08-18 17:57:03,FULL_FRAME,0,0,0,0,1130,497,10.13
2026-08-18 17:57:03,FULL_FRAME,0,0,0,0,1130,497,10.13
2026-08-18 17:57:03,FULL_FRAME,0,0,0,0,1130,497,10.13
2026-08-18 17:57:03,FULL_FRAME,0,0,0,0,1130,497,10.13
2026-08-18 17:57:03,FULL_FRAME,0,0,0,0,1130,497,10.13
2026-08-18 17:57:03,FULL_FRAME,0,0,0,0,1130,497,10.13
2026-08-18 17:57:03,FULL_FRAME,0,0,0,0,1130,497,10.13
2026-08-18 17:57:04,FULL_FRAME,0,0,0,0,1130,497,10.13
2026-08-18 17:57:04,FULL_FRAME,0,0,0,0,1130,497,10.13
2026-08-18 17:57:04,FULL_FRAME,0,0,0,0,1130,497,9.89
2026-08-18 17:57:04,FULL_FRAME,0,0,0,0,1130,497,9.89
2026-08-18 17:57:04,FULL_FRAME,0,0,0,0,1130,497,9.89
2026-08-18 17:57:04,FULL_FRAME,0,0,0,0,1130,497,9.89
2026-08-18 17:57:04,FULL_FRAME,0,0,0,0,1130,497,9.89
2026-08-18 17:57:04,FULL_FRAME,0,0,0,0,1130,497,9.89
2026-08-18 17:57:04,FULL_FRAME,0,0,0,0,1130,497,9.89
2026-08-18 17:57:04,FULL_FRAME,0,0,0,0,1130,497,9.89
2026-08-18 17:57:05,FULL_FRAME,0,0,0,0,1130,497,9.89
2026-08-18 17:57:05,FULL_FRAME,0,0,0,0,1130,497,9.89
2026-08-18 17:57:05,FULL_FRAME,0,0,0,0,1130,497,9.89
2026-08-18 17:57:05,FULL_FRAME,0,0,0,0,1130,497,10.21
2026-08-18 17:57:05,FULL_FRAME,0,0,0,0,1130,497,10.21
2026-08-18 17:57:05,FULL_FRAME,0,0,0,0,1130,497,10.21
2026-08-18 17:57:05,FULL_FRAME,0,0,0,0,1130,497,10.21
2026-08-18 17:57:05,FULL_FRAME,1,478,216,229,1130,497,10.21
2026-08-18 17:57:05,FULL_FRAME,0,0,0,0,1130,497,10.21
2026-08-18 17:57:05,FULL_FRAME,0,0,0,0,1130,497,10.21
2026-08-18 17:57:06,FULL_FRAME,0,0,0,0,1130,497,10.21
2026-08-18 17:57:06,FULL_FRAME,0,0,0,0,1130,497,10.21
2026-08-18 17:57:06,FULL_FRAME,0,0,0,0,1130,497,10.21
2026-08-18 17:57:06,FULL_FRAME,0,0,0,0,1130,497,9.95
2026-08-18 17:57:06,FULL_FRAME,0,0,0,0,1130,497,9.95
2026-08-18 17:57:06,FULL_FRAME,0,0,0,0,1130,497,9.95
2026-08-18 17:57:06,FULL_FRAME,0,0,0,0,1130,497,9.95
2026-08-18 17:57:06,FULL_FRAME,0,0,0,0,1130,497,9.95
2026-08-18 17:57:06,FULL_FRAME,0,0,0,0,1130,497,9.95
2026-08-18 17:57:06,FULL_FRAME,0,0,0,0,1130,497,9.95
2026-08-18 17:57:07,FULL_FRAME,0,0,0,0,1130,497,9.95
2026-08-18 17:57:07,FULL_FRAME,0,0,0,0,1130,497,9.95
2026-08-18 17:57:07,FULL_FRAME,0,0,0,0,1130,497,9.95
2026-08-18 17:57:07,FULL_FRAME,1,478,251,251,1130,497,9.93
2026-08-18 17:57:07,FULL_FRAME,1,478,243,246,1130,497,9.93
2026-08-18 17:57:07,FULL_FRAME,1,478,241,246,1130,497,9.93
2026-08-18 17:57:07,FULL_FRAME,0,0,0,0,1130,497,9.93
2026-08-18 17:57:07,FULL_FRAME,0,0,0,0,1130,497,9.93
2026-08-18 17:57:07,FULL_FRAME,0,0,0,0,1130,497,9.93
2026-08-18 17:57:07,FULL_FRAME,1,478,252,233,1130,497,9.93
2026-08-18 17:57:08,FULL_FRAME,1,478,241,248,1130,497,9.93
2026-08-18 17:57:08,FULL_FRAME,1,478,237,266,1130,497,9.93
2026-08-18 17:57:08,FULL_FRAME,1,478,247,273,1130,497,9.93
2026-08-18 17:57:08,FULL_FRAME,1,478,244,271,1130,497,9.93
2026-08-18 17:57:08,FULL_FRAME,1,478,242,274,1130,497,10.18
2026-08-18 17:57:08,FULL_FRAME,1,478,243,275,1130,497,10.18
2026-08-18 17:57:08,FULL_FRAME,1,478,239,269,1130,497,10.18
2026-08-18 17:57:08,FULL_FRAME,0,0,0,0,1130,497,10.18
2026-08-18 17:57:08,FULL_FRAME,0,0,0,0,1130,497,10.18
2026-08-18 17:57:08,FULL_FRAME,0,0,0,0,1130,497,10.18
2026-08-18 17:57:09,FULL_FRAME,1,478,241,263,1130,497,10.18
2026-08-18 17:57:09,FULL_FRAME,1,478,231,266,1130,497,10.18
2026-08-18 17:57:09,FULL_FRAME,1,478,243,269,1130,497,10.18
2026-08-18 17:57:09,FULL_FRAME,1,478,247,278,1130,497,10.18
2026-08-18 17:57:09,FULL_FRAME,0,0,0,0,1130,497,9.9
2026-08-18 17:57:09,FULL_FRAME,0,0,0,0,1130,497,9.9
2026-08-18 17:57:09,FULL_FRAME,1,478,259,289,1130,497,9.9
2026-08-18 17:57:09,FULL_FRAME,1,478,252,288,1130,497,9.9
2026-08-18 17:57:09,FULL_FRAME,0,0,0,0,1130,497,9.9
2026-08-18 17:57:09,FULL_FRAME,0,0,0,0,1130,497,9.9
2026-08-18 17:57:10,FULL_FRAME,0,0,0,0,1130,497,9.9
2026-08-18 17:57:10,FULL_FRAME,0,0,0,0,1130,497,9.9
2026-08-18 17:57:10,FULL_FRAME,0,0,0,0,1130,497,9.9
2026-08-18 17:57:10,FULL_FRAME,0,0,0,0,1130,497,9.9
2026-08-18 17:57:10,FULL_FRAME,0,0,0,0,1130,497,9.9
2026-08-18 17:57:10,FULL_FRAME,0,0,0,0,1130,497,10.12
2026-08-18 17:57:10,FULL_FRAME,0,0,0,0,1130,497,10.12
2026-08-18 17:57:10,FULL_FRAME,0,0,0,0,1130,497,10.12
2026-08-18 17:57:10,FULL_FRAME,0,0,0,0,1130,497,10.12
2026-08-18 17:57:10,FULL_FRAME,0,0,0,0,1130,497,10.12
2026-08-18 17:57:11,FULL_FRAME,0,0,0,0,1130,497,10.12
2026-08-18 17:57:11,FULL_FRAME,0,0,0,0,1130,497,10.12
2026-08-18 17:57:11,FULL_FRAME,0,0,0,0,1130,497,10.12
2026-08-18 17:57:11,FULL_FRAME,0,0,0,0,1130,497,10.12
2026-08-18 17:57:11,FULL_FRAME,0,0,0,0,1130,497,10.12
2026-08-18 17:57:11,FULL_FRAME,0,0,0,0,1130,497,9.95
2026-08-18 17:57:11,FULL_FRAME,0,0,0,0,1130,497,9.95
2026-08-18 17:57:11,FULL_FRAME,0,0,0,0,1130,497,9.95
2026-08-18 17:57:11,FULL_FRAME,0,0,0,0,1130,497,9.95
2026-08-18 17:57:11,FULL_FRAME,0,0,0,0,1130,497,9.95
2026-08-18 17:57:12,FULL_FRAME,0,0,0,0,1130,497,9.95
2026-08-18 17:57:12,FULL_FRAME,0,0,0,0,1130,497,9.95
2026-08-18 17:57:12,FULL_FRAME,0,0,0,0,1130,497,9.95
2026-08-18 17:57:12,FULL_FRAME,0,0,0,0,1130,497,9.95
2026-08-18 17:57:12,FULL_FRAME,0,0,0,0,1130,497,9.95
2026-08-18 17:57:12,FULL_FRAME,0,0,0,0,1130,497,9.95
2026-08-18 17:57:12,FULL_FRAME,0,0,0,0,1130,497,10.1
2026-08-18 17:57:12,FULL_FRAME,0,0,0,0,1130,497,10.1
2026-08-18 17:57:12,FULL_FRAME,1,478,244,242,1130,497,10.1
2026-08-18 17:57:12,FULL_FRAME,0,0,0,0,1130,497,10.1
2026-08-18 17:57:13,FULL_FRAME,1,478,229,242,1130,497,10.1
2026-08-18 17:57:13,FULL_FRAME,1,478,226,280,1130,497,10.1
2026-08-18 17:57:13,FULL_FRAME,1,478,239,292,1130,497,10.1
2026-08-18 17:57:13,FULL_FRAME,1,478,242,289,1130,497,10.1
2026-08-18 17:57:13,FULL_FRAME,1,478,239,289,1130,497,10.1
2026-08-18 17:57:13,FULL_FRAME,1,478,238,289,1130,497,10.1
2026-08-18 17:57:13,FULL_FRAME,1,478,237,287,1130,497,9.92
2026-08-18 17:57:13,FULL_FRAME,1,478,237,287,1130,497,9.92
2026-08-18 17:57:13,FULL_FRAME,1,478,240,287,1130,497,9.92
2026-08-18 17:57:13,FULL_FRAME,1,478,237,285,1130,497,9.92
2026-08-18 17:57:14,FULL_FRAME,1,478,236,286,1130,497,9.92
2026-08-18 17:57:14,FULL_FRAME,1,478,236,286,1130,497,9.92
2026-08-18 17:57:14,FULL_FRAME,1,478,235,285,1130,497,9.92
2026-08-18 17:57:14,FULL_FRAME,1,478,231,280,1130,497,9.92
2026-08-18 17:57:14,FULL_FRAME,1,478,229,274,1130,497,9.92
2026-08-18 17:57:14,FULL_FRAME,1,478,226,265,1130,497,9.92
2026-08-18 17:57:14,FULL_FRAME,1,478,222,258,1130,497,9.92
2026-08-18 17:57:14,FULL_FRAME,1,478,212,252,1130,497,10.15
2026-08-18 17:57:14,FULL_FRAME,1,478,205,243,1130,497,10.15
2026-08-18 17:57:14,FULL_FRAME,1,478,198,232,1130,497,10.15
2026-08-18 17:57:15,FULL_FRAME,1,478,188,218,1130,497,10.15
2026-08-18 17:57:15,FULL_FRAME,1,478,175,200,1130,497,10.15
2026-08-18 17:57:15,FULL_FRAME,1,478,161,187,1130,497,10.15
2026-08-18 17:57:15,FULL_FRAME,1,478,194,201,1130,497,10.15
2026-08-18 17:57:15,FULL_FRAME,1,478,206,203,1130,497,10.15
2026-08-18 17:57:15,FULL_FRAME,0,0,0,0,1130,497,10.15
2026-08-18 17:57:15,FULL_FRAME,1,478,342,369,1130,497,10.15
2026-08-18 17:57:15,FULL_FRAME,1,478,402,389,1130,497,9.89
2026-08-18 17:57:15,FULL_FRAME,0,0,0,0,1130,497,9.89
2026-08-18 17:57:15,FULL_FRAME,0,0,0,0,1130,497,9.89
2026-08-18 17:57:16,FULL_FRAME,1,478,529,511,1130,497,9.89
2026-08-18 17:57:16,FULL_FRAME,1,478,517,518,1130,497,9.89
2026-08-18 17:57:16,FULL_FRAME,0,0,0,0,1130,497,9.89
2026-08-18 17:57:16,FULL_FRAME,1,478,356,420,1130,497,9.89
2026-08-18 17:57:16,FULL_FRAME,1,478,314,376,1130,497,9.89
2026-08-18 17:57:16,FULL_FRAME,1,478,273,347,1130,497,9.89
2026-08-18 17:57:16,FULL_FRAME,1,478,243,318,1130,497,9.89
2026-08-18 17:57:16,FULL_FRAME,1,478,224,289,1130,497,9.89
2026-08-18 17:57:16,FULL_FRAME,1,478,218,265,1130,497,10.09
2026-08-18 17:57:16,FULL_FRAME,1,478,209,247,1130,497,10.09
2026-08-18 17:57:17,FULL_FRAME,1,478,203,233,1130,497,10.09
2026-08-18 17:57:17,FULL_FRAME,1,478,200,225,1130,497,10.09
2026-08-18 17:57:17,FULL_FRAME,1,478,192,220,1130,497,10.09
2026-08-18 17:57:17,FULL_FRAME,1,478,186,211,1130,497,10.09
2026-08-18 17:57:17,FULL_FRAME,1,478,186,208,1130,497,10.09
2026-08-18 17:57:17,FULL_FRAME,1,478,185,218,1130,497,10.09
2026-08-18 17:57:17,FULL_FRAME,1,478,197,238,1130,497,10.09
2026-08-18 17:57:17,FULL_FRAME,1,478,215,246,1130,497,10.09
2026-08-18 17:57:17,FULL_FRAME,1,478,215,249,1130,497,9.94
2026-08-18 17:57:17,FULL_FRAME,1,478,225,266,1130,497,9.94
2026-08-18 17:57:18,FULL_FRAME,1,478,224,266,1130,497,9.94
2026-08-18 17:57:18,FULL_FRAME,1,478,230,272,1130,497,9.94
2026-08-18 17:57:18,FULL_FRAME,1,478,232,280,1130,497,9.94
2026-08-18 17:57:18,FULL_FRAME,1,478,237,282,1130,497,9.94
2026-08-18 17:57:18,FULL_FRAME,1,478,237,283,1130,497,9.94
2026-08-18 17:57:18,FULL_FRAME,1,478,236,284,1130,497,9.94
2026-08-18 17:57:18,FULL_FRAME,0,0,0,0,1130,497,9.94
2026-08-18 17:57:18,FULL_FRAME,0,0,0,0,1130,497,9.94
2026-08-18 17:57:18,FULL_FRAME,0,0,0,0,1130,497,9.94
2026-08-18 17:57:18,FULL_FRAME,0,0,0,0,1130,497,10.08
2026-08-18 17:57:19,FULL_FRAME,0,0,0,0,1130,497,10.08
2026-08-18 17:57:19,FULL_FRAME,0,0,0,0,1130,497,10.08
2026-08-18 17:57:19,FULL_FRAME,0,0,0,0,1130,497,10.08
2026-08-18 17:57:19,FULL_FRAME,0,0,0,0,1130,497,10.08
2026-08-18 17:57:19,FULL_FRAME,0,0,0,0,1130,497,10.08
2026-08-18 17:57:19,FULL_FRAME,0,0,0,0,1130,497,10.08
2026-08-18 17:57:19,FULL_FRAME,0,0,0,0,1130,497,10.08
2026-08-18 17:57:19,FULL_FRAME,0,0,0,0,1130,497,10.08
2026-08-18 17:57:19,FULL_FRAME,0,0,0,0,1130,497,10.08
2026-08-18 17:57:19,FULL_FRAME,0,0,0,0,1130,497,10.08
2026-08-18 17:57:20,FULL_FRAME,0,0,0,0,1130,497,9.97
2026-08-18 17:57:20,FULL_FRAME,0,0,0,0,1130,497,9.97
2026-08-18 17:57:20,FULL_FRAME,0,0,0,0,1130,497,9.97
2026-08-18 17:57:20,FULL_FRAME,0,0,0,0,1130,497,9.97
2026-08-18 17:57:20,FULL_FRAME,0,0,0,0,1130,497,9.97
2026-08-18 17:57:20,FULL_FRAME,0,0,0,0,1130,497,9.97
2026-08-18 17:57:20,FULL_FRAME,0,0,0,0,1130,497,9.97
2026-08-18 17:57:20,FULL_FRAME,0,0,0,0,1130,497,9.97
2026-08-18 17:57:20,FULL_FRAME,0,0,0,0,1130,497,9.97
2026-08-18 17:57:20,FULL_FRAME,0,0,0,0,1130,497,9.97
2026-08-18 17:57:21,FULL_FRAME,0,0,0,0,1130,497,9.97
2026-08-18 17:57:21,FULL_FRAME,0,0,0,0,1130,497,10.16
2026-08-18 17:57:21,FULL_FRAME,0,0,0,0,1130,497,10.16
2026-08-18 17:57:21,FULL_FRAME,0,0,0,0,1130,497,10.16
2026-08-18 17:57:21,FULL_FRAME,0,0,0,0,1130,497,10.16
2026-08-18 17:57:21,FULL_FRAME,0,0,0,0,1130,497,10.16
2026-08-18 17:57:21,FULL_FRAME,0,0,0,0,1130,497,10.16
2026-08-18 17:57:21,FULL_FRAME,0,0,0,0,1130,497,10.16
2026-08-18 17:57:21,FULL_FRAME,0,0,0,0,1130,497,10.16
2026-08-18 17:57:21,FULL_FRAME,0,0,0,0,1130,497,10.16
2026-08-18 17:57:22,FULL_FRAME,0,0,0,0,1130,497,10.16
2026-08-18 17:57:22,FULL_FRAME,0,0,0,0,1130,497,9.84
2026-08-18 17:57:22,FULL_FRAME,0,0,0,0,1130,497,9.84
2026-08-18 17:57:22,FULL_FRAME,0,0,0,0,1130,497,9.84
2026-08-18 17:57:22,FULL_FRAME,0,0,0,0,1130,497,9.84
2026-08-18 17:57:22,FULL_FRAME,0,0,0,0,1130,497,9.84
2026-08-18 17:57:22,FULL_FRAME,0,0,0,0,1130,497,9.84
2026-08-18 17:57:22,FULL_FRAME,0,0,0,0,1130,497,9.84
2026-08-18 17:57:22,FULL_FRAME,0,0,0,0,1130,497,9.84
2026-08-18 17:57:22,FULL_FRAME,0,0,0,0,1130,497,9.84
2026-08-18 17:57:23,FULL_FRAME,0,0,0,0,1130,497,9.84
2026-08-18 17:57:23,FULL_FRAME,0,0,0,0,1130,497,9.84
2026-08-18 17:57:23,FULL_FRAME,0,0,0,0,1130,497,10.13
2026-08-18 17:57:23,FULL_FRAME,0,0,0,0,1130,497,10.13
2026-08-18 17:57:23,FULL_FRAME,0,0,0,0,1130,497,10.13
2026-08-18 17:57:23,FULL_FRAME,0,0,0,0,1130,497,10.13
2026-08-18 17:57:23,FULL_FRAME,0,0,0,0,1130,497,10.13
2026-08-18 17:57:23,FULL_FRAME,0,0,0,0,1130,497,10.13
2026-08-18 17:57:23,FULL_FRAME,0,0,0,0,1130,497,10.13
2026-08-18 17:57:23,FULL_FRAME,0,0,0,0,1130,497,10.13
2026-08-18 17:57:24,FULL_FRAME,0,0,0,0,1130,497,10.13
2026-08-18 17:57:24,FULL_FRAME,0,0,0,0,1130,497,10.13
2026-08-18 17:57:24,FULL_FRAME,0,0,0,0,1130,497,9.92
2026-08-18 17:57:24,FULL_FRAME,0,0,0,0,1130,497,9.92
2026-08-18 17:57:24,FULL_FRAME,0,0,0,0,1130,497,9.92
2026-08-18 17:57:24,FULL_FRAME,0,0,0,0,1130,497,9.92
2026-08-18 17:57:24,FULL_FRAME,0,0,0,0,1130,497,9.92
2026-08-18 17:57:24,FULL_FRAME,0,0,0,0,1130,497,9.92
2026-08-18 17:57:24,FULL_FRAME,0,0,0,0,1130,497,9.92
2026-08-18 17:57:24,FULL_FRAME,0,0,0,0,1130,497,9.92
2026-08-18 17:57:24,FULL_FRAME,0,0,0,0,1130,497,9.92
2026-08-18 17:57:25,FULL_FRAME,0,0,0,0,1130,497,9.92
2026-08-18 17:57:25,FULL_FRAME,0,0,0,0,1130,497,9.92
2026-08-18 17:57:25,FULL_FRAME,0,0,0,0,1130,497,10.08
2026-08-18 17:57:25,FULL_FRAME,0,0,0,0,1130,497,10.08
2026-08-18 17:57:25,FULL_FRAME,0,0,0,0,1130,497,10.08
2026-08-18 17:57:25,FULL_FRAME,0,0,0,0,1130,497,10.08
2026-08-18 17:57:25,FULL_FRAME,0,0,0,0,1130,497,10.08
2026-08-18 17:57:25,FULL_FRAME,0,0,0,0,1130,497,10.08
2026-08-18 17:57:25,FULL_FRAME,0,0,0,0,1130,497,10.08
2026-08-18 17:57:26,FULL_FRAME,0,0,0,0,1130,497,10.08
2026-08-18 17:57:26,FULL_FRAME,0,0,0,0,1130,497,10.08
2026-08-18 17:57:26,FULL_FRAME,0,0,0,0,1130,497,10.08
2026-08-18 17:57:26,FULL_FRAME,0,0,0,0,1130,497,9.94
2026-08-18 17:57:26,FULL_FRAME,0,0,0,0,1130,497,9.94
2026-08-18 17:57:26,FULL_FRAME,0,0,0,0,1130,497,9.94
2026-08-18 17:57:26,FULL_FRAME,0,0,0,0,1130,497,9.94
2026-08-18 17:57:26,FULL_FRAME,0,0,0,0,1130,497,9.94
2026-08-18 17:57:26,FULL_FRAME,0,0,0,0,1130,497,9.94
2026-08-18 17:57:26,FULL_FRAME,0,0,0,0,1130,497,9.94
2026-08-18 17:57:26,FULL_FRAME,0,0,0,0,1130,497,9.94
2026-08-18 17:57:27,FULL_FRAME,0,0,0,0,1130,497,9.94
2026-08-18 17:57:27,FULL_FRAME,0,0,0,0,1130,497,9.94
2026-08-18 17:57:27,FULL_FRAME,0,0,0,0,1130,497,9.94
2026-08-18 17:57:27,FULL_FRAME,0,0,0,0,1130,497,10.07
2026-08-18 17:57:27,FULL_FRAME,0,0,0,0,1130,497,10.07
2026-08-18 17:57:27,FULL_FRAME,0,0,0,0,1130,497,10.07
2026-08-18 17:57:27,FULL_FRAME,0,0,0,0,1130,497,10.07
2026-08-18 17:57:27,FULL_FRAME,0,0,0,0,1130,497,10.07
2026-08-18 17:57:27,FULL_FRAME,0,0,0,0,1130,497,10.07
2026-08-18 17:57:27,FULL_FRAME,0,0,0,0,1130,497,10.07
2026-08-18 17:57:28,FULL_FRAME,0,0,0,0,1130,497,10.07
2026-08-18 17:57:28,FULL_FRAME,0,0,0,0,1130,497,10.07
2026-08-18 17:57:28,FULL_FRAME,0,0,0,0,1130,497,10.07
2026-08-18 17:57:28,FULL_FRAME,0,0,0,0,1130,497,10.07
2026-08-18 17:57:28,FULL_FRAME,0,0,0,0,1130,497,10.01
2026-08-18 17:57:28,FULL_FRAME,0,0,0,0,1130,497,10.01
2026-08-18 17:57:28,FULL_FRAME,0,0,0,0,1130,497,10.01
2026-08-18 17:57:28,FULL_FRAME,0,0,0,0,1130,497,10.01
2026-08-18 17:57:28,FULL_FRAME,0,0,0,0,1130,497,10.01
2026-08-18 17:57:28,FULL_FRAME,0,0,0,0,1130,497,10.01
2026-08-18 17:57:29,FULL_FRAME,0,0,0,0,1130,497,10.01
2026-08-18 17:57:29,FULL_FRAME,0,0,0,0,1130,497,10.01
2026-08-18 17:57:29,FULL_FRAME,0,0,0,0,1130,497,10.01
2026-08-18 17:57:29,FULL_FRAME,0,0,0,0,1130,497,10.01
2026-08-18 17:57:29,FULL_FRAME,0,0,0,0,1130,497,10.01
2026-08-18 17:57:29,FULL_FRAME,0,0,0,0,1130,497,10.11
2026-08-18 17:57:29,FULL_FRAME,0,0,0,0,1130,497,10.11
2026-08-18 17:57:29,FULL_FRAME,0,0,0,0,1130,497,10.11
2026-08-18 17:57:29,FULL_FRAME,0,0,0,0,1130,497,10.11
2026-08-18 17:57:29,FULL_FRAME,0,0,0,0,1130,497,10.11
2026-08-18 17:57:30,FULL_FRAME,0,0,0,0,1130,497,10.11
2026-08-18 17:57:30,FULL_FRAME,0,0,0,0,1130,497,10.11
2026-08-18 17:57:30,FULL_FRAME,0,0,0,0,1130,497,10.11
2026-08-18 17:57:30,FULL_FRAME,0,0,0,0,1130,497,10.11
2026-08-18 17:57:30,FULL_FRAME,0,0,0,0,1130,497,10.11
2026-08-18 17:57:30,FULL_FRAME,0,0,0,0,1130,497,9.89
2026-08-18 17:57:30,FULL_FRAME,0,0,0,0,1130,497,9.89
2026-08-18 17:57:30,FULL_FRAME,0,0,0,0,1130,497,9.89
2026-08-18 17:57:30,FULL_FRAME,0,0,0,0,1130,497,9.89
2026-08-18 17:57:30,FULL_FRAME,0,0,0,0,1130,497,9.89
2026-08-18 17:57:31,FULL_FRAME,0,0,0,0,1130,497,9.89
2026-08-18 17:57:31,FULL_FRAME,0,0,0,0,1130,497,9.89
2026-08-18 17:57:31,FULL_FRAME,0,0,0,0,1130,497,9.89
2026-08-18 17:57:31,FULL_FRAME,0,0,0,0,1130,497,9.89
2026-08-18 17:57:31,FULL_FRAME,0,0,0,0,1130,497,9.89
2026-08-18 17:57:31,FULL_FRAME,0,0,0,0,1130,497,9.89
2026-08-18 17:57:31,FULL_FRAME,0,0,0,0,1130,497,10.15
2026-08-18 17:57:31,FULL_FRAME,0,0,0,0,1130,497,10.15
2026-08-18 17:57:31,FULL_FRAME,0,0,0,0,1130,497,10.15
2026-08-18 17:57:31,FULL_FRAME,0,0,0,0,1130,497,10.15
2026-08-18 17:57:32,FULL_FRAME,0,0,0,0,1130,497,10.15
2026-08-18 17:57:32,FULL_FRAME,0,0,0,0,1130,497,10.15
2026-08-18 17:57:32,FULL_FRAME,0,0,0,0,1130,497,10.15
2026-08-18 17:57:32,FULL_FRAME,0,0,0,0,1130,497,10.15
2026-08-18 17:57:32,FULL_FRAME,0,0,0,0,1130,497,10.15
2026-08-18 17:57:32,FULL_FRAME,0,0,0,0,1130,497,10.15
2026-08-18 17:57:32,FULL_FRAME,0,0,0,0,1130,497,9.87
2026-08-18 17:57:32,FULL_FRAME,0,0,0,0,1130,497,9.87
2026-08-18 17:57:32,FULL_FRAME,0,0,0,0,1130,497,9.87
2026-08-18 17:57:32,FULL_FRAME,0,0,0,0,1130,497,9.87
2026-08-18 17:57:33,FULL_FRAME,0,0,0,0,1130,497,9.87
2026-08-18 17:57:33,FULL_FRAME,0,0,0,0,1130,497,9.87
2026-08-18 17:57:33,FULL_FRAME,0,0,0,0,1130,497,9.87
2026-08-18 17:57:33,FULL_FRAME,0,0,0,0,1130,497,9.87
2026-08-18 17:57:33,FULL_FRAME,0,0,0,0,1130,497,9.87
2026-08-18 17:57:33,FULL_FRAME,0,0,0,0,1130,497,9.87
2026-08-18 17:57:33,FULL_FRAME,0,0,0,0,1130,497,9.87
2026-08-18 17:57:33,FULL_FRAME,0,0,0,0,1130,497,10.16
2026-08-18 17:57:33,FULL_FRAME,0,0,0,0,1130,497,10.16
2026-08-18 17:57:33,FULL_FRAME,0,0,0,0,1130,497,10.16
2026-08-18 17:57:34,FULL_FRAME,0,0,0,0,1130,497,10.16
2026-08-18 17:57:34,FULL_FRAME,0,0,0,0,1130,497,10.16
2026-08-18 17:57:34,FULL_FRAME,0,0,0,0,1130,497,10.16
2026-08-18 17:57:34,FULL_FRAME,0,0,0,0,1130,497,10.16
2026-08-18 17:57:34,FULL_FRAME,0,0,0,0,1130,497,10.16
2026-08-18 17:57:34,FULL_FRAME,0,0,0,0,1130,497,10.16
2026-08-18 17:57:34,FULL_FRAME,0,0,0,0,1130,497,10.16
2026-08-18 17:57:34,FULL_FRAME,0,0,0,0,1130,497,9.91
2026-08-18 17:57:34,FULL_FRAME,0,0,0,0,1130,497,9.91
2026-08-18 17:57:34,FULL_FRAME,0,0,0,0,1130,497,9.91
2026-08-18 17:57:35,FULL_FRAME,0,0,0,0,1130,497,9.91
2026-08-18 17:57:35,FULL_FRAME,0,0,0,0,1130,497,9.91
2026-08-18 17:57:35,FULL_FRAME,0,0,0,0,1130,497,9.91
2026-08-18 17:57:35,FULL_FRAME,0,0,0,0,1130,497,9.91
2026-08-18 17:57:35,FULL_FRAME,0,0,0,0,1130,497,9.91
2026-08-18 17:57:35,FULL_FRAME,0,0,0,0,1130,497,9.91
2026-08-18 17:57:35,FULL_FRAME,0,0,0,0,1130,497,9.91
2026-08-18 17:57:35,FULL_FRAME,0,0,0,0,1130,497,9.91
2026-08-18 17:57:35,FULL_FRAME,0,0,0,0,1130,497,10.13
2026-08-18 17:57:35,FULL_FRAME,0,0,0,0,1130,497,10.13
2026-08-18 17:57:36,FULL_FRAME,0,0,0,0,1130,497,10.13
2026-08-18 17:57:36,FULL_FRAME,0,0,0,0,1130,497,10.13
2026-08-18 17:57:36,FULL_FRAME,0,0,0,0,1130,497,10.13
2026-08-18 17:57:36,FULL_FRAME,0,0,0,0,1130,497,10.13
2026-08-18 17:57:36,FULL_FRAME,0,0,0,0,1130,497,10.13
2026-08-18 17:57:36,FULL_FRAME,0,0,0,0,1130,497,10.13
2026-08-18 17:57:36,FULL_FRAME,0,0,0,0,1130,497,10.13
2026-08-18 17:57:36,FULL_FRAME,0,0,0,0,1130,497,10.13
2026-08-18 17:57:36,FULL_FRAME,0,0,0,0,1130,497,10.13
2026-08-18 17:57:36,FULL_FRAME,0,0,0,0,1130,497,9.96
2026-08-18 17:57:37,FULL_FRAME,0,0,0,0,1130,497,9.96
2026-08-18 17:57:37,FULL_FRAME,0,0,0,0,1130,497,9.96
2026-08-18 17:57:37,FULL_FRAME,0,0,0,0,1130,497,9.96
2026-08-18 17:57:37,FULL_FRAME,0,0,0,0,1130,497,9.96
2026-08-18 17:57:37,FULL_FRAME,0,0,0,0,1130,497,9.96
2026-08-18 17:57:37,FULL_FRAME,0,0,0,0,1130,497,9.96
2026-08-18 17:57:37,FULL_FRAME,0,0,0,0,1130,497,9.96
2026-08-18 17:57:37,FULL_FRAME,0,0,0,0,1130,497,9.96
2026-08-18 17:57:37,FULL_FRAME,0,0,0,0,1130,497,9.96
2026-08-18 17:57:37,FULL_FRAME,0,0,0,0,1130,497,9.96
2026-08-18 17:57:38,FULL_FRAME,0,0,0,0,1130,497,10.1
2026-08-18 17:57:38,FULL_FRAME,0,0,0,0,1130,497,10.1
2026-08-18 17:57:38,FULL_FRAME,0,0,0,0,1130,497,10.1
2026-08-18 17:57:38,FULL_FRAME,0,0,0,0,1130,497,10.1
2026-08-18 17:57:38,FULL_FRAME,0,0,0,0,1130,497,10.1
2026-08-18 17:57:38,FULL_FRAME,0,0,0,0,1130,497,10.1
2026-08-18 17:57:38,FULL_FRAME,0,0,0,0,1130,497,10.1
2026-08-18 17:57:38,FULL_FRAME,0,0,0,0,1130,497,10.1
2026-08-18 17:57:38,FULL_FRAME,0,0,0,0,1130,497,10.1
2026-08-18 17:57:38,FULL_FRAME,0,0,0,0,1130,497,10.1
2026-08-18 17:57:39,FULL_FRAME,0,0,0,0,1130,497,9.93
2026-08-18 17:57:39,FULL_FRAME,0,0,0,0,1130,497,9.93
2026-08-18 17:57:39,FULL_FRAME,0,0,0,0,1130,497,9.93
2026-08-18 17:57:39,FULL_FRAME,0,0,0,0,1130,497,9.93
2026-08-18 17:57:39,FULL_FRAME,0,0,0,0,1130,497,9.93
2026-08-18 17:57:39,FULL_FRAME,0,0,0,0,1130,497,9.93
2026-08-18 17:57:39,FULL_FRAME,0,0,0,0,1130,497,9.93
2026-08-18 17:57:39,FULL_FRAME,0,0,0,0,1130,497,9.93
2026-08-18 17:57:39,FULL_FRAME,0,0,0,0,1130,497,9.93
2026-08-18 17:57:39,FULL_FRAME,0,0,0,0,1130,497,9.93
2026-08-18 17:57:40,FULL_FRAME,0,0,0,0,1130,497,9.93
2026-08-18 17:57:40,FULL_FRAME,0,0,0,0,1130,497,10.1
2026-08-18 17:57:40,FULL_FRAME,0,0,0,0,1130,497,10.1
2026-08-18 17:57:40,FULL_FRAME,0,0,0,0,1130,497,10.1
2026-08-18 17:57:40,FULL_FRAME,0,0,0,0,1130,497,10.1
2026-08-18 17:57:40,FULL_FRAME,0,0,0,0,1130,497,10.1
2026-08-18 17:57:40,FULL_FRAME,0,0,0,0,1130,497,10.1
2026-08-18 17:57:40,FULL_FRAME,0,0,0,0,1130,497,10.1
2026-08-18 17:57:40,FULL_FRAME,0,0,0,0,1130,497,10.1
2026-08-18 17:57:40,FULL_FRAME,0,0,0,0,1130,497,10.1
2026-08-18 17:57:41,FULL_FRAME,0,0,0,0,1130,497,10.1
2026-08-18 17:57:41,FULL_FRAME,0,0,0,0,1130,497,9.93
2026-08-18 17:57:41,FULL_FRAME,0,0,0,0,1130,497,9.93
2026-08-18 17:57:41,FULL_FRAME,0,0,0,0,1130,497,9.93
2026-08-18 17:57:41,FULL_FRAME,0,0,0,0,1130,497,9.93
2026-08-18 17:57:41,FULL_FRAME,0,0,0,0,1130,497,9.93
2026-08-18 17:57:41,FULL_FRAME,0,0,0,0,1130,497,9.93
2026-08-18 17:57:41,FULL_FRAME,0,0,0,0,1130,497,9.93
2026-08-18 17:57:41,FULL_FRAME,0,0,0,0,1130,497,9.93
2026-08-18 17:57:41,FULL_FRAME,0,0,0,0,1130,497,9.93
2026-08-18 17:57:42,FULL_FRAME,0,0,0,0,1130,497,9.93
2026-08-18 17:57:42,FULL_FRAME,0,0,0,0,1130,497,9.93
2026-08-18 17:57:42,FULL_FRAME,0,0,0,0,1130,497,10.08
2026-08-18 17:57:42,FULL_FRAME,0,0,0,0,1130,497,10.08
2026-08-18 17:57:42,FULL_FRAME,0,0,0,0,1130,497,10.08
2026-08-18 17:57:42,FULL_FRAME,0,0,0,0,1130,497,10.08
2026-08-18 17:57:42,FULL_FRAME,0,0,0,0,1130,497,10.08
2026-08-18 17:57:42,FULL_FRAME,0,0,0,0,1130,497,10.08
2026-08-18 17:57:42,FULL_FRAME,0,0,0,0,1130,497,10.08
2026-08-18 17:57:42,FULL_FRAME,0,0,0,0,1130,497,10.08
2026-08-18 17:57:43,FULL_FRAME,0,0,0,0,1130,497,10.08
2026-08-18 17:57:43,FULL_FRAME,0,0,0,0,1130,497,10.08
2026-08-18 17:57:43,FULL_FRAME,0,0,0,0,1130,497,9.95
2026-08-18 17:57:43,FULL_FRAME,0,0,0,0,1130,497,9.95
2026-08-18 17:57:43,FULL_FRAME,0,0,0,0,1130,497,9.95
2026-08-18 17:57:43,FULL_FRAME,0,0,0,0,1130,497,9.95
2026-08-18 17:57:43,FULL_FRAME,0,0,0,0,1130,497,9.95
2026-08-18 17:57:43,FULL_FRAME,0,0,0,0,1130,497,9.95
2026-08-18 17:57:43,FULL_FRAME,0,0,0,0,1130,497,9.95
2026-08-18 17:57:43,FULL_FRAME,0,0,0,0,1130,497,9.95
2026-08-18 17:57:44,FULL_FRAME,0,0,0,0,1130,497,9.95
2026-08-18 17:57:44,FULL_FRAME,0,0,0,0,1130,497,9.95
2026-08-18 17:57:44,FULL_FRAME,0,0,0,0,1130,497,9.95
2026-08-18 17:57:44,FULL_FRAME,0,0,0,0,1130,497,10.06
2026-08-18 17:57:44,FULL_FRAME,0,0,0,0,1130,497,10.06
2026-08-18 17:57:44,FULL_FRAME,0,0,0,0,1130,497,10.06
2026-08-18 17:57:44,FULL_FRAME,0,0,0,0,1130,497,10.06
2026-08-18 17:57:44,FULL_FRAME,0,0,0,0,1130,497,10.06
2026-08-18 17:57:44,FULL_FRAME,0,0,0,0,1130,497,10.06
2026-08-18 17:57:44,FULL_FRAME,0,0,0,0,1130,497,10.06
2026-08-18 17:57:45,FULL_FRAME,0,0,0,0,1130,497,10.06
2026-08-18 17:57:45,FULL_FRAME,0,0,0,0,1130,497,10.06
2026-08-18 17:57:45,FULL_FRAME,0,0,0,0,1130,497,10.06
2026-08-18 17:57:45,FULL_FRAME,0,0,0,0,1130,497,10.06
2026-08-18 17:57:45,FULL_FRAME,0,0,0,0,1130,497,9.99
2026-08-18 17:57:45,FULL_FRAME,0,0,0,0,1130,497,9.99
2026-08-18 17:57:45,FULL_FRAME,0,0,0,0,1130,497,9.99
2026-08-18 17:57:45,FULL_FRAME,0,0,0,0,1130,497,9.99
2026-08-18 17:57:45,FULL_FRAME,0,0,0,0,1130,497,9.99
2026-08-18 17:57:45,FULL_FRAME,0,0,0,0,1130,497,9.99
2026-08-18 17:57:46,FULL_FRAME,0,0,0,0,1130,497,9.99
2026-08-18 17:57:46,FULL_FRAME,0,0,0,0,1130,497,9.99
2026-08-18 17:57:46,FULL_FRAME,0,0,0,0,1130,497,9.99
2026-08-18 17:57:46,FULL_FRAME,0,0,0,0,1130,497,9.99
2026-08-18 17:57:46,FULL_FRAME,0,0,0,0,1130,497,9.99
2026-08-18 17:57:46,FULL_FRAME,0,0,0,0,1130,497,10.12
2026-08-18 17:57:46,FULL_FRAME,0,0,0,0,1130,497,10.12
2026-08-18 17:57:46,FULL_FRAME,0,0,0,0,1130,497,10.12
2026-08-18 17:57:46,FULL_FRAME,0,0,0,0,1130,497,10.12
2026-08-18 17:57:46,FULL_FRAME,0,0,0,0,1130,497,10.12
2026-08-18 17:57:47,FULL_FRAME,0,0,0,0,1130,497,10.12
2026-08-18 17:57:47,FULL_FRAME,0,0,0,0,1130,497,10.12
2026-08-18 17:57:47,FULL_FRAME,0,0,0,0,1130,497,10.12
2026-08-18 17:57:47,FULL_FRAME,0,0,0,0,1130,497,10.12
2026-08-18 17:57:47,FULL_FRAME,0,0,0,0,1130,497,10.12
2026-08-18 17:57:47,FULL_FRAME,0,0,0,0,1130,497,9.91
2026-08-18 17:57:47,FULL_FRAME,0,0,0,0,1130,497,9.91
2026-08-18 17:57:47,FULL_FRAME,0,0,0,0,1130,497,9.91
2026-08-18 17:57:47,FULL_FRAME,0,0,0,0,1130,497,9.91
2026-08-18 17:57:47,FULL_FRAME,0,0,0,0,1130,497,9.91
2026-08-18 17:57:48,FULL_FRAME,0,0,0,0,1130,497,9.91
2026-08-18 18:02:03,ROI_RESIZED,0,0,0,0,1156,554,0.36
2026-08-18 18:02:03,ROI_RESIZED,1,478,259,282,1156,554,0.36
2026-08-18 18:02:03,ROI_RESIZED,1,478,259,285,1156,554,0.36
2026-08-18 18:02:04,ROI_RESIZED,1,478,259,287,1156,554,0.36
2026-08-18 18:02:04,ROI_RESIZED,1,478,267,278,1156,554,0.36
2026-08-18 18:02:04,ROI_RESIZED,1,478,259,274,1156,554,0.36
2026-08-18 18:02:04,ROI_RESIZED,1,478,254,276,1156,554,0.36
2026-08-18 18:02:04,ROI_RESIZED,1,478,253,277,1156,554,0.36
2026-08-18 18:02:04,ROI_RESIZED,1,478,264,275,1156,554,0.36
2026-08-18 18:02:04,ROI_RESIZED,1,478,255,269,1156,554,0.36
2026-08-18 18:02:04,ROI_RESIZED,1,478,244,261,1156,554,0.36
2026-08-18 18:02:04,ROI_RESIZED,1,478,239,260,1156,554,10.32
2026-08-18 18:02:04,ROI_RESIZED,1,478,235,250,1156,554,10.32
2026-08-18 18:02:05,ROI_RESIZED,1,478,230,244,1156,554,10.32
2026-08-18 18:02:05,ROI_RESIZED,1,478,226,243,1156,554,10.32
2026-08-18 18:02:05,ROI_RESIZED,1,478,227,243,1156,554,10.32
2026-08-18 18:02:05,ROI_RESIZED,1,478,231,243,1156,554,10.32
2026-08-18 18:02:05,ROI_RESIZED,1,478,234,239,1156,554,10.32
2026-08-18 18:02:05,ROI_RESIZED,1,478,232,240,1156,554,10.32
2026-08-18 18:02:05,ROI_RESIZED,1,478,236,241,1156,554,10.32
2026-08-18 18:02:05,ROI_RESIZED,1,478,231,249,1156,554,10.32
2026-08-18 18:02:05,ROI_RESIZED,1,478,240,253,1156,554,10.32
2026-08-18 18:02:05,ROI_RESIZED,1,478,240,257,1156,554,10.04
2026-08-18 18:02:06,ROI_RESIZED,1,478,240,260,1156,554,10.04
2026-08-18 18:02:06,ROI_RESIZED,1,478,242,265,1156,554,10.04
2026-08-18 18:02:06,ROI_RESIZED,1,478,248,271,1156,554,10.04
2026-08-18 18:02:06,ROI_RESIZED,1,478,249,277,1156,554,10.04
2026-08-18 18:02:06,ROI_RESIZED,1,478,249,280,1156,554,10.04
2026-08-18 18:02:06,ROI_RESIZED,1,478,250,285,1156,554,10.04
2026-08-18 18:02:06,ROI_RESIZED,1,478,258,286,1156,554,10.04
2026-08-18 18:02:06,ROI_RESIZED,1,478,263,291,1156,554,10.04
2026-08-18 18:02:06,ROI_RESIZED,1,478,264,292,1156,554,10.04
2026-08-18 18:02:06,ROI_RESIZED,1,478,264,294,1156,554,10.04
2026-08-18 18:02:07,ROI_RESIZED,1,478,265,295,1156,554,10.0
2026-08-18 18:02:07,ROI_RESIZED,1,478,267,296,1156,554,10.0
2026-08-18 18:02:07,ROI_RESIZED,1,478,269,298,1156,554,10.0
2026-08-18 18:02:07,ROI_RESIZED,1,478,267,298,1156,554,10.0
2026-08-18 18:02:07,ROI_RESIZED,1,478,263,295,1156,554,10.0
2026-08-18 18:02:07,ROI_RESIZED,1,478,257,290,1156,554,10.0
2026-08-18 18:02:07,ROI_RESIZED,1,478,255,285,1156,554,10.0
2026-08-18 18:02:07,ROI_RESIZED,1,478,253,281,1156,554,10.0
2026-08-18 18:02:07,ROI_RESIZED,1,478,252,277,1156,554,10.0
2026-08-18 18:02:07,ROI_RESIZED,1,478,249,274,1156,554,10.0
2026-08-18 18:02:08,ROI_RESIZED,1,478,244,271,1156,554,10.0
2026-08-18 18:02:08,ROI_RESIZED,1,478,242,269,1156,554,10.1
2026-08-18 18:02:08,ROI_RESIZED,1,478,242,269,1156,554,10.1
2026-08-18 18:02:08,ROI_RESIZED,1,478,242,269,1156,554,10.1
2026-08-18 18:02:08,ROI_RESIZED,1,478,243,270,1156,554,10.1
2026-08-18 18:02:08,ROI_RESIZED,1,478,242,270,1156,554,10.1
2026-08-18 18:02:08,ROI_RESIZED,1,478,242,271,1156,554,10.1
2026-08-18 18:02:08,ROI_RESIZED,1,478,243,273,1156,554,10.1
2026-08-18 18:02:08,ROI_RESIZED,1,478,243,273,1156,554,10.1
2026-08-18 18:02:08,ROI_RESIZED,1,478,242,273,1156,554,10.1
2026-08-18 18:02:09,ROI_RESIZED,1,478,243,275,1156,554,10.1
2026-08-18 18:02:09,ROI_RESIZED,1,478,243,276,1156,554,9.83
2026-08-18 18:02:09,ROI_RESIZED,1,478,245,275,1156,554,9.83
2026-08-18 18:02:09,ROI_RESIZED,1,478,245,277,1156,554,9.83
2026-08-18 18:02:09,ROI_RESIZED,1,478,243,278,1156,554,9.83
2026-08-18 18:02:09,ROI_RESIZED,1,478,245,277,1156,554,9.83
2026-08-18 18:02:09,ROI_RESIZED,1,478,246,277,1156,554,9.83
2026-08-18 18:02:09,ROI_RESIZED,1,478,249,277,1156,554,9.83
2026-08-18 18:02:09,ROI_RESIZED,1,478,239,276,1156,554,9.83
2026-08-18 18:02:09,ROI_RESIZED,1,478,240,278,1156,554,9.83
2026-08-18 18:02:10,ROI_RESIZED,1,478,243,278,1156,554,9.83
2026-08-18 18:02:10,ROI_RESIZED,1,478,247,278,1156,554,9.83
2026-08-18 18:02:10,ROI_RESIZED,1,478,253,277,1156,554,10.19
2026-08-18 18:02:10,ROI_RESIZED,1,478,262,279,1156,554,10.19
2026-08-18 18:02:10,ROI_RESIZED,1,478,267,279,1156,554,10.19
2026-08-18 18:02:10,ROI_RESIZED,1,478,262,281,1156,554,10.19
2026-08-18 18:02:10,ROI_RESIZED,1,478,263,282,1156,554,10.19
2026-08-18 18:02:10,ROI_RESIZED,1,478,260,284,1156,554,10.19
2026-08-18 18:02:10,ROI_RESIZED,1,478,257,284,1156,554,10.19
2026-08-18 18:02:10,ROI_RESIZED,1,478,257,285,1156,554,10.19
2026-08-18 18:02:11,ROI_RESIZED,1,478,256,285,1156,554,10.19
2026-08-18 18:02:11,ROI_RESIZED,1,478,256,286,1156,554,10.19
2026-08-18 18:02:11,ROI_RESIZED,1,478,258,284,1156,554,9.92
2026-08-18 18:02:11,ROI_RESIZED,1,478,256,283,1156,554,9.92
2026-08-18 18:02:11,ROI_RESIZED,1,478,255,282,1156,554,9.92
2026-08-18 18:02:11,ROI_RESIZED,1,478,256,281,1156,554,9.92
2026-08-18 18:02:11,ROI_RESIZED,1,478,258,280,1156,554,9.92
2026-08-18 18:02:11,ROI_RESIZED,1,478,255,281,1156,554,9.92
2026-08-18 18:02:11,ROI_RESIZED,1,478,253,281,1156,554,9.92
2026-08-18 18:02:11,ROI_RESIZED,1,478,253,281,1156,554,9.92
2026-08-18 18:02:12,ROI_RESIZED,1,478,254,282,1156,554,9.92
2026-08-18 18:02:12,ROI_RESIZED,1,478,254,282,1156,554,9.92
2026-08-18 18:02:12,ROI_RESIZED,1,478,254,282,1156,554,9.92
2026-08-18 18:02:12,ROI_RESIZED,1,478,254,282,1156,554,10.1
2026-08-18 18:02:12,ROI_RESIZED,1,478,252,282,1156,554,10.1
2026-08-18 18:02:12,ROI_RESIZED,1,478,253,282,1156,554,10.1
2026-08-18 18:02:12,ROI_RESIZED,1,478,254,282,1156,554,10.1
2026-08-18 18:02:12,ROI_RESIZED,1,478,255,281,1156,554,10.1
2026-08-18 18:02:12,ROI_RESIZED,1,478,253,280,1156,554,10.1
2026-08-18 18:02:12,ROI_RESIZED,1,478,253,279,1156,554,10.1
2026-08-18 18:02:13,ROI_RESIZED,1,478,251,278,1156,554,10.1
2026-08-18 18:02:13,ROI_RESIZED,1,478,251,278,1156,554,10.1
2026-08-18 18:02:13,ROI_RESIZED,1,478,250,278,1156,554,10.1
2026-08-18 18:02:13,ROI_RESIZED,1,478,249,277,1156,554,9.87
2026-08-18 18:02:13,ROI_RESIZED,1,478,245,277,1156,554,9.87
2026-08-18 18:02:13,ROI_RESIZED,1,478,244,277,1156,554,9.87
2026-08-18 18:02:13,ROI_RESIZED,1,478,243,277,1156,554,9.87
2026-08-18 18:02:13,ROI_RESIZED,1,478,243,277,1156,554,9.87
2026-08-18 18:02:13,ROI_RESIZED,1,478,242,278,1156,554,9.87
2026-08-18 18:02:13,ROI_RESIZED,1,478,246,277,1156,554,9.87
2026-08-18 18:02:14,ROI_RESIZED,1,478,248,278,1156,554,9.87
2026-08-18 18:02:14,ROI_RESIZED,1,478,247,277,1156,554,9.87
2026-08-18 18:02:14,ROI_RESIZED,1,478,246,277,1156,554,9.87
2026-08-18 18:02:14,ROI_RESIZED,1,478,248,278,1156,554,9.87
2026-08-18 18:02:14,ROI_RESIZED,1,478,248,277,1156,554,10.17
2026-08-18 18:02:14,ROI_RESIZED,1,478,252,276,1156,554,10.17
2026-08-18 18:02:14,ROI_RESIZED,1,478,244,274,1156,554,10.17
2026-08-18 18:02:14,ROI_RESIZED,1,478,243,273,1156,554,10.17
2026-08-18 18:02:14,ROI_RESIZED,1,478,243,273,1156,554,10.17
2026-08-18 18:02:14,ROI_RESIZED,1,478,245,273,1156,554,10.17
2026-08-18 18:02:15,ROI_RESIZED,1,478,246,273,1156,554,10.17
2026-08-18 18:02:15,ROI_RESIZED,1,478,247,273,1156,554,10.17
2026-08-18 18:02:15,ROI_RESIZED,1,478,247,273,1156,554,10.17
2026-08-18 18:02:15,ROI_RESIZED,1,478,246,273,1156,554,10.17
2026-08-18 18:02:15,ROI_RESIZED,1,478,246,272,1156,554,9.99
2026-08-18 18:02:15,ROI_RESIZED,1,478,245,271,1156,554,9.99
2026-08-18 18:02:15,ROI_RESIZED,1,478,243,269,1156,554,9.99
2026-08-18 18:02:15,ROI_RESIZED,1,478,242,269,1156,554,9.99
2026-08-18 18:02:15,ROI_RESIZED,1,478,241,268,1156,554,9.99
2026-08-18 18:02:15,ROI_RESIZED,1,478,248,264,1156,554,9.99
2026-08-18 18:02:16,ROI_RESIZED,1,478,250,248,1156,554,9.99
2026-08-18 18:02:16,ROI_RESIZED,1,478,233,239,1156,554,9.99
2026-08-18 18:02:16,ROI_RESIZED,1,478,231,243,1156,554,9.99
2026-08-18 18:02:16,ROI_RESIZED,1,478,226,246,1156,554,9.99
2026-08-18 18:02:16,ROI_RESIZED,1,478,234,246,1156,554,9.98
2026-08-18 18:02:16,ROI_RESIZED,1,478,217,245,1156,554,9.98
2026-08-18 18:02:16,ROI_RESIZED,1,478,213,250,1156,554,9.98
2026-08-18 18:02:16,ROI_RESIZED,1,478,219,252,1156,554,9.98
2026-08-18 18:02:16,ROI_RESIZED,1,478,219,252,1156,554,9.98
2026-08-18 18:02:16,ROI_RESIZED,1,478,222,251,1156,554,9.98
2026-08-18 18:02:17,ROI_RESIZED,1,478,235,257,1156,554,9.98
2026-08-18 18:02:17,ROI_RESIZED,1,478,244,259,1156,554,9.98
2026-08-18 18:02:17,ROI_RESIZED,1,478,234,262,1156,554,9.98
2026-08-18 18:02:17,ROI_RESIZED,1,478,224,255,1156,554,9.98
2026-08-18 18:02:17,ROI_RESIZED,1,478,223,249,1156,554,9.98
2026-08-18 18:02:17,ROI_RESIZED,1,478,221,246,1156,554,10.11
2026-08-18 18:02:17,ROI_RESIZED,1,478,226,248,1156,554,10.11
2026-08-18 18:02:17,ROI_RESIZED,1,478,228,245,1156,554,10.11
2026-08-18 18:02:17,ROI_RESIZED,1,478,230,243,1156,554,10.11
2026-08-18 18:02:17,ROI_RESIZED,1,478,227,247,1156,554,10.11
2026-08-18 18:02:18,ROI_RESIZED,1,478,219,247,1156,554,10.11
2026-08-18 18:02:18,ROI_RESIZED,1,478,211,244,1156,554,10.11
2026-08-18 18:02:18,ROI_RESIZED,1,478,214,240,1156,554,10.11
2026-08-18 18:02:18,ROI_RESIZED,1,478,213,240,1156,554,10.11
2026-08-18 18:02:18,ROI_RESIZED,1,478,218,249,1156,554,10.11
2026-08-18 18:02:18,ROI_RESIZED,1,478,210,248,1156,554,9.91
2026-08-18 18:02:18,ROI_RESIZED,1,478,212,246,1156,554,9.91
2026-08-18 18:02:18,ROI_RESIZED,1,478,209,241,1156,554,9.91
2026-08-18 18:02:18,ROI_RESIZED,1,478,213,239,1156,554,9.91
2026-08-18 18:02:18,ROI_RESIZED,1,478,216,240,1156,554,9.91
2026-08-18 18:02:19,ROI_RESIZED,1,478,219,241,1156,554,9.91
2026-08-18 18:02:19,ROI_RESIZED,1,478,214,244,1156,554,9.91
2026-08-18 18:02:19,ROI_RESIZED,1,478,219,247,1156,554,9.91
2026-08-18 18:02:19,ROI_RESIZED,1,478,222,249,1156,554,9.91
2026-08-18 18:02:19,ROI_RESIZED,1,478,222,247,1156,554,9.91
2026-08-18 18:02:19,ROI_RESIZED,1,478,224,247,1156,554,9.91
2026-08-18 18:02:19,ROI_RESIZED,1,478,217,245,1156,554,10.13
2026-08-18 18:02:19,ROI_RESIZED,1,478,226,246,1156,554,10.13
2026-08-18 18:02:19,ROI_RESIZED,1,478,218,246,1156,554,10.13
2026-08-18 18:02:19,ROI_RESIZED,1,478,215,249,1156,554,10.13
2026-08-18 18:02:19,ROI_RESIZED,1,478,218,259,1156,554,10.13
2026-08-18 18:02:20,ROI_RESIZED,1,478,219,261,1156,554,10.13
2026-08-18 18:02:20,ROI_RESIZED,1,478,220,257,1156,554,10.13
2026-08-18 18:02:20,ROI_RESIZED,1,478,223,244,1156,554,10.13
2026-08-18 18:02:20,ROI_RESIZED,1,478,261,257,1156,554,10.13
2026-08-18 18:02:20,ROI_RESIZED,1,478,253,268,1156,554,10.13
2026-08-18 18:02:20,ROI_RESIZED,1,478,255,270,1156,554,9.92
2026-08-18 18:02:20,ROI_RESIZED,1,478,251,270,1156,554,9.92
2026-08-18 18:02:20,ROI_RESIZED,1,478,246,272,1156,554,9.92
2026-08-18 18:02:20,ROI_RESIZED,1,478,245,272,1156,554,9.92
2026-08-18 18:02:21,ROI_RESIZED,1,478,249,271,1156,554,9.92
2026-08-18 18:02:21,ROI_RESIZED,1,478,258,264,1156,554,9.92
2026-08-18 18:02:21,ROI_RESIZED,1,478,247,254,1156,554,9.92
2026-08-18 18:02:21,ROI_RESIZED,1,478,228,248,1156,554,9.92
2026-08-18 18:02:21,ROI_RESIZED,1,478,225,251,1156,554,9.92
2026-08-18 18:02:21,ROI_RESIZED,1,478,226,253,1156,554,9.92
2026-08-18 18:02:21,ROI_RESIZED,1,478,225,254,1156,554,9.92
2026-08-18 18:02:21,ROI_RESIZED,1,478,225,253,1156,554,10.12
2026-08-18 18:02:21,ROI_RESIZED,1,478,217,248,1156,554,10.12
2026-08-18 18:02:21,ROI_RESIZED,1,478,226,250,1156,554,10.12
2026-08-18 18:02:21,ROI_RESIZED,1,478,226,250,1156,554,10.12
2026-08-18 18:02:22,ROI_RESIZED,1,478,230,254,1156,554,10.12
2026-08-18 18:02:22,ROI_RESIZED,1,478,235,254,1156,554,10.12
2026-08-18 18:02:22,ROI_RESIZED,1,478,226,250,1156,554,10.12
2026-08-18 18:02:22,ROI_RESIZED,0,0,0,0,1156,554,10.12
2026-08-18 18:02:22,ROI_RESIZED,1,478,212,228,1156,554,10.12
2026-08-18 18:02:22,ROI_RESIZED,1,478,218,229,1156,554,10.12
2026-08-18 18:02:22,ROI_RESIZED,0,0,0,0,1156,554,9.86
2026-08-18 18:02:22,ROI_RESIZED,1,478,215,233,1156,554,9.86
2026-08-18 18:02:22,ROI_RESIZED,1,478,223,236,1156,554,9.86
2026-08-18 18:02:22,ROI_RESIZED,1,478,228,242,1156,554,9.86
2026-08-18 18:02:23,ROI_RESIZED,1,478,224,240,1156,554,9.86
2026-08-18 18:02:23,ROI_RESIZED,1,478,248,237,1156,554,9.86
2026-08-18 18:02:23,ROI_RESIZED,1,478,255,253,1156,554,9.86
2026-08-18 18:02:23,ROI_RESIZED,1,478,218,248,1156,554,9.86
2026-08-18 18:02:23,ROI_RESIZED,1,478,206,226,1156,554,9.86
2026-08-18 18:02:23,ROI_RESIZED,1,478,220,229,1156,554,9.86
2026-08-18 18:02:23,ROI_RESIZED,1,478,224,240,1156,554,9.86
2026-08-18 18:02:23,ROI_RESIZED,1,478,208,233,1156,554,10.17
2026-08-18 18:02:23,ROI_RESIZED,1,478,195,223,1156,554,10.17
2026-08-18 18:02:24,ROI_RESIZED,1,478,207,229,1156,554,10.17
2026-08-18 18:02:24,ROI_RESIZED,1,478,218,234,1156,554,10.17
2026-08-18 18:02:24,ROI_RESIZED,1,478,226,236,1156,554,10.17
2026-08-18 18:02:24,ROI_RESIZED,1,478,225,237,1156,554,10.17
2026-08-18 18:02:24,ROI_RESIZED,1,478,235,245,1156,554,10.17
2026-08-18 18:02:24,ROI_RESIZED,1,478,229,251,1156,554,10.17
2026-08-18 18:02:24,ROI_RESIZED,1,478,230,253,1156,554,10.17
2026-08-18 18:02:24,ROI_RESIZED,1,478,235,255,1156,554,10.17
2026-08-18 18:02:24,ROI_RESIZED,1,478,232,258,1156,554,9.84
2026-08-18 18:02:24,ROI_RESIZED,1,478,233,256,1156,554,9.84
2026-08-18 18:02:24,ROI_RESIZED,1,478,237,245,1156,554,9.84
2026-08-18 18:02:25,ROI_RESIZED,1,478,239,232,1156,554,9.84
2026-08-18 18:02:25,ROI_RESIZED,1,478,238,242,1156,554,9.84
2026-08-18 18:02:25,ROI_RESIZED,1,478,226,250,1156,554,9.84
2026-08-18 18:02:25,ROI_RESIZED,1,478,231,252,1156,554,9.84
2026-08-18 18:02:25,ROI_RESIZED,1,478,222,251,1156,554,9.84
2026-08-18 18:02:25,ROI_RESIZED,1,478,231,253,1156,554,9.84
2026-08-18 18:02:25,ROI_RESIZED,1,478,230,252,1156,554,9.84
2026-08-18 18:02:25,ROI_RESIZED,1,478,228,252,1156,554,9.84
2026-08-18 18:02:25,ROI_RESIZED,1,478,225,253,1156,554,10.24
2026-08-18 18:02:25,ROI_RESIZED,1,478,226,253,1156,554,10.24
2026-08-18 18:02:26,ROI_RESIZED,1,478,231,253,1156,554,10.24
2026-08-18 18:02:26,ROI_RESIZED,1,478,229,253,1156,554,10.24
2026-08-18 18:02:26,ROI_RESIZED,1,478,227,255,1156,554,10.24
2026-08-18 18:02:26,ROI_RESIZED,1,478,228,257,1156,554,10.24
2026-08-18 18:02:26,ROI_RESIZED,1,478,228,256,1156,554,10.24
2026-08-18 18:02:26,ROI_RESIZED,1,478,234,261,1156,554,10.24
2026-08-18 18:02:26,ROI_RESIZED,1,478,232,257,1156,554,10.24
2026-08-18 18:02:26,ROI_RESIZED,1,478,235,260,1156,554,10.24
2026-08-18 18:02:26,ROI_RESIZED,1,478,237,260,1156,554,9.83
2026-08-18 18:02:26,ROI_RESIZED,1,478,236,261,1156,554,9.83
2026-08-18 18:02:27,ROI_RESIZED,1,478,236,262,1156,554,9.83
2026-08-18 18:02:27,ROI_RESIZED,1,478,237,262,1156,554,9.83
2026-08-18 18:02:27,ROI_RESIZED,1,478,237,263,1156,554,9.83
2026-08-18 18:02:27,ROI_RESIZED,1,478,234,262,1156,554,9.83
2026-08-18 18:02:27,ROI_RESIZED,1,478,234,261,1156,554,9.83
2026-08-18 18:02:27,ROI_RESIZED,1,478,234,262,1156,554,9.83
2026-08-18 18:02:27,ROI_RESIZED,1,478,240,263,1156,554,9.83
2026-08-18 18:02:27,ROI_RESIZED,1,478,241,264,1156,554,9.83
2026-08-18 18:02:27,ROI_RESIZED,1,478,258,264,1156,554,9.83
2026-08-18 18:02:27,ROI_RESIZED,1,478,262,270,1156,554,10.13
2026-08-18 18:02:28,ROI_RESIZED,1,478,278,268,1156,554,10.13
2026-08-18 18:02:28,ROI_RESIZED,1,478,277,275,1156,554,10.13
2026-08-18 18:02:28,ROI_RESIZED,1,478,260,282,1156,554,10.13
2026-08-18 18:02:28,ROI_RESIZED,1,478,267,289,1156,554,10.13
2026-08-18 18:02:28,ROI_RESIZED,1,478,276,299,1156,554,10.13
2026-08-18 18:02:28,ROI_RESIZED,1,478,272,307,1156,554,10.13
2026-08-18 18:02:28,ROI_RESIZED,1,478,275,311,1156,554,10.13
2026-08-18 18:02:28,ROI_RESIZED,1,478,279,315,1156,554,10.13
2026-08-18 18:02:28,ROI_RESIZED,1,478,276,318,1156,554,10.13
2026-08-18 18:02:28,ROI_RESIZED,1,478,275,317,1156,554,10.13
2026-08-18 18:02:29,ROI_RESIZED,1,478,278,311,1156,554,9.98
2026-08-18 18:02:29,ROI_RESIZED,1,478,290,306,1156,554,9.98
2026-08-18 18:02:29,ROI_RESIZED,1,478,299,304,1156,554,9.98
2026-08-18 18:02:29,ROI_RESIZED,1,478,292,302,1156,554,9.98
2026-08-18 18:02:29,ROI_RESIZED,1,478,297,303,1156,554,9.98
2026-08-18 18:02:29,ROI_RESIZED,1,478,286,303,1156,554,9.98
2026-08-18 18:02:29,ROI_RESIZED,1,478,281,302,1156,554,9.98
2026-08-18 18:02:29,ROI_RESIZED,1,478,267,301,1156,554,9.98
2026-08-18 18:02:29,ROI_RESIZED,1,478,268,301,1156,554,9.98
2026-08-18 18:02:29,ROI_RESIZED,1,478,264,301,1156,554,9.98
2026-08-18 18:02:30,ROI_RESIZED,1,478,263,297,1156,554,9.98
2026-08-18 18:02:30,ROI_RESIZED,1,478,262,291,1156,554,10.11
2026-08-18 18:02:30,ROI_RESIZED,1,478,257,290,1156,554,10.11
2026-08-18 18:02:30,ROI_RESIZED,1,478,256,286,1156,554,10.11
2026-08-18 18:02:30,ROI_RESIZED,1,478,257,286,1156,554,10.11
2026-08-18 18:02:30,ROI_RESIZED,1,478,260,287,1156,554,10.11
2026-08-18 18:02:30,ROI_RESIZED,1,478,266,285,1156,554,10.11
2026-08-18 18:02:30,ROI_RESIZED,1,478,275,287,1156,554,10.11
2026-08-18 18:02:30,ROI_RESIZED,1,478,273,290,1156,554,10.11
2026-08-18 18:02:30,ROI_RESIZED,1,478,266,287,1156,554,10.11
2026-08-18 18:02:31,ROI_RESIZED,1,478,262,287,1156,554,10.11
2026-08-18 18:02:31,ROI_RESIZED,1,478,262,289,1156,554,9.93
2026-08-18 18:02:31,ROI_RESIZED,1,478,267,287,1156,554,9.93
2026-08-18 18:02:31,ROI_RESIZED,1,478,268,285,1156,554,9.93
2026-08-18 18:02:31,ROI_RESIZED,1,478,266,285,1156,554,9.93
2026-08-18 18:02:31,ROI_RESIZED,1,478,263,286,1156,554,9.93
2026-08-18 18:02:31,ROI_RESIZED,1,478,263,287,1156,554,9.93
2026-08-18 18:02:31,ROI_RESIZED,1,478,260,286,1156,554,9.93
2026-08-18 18:02:31,ROI_RESIZED,1,478,259,285,1156,554,9.93
2026-08-18 18:02:31,ROI_RESIZED,1,478,260,285,1156,554,9.93
2026-08-18 18:02:32,ROI_RESIZED,1,478,259,285,1156,554,9.93
2026-08-18 18:02:32,ROI_RESIZED,1,478,259,286,1156,554,9.93
2026-08-18 18:02:32,ROI_RESIZED,1,478,258,285,1156,554,10.08
2026-08-18 18:02:32,ROI_RESIZED,1,478,259,284,1156,554,10.08
2026-08-18 18:02:32,ROI_RESIZED,1,478,258,283,1156,554,10.08
2026-08-18 18:02:32,ROI_RESIZED,1,478,258,283,1156,554,10.08
2026-08-18 18:02:32,ROI_RESIZED,1,478,258,282,1156,554,10.08
2026-08-18 18:02:32,ROI_RESIZED,1,478,258,282,1156,554,10.08
2026-08-18 18:02:32,ROI_RESIZED,1,478,258,280,1156,554,10.08
2026-08-18 18:02:32,ROI_RESIZED,1,478,258,278,1156,554,10.08
2026-08-18 18:02:33,ROI_RESIZED,1,478,258,277,1156,554,10.08
2026-08-18 18:02:33,ROI_RESIZED,1,478,259,277,1156,554,10.08
2026-08-18 18:02:33,ROI_RESIZED,1,478,256,278,1156,554,9.93
2026-08-18 18:02:33,ROI_RESIZED,1,478,255,279,1156,554,9.93
2026-08-18 18:02:33,ROI_RESIZED,1,478,255,278,1156,554,9.93
2026-08-18 18:02:33,ROI_RESIZED,1,478,255,276,1156,554,9.93
2026-08-18 18:02:33,ROI_RESIZED,1,478,252,274,1156,554,9.93
2026-08-18 18:02:33,ROI_RESIZED,1,478,246,274,1156,554,9.93
2026-08-18 18:02:33,ROI_RESIZED,1,478,244,277,1156,554,9.93
2026-08-18 18:02:33,ROI_RESIZED,1,478,245,278,1156,554,9.93
2026-08-18 18:02:34,ROI_RESIZED,1,478,250,278,1156,554,9.93
2026-08-18 18:02:34,ROI_RESIZED,1,478,250,281,1156,554,9.93
2026-08-18 18:02:34,ROI_RESIZED,1,478,253,281,1156,554,9.93
2026-08-18 18:02:34,ROI_RESIZED,1,478,248,282,1156,554,10.08
2026-08-18 18:02:34,ROI_RESIZED,1,478,245,283,1156,554,10.08
2026-08-18 18:02:34,ROI_RESIZED,1,478,245,283,1156,554,10.08
2026-08-18 18:02:34,ROI_RESIZED,1,478,240,284,1156,554,10.08
2026-08-18 18:02:34,ROI_RESIZED,1,478,239,284,1156,554,10.08
2026-08-18 18:02:34,ROI_RESIZED,1,478,239,284,1156,554,10.08
2026-08-18 18:02:34,ROI_RESIZED,1,478,240,280,1156,554,10.08
2026-08-18 18:02:35,ROI_RESIZED,1,478,241,276,1156,554,10.08
2026-08-18 18:02:35,ROI_RESIZED,1,478,245,277,1156,554,10.08
2026-08-18 18:02:35,ROI_RESIZED,1,478,261,277,1156,554,10.08
2026-08-18 18:02:35,ROI_RESIZED,1,478,259,280,1156,554,9.95
2026-08-18 18:02:35,ROI_RESIZED,1,478,263,285,1156,554,9.95
2026-08-18 18:02:35,ROI_RESIZED,1,478,265,290,1156,554,9.95
2026-08-18 18:02:35,ROI_RESIZED,0,0,0,0,1156,554,9.95
2026-08-18 18:02:35,ROI_RESIZED,0,0,0,0,1156,554,9.95
2026-08-18 18:02:35,ROI_RESIZED,0,0,0,0,1156,554,9.95
2026-08-18 18:02:35,ROI_RESIZED,0,0,0,0,1156,554,9.95
2026-08-18 18:02:36,ROI_RESIZED,1,478,255,224,1156,554,9.95
2026-08-18 18:02:36,ROI_RESIZED,1,478,266,238,1156,554,9.95
2026-08-18 18:02:36,ROI_RESIZED,1,478,264,242,1156,554,9.95
2026-08-18 18:02:36,ROI_RESIZED,1,478,263,245,1156,554,9.95
2026-08-18 18:02:36,ROI_RESIZED,0,0,0,0,1156,554,10.08
2026-08-18 18:02:36,ROI_RESIZED,0,0,0,0,1156,554,10.08
2026-08-18 18:02:36,ROI_RESIZED,0,0,0,0,1156,554,10.08
2026-08-18 18:02:36,ROI_RESIZED,0,0,0,0,1156,554,10.08
2026-08-18 18:02:36,ROI_RESIZED,0,0,0,0,1156,554,10.08
2026-08-18 18:02:36,ROI_RESIZED,0,0,0,0,1156,554,10.08
2026-08-18 18:02:37,ROI_RESIZED,0,0,0,0,1156,554,10.08
2026-08-18 18:02:37,ROI_RESIZED,1,478,257,237,1156,554,10.08
2026-08-18 18:02:37,ROI_RESIZED,1,478,254,242,1156,554,10.08
2026-08-18 18:02:37,ROI_RESIZED,1,478,260,250,1156,554,10.08
2026-08-18 18:02:37,ROI_RESIZED,1,478,267,259,1156,554,10.08
2026-08-18 18:02:37,ROI_RESIZED,1,478,255,256,1156,554,9.93
2026-08-18 18:02:37,ROI_RESIZED,1,478,257,259,1156,554,9.93
2026-08-18 18:02:37,ROI_RESIZED,1,478,246,270,1156,554,9.93
2026-08-18 18:02:37,ROI_RESIZED,1,478,274,264,1156,554,9.93
2026-08-18 18:02:37,ROI_RESIZED,1,478,293,258,1156,554,9.93
2026-08-18 18:02:38,ROI_RESIZED,1,478,291,262,1156,554,9.93
2026-08-18 18:02:38,ROI_RESIZED,1,478,276,260,1156,554,9.93
2026-08-18 18:02:38,ROI_RESIZED,1,478,257,254,1156,554,9.93
2026-08-18 18:02:38,ROI_RESIZED,1,478,249,253,1156,554,9.93
2026-08-18 18:02:38,ROI_RESIZED,1,478,245,254,1156,554,9.93
2026-08-18 18:02:38,ROI_RESIZED,1,478,245,254,1156,554,9.93
2026-08-18 18:02:38,ROI_RESIZED,1,478,244,254,1156,554,10.19
2026-08-18 18:02:38,ROI_RESIZED,1,478,240,254,1156,554,10.19
2026-08-18 18:02:38,ROI_RESIZED,1,478,246,254,1156,554,10.19
2026-08-18 18:02:38,ROI_RESIZED,1,478,255,255,1156,554,10.19
2026-08-18 18:02:39,ROI_RESIZED,1,478,271,260,1156,554,10.19
2026-08-18 18:02:39,ROI_RESIZED,1,478,264,260,1156,554,10.19
2026-08-18 18:02:39,ROI_RESIZED,1,478,260,262,1156,554,10.19
2026-08-18 18:02:39,ROI_RESIZED,1,478,247,263,1156,554,10.19
2026-08-18 18:02:39,ROI_RESIZED,1,478,243,265,1156,554,10.19
2026-08-18 18:02:39,ROI_RESIZED,1,478,245,270,1156,554,10.19
2026-08-18 18:02:39,ROI_RESIZED,1,478,243,272,1156,554,9.86
2026-08-18 18:02:39,ROI_RESIZED,1,478,246,280,1156,554,9.86
2026-08-18 18:02:39,ROI_RESIZED,1,478,248,283,1156,554,9.86
2026-08-18 18:02:39,ROI_RESIZED,1,478,254,285,1156,554,9.86
2026-08-18 18:02:40,ROI_RESIZED,1,478,256,287,1156,554,9.86
2026-08-18 18:02:40,ROI_RESIZED,1,478,264,286,1156,554,9.86
2026-08-18 18:02:40,ROI_RESIZED,1,478,261,283,1156,554,9.86
2026-08-18 18:02:40,ROI_RESIZED,1,478,272,284,1156,554,9.86
2026-08-18 18:02:40,ROI_RESIZED,1,478,268,287,1156,554,9.86
2026-08-18 18:02:40,ROI_RESIZED,1,478,262,288,1156,554,9.86
2026-08-18 18:02:40,ROI_RESIZED,1,478,264,289,1156,554,9.86
2026-08-18 18:02:40,ROI_RESIZED,1,478,262,287,1156,554,10.15
2026-08-18 18:02:40,ROI_RESIZED,1,478,263,285,1156,554,10.15
2026-08-18 18:02:40,ROI_RESIZED,1,478,262,282,1156,554,10.15
2026-08-18 18:02:41,ROI_RESIZED,1,478,262,278,1156,554,10.15
2026-08-18 18:02:41,ROI_RESIZED,1,478,259,278,1156,554,10.15
2026-08-18 18:02:41,ROI_RESIZED,1,478,266,279,1156,554,10.15
2026-08-18 18:02:41,ROI_RESIZED,1,478,263,282,1156,554,10.15
2026-08-18 18:02:41,ROI_RESIZED,1,478,265,289,1156,554,10.15
2026-08-18 18:02:41,ROI_RESIZED,1,478,268,294,1156,554,10.15
2026-08-18 18:02:41,ROI_RESIZED,1,478,262,290,1156,554,10.15
2026-08-18 18:02:41,ROI_RESIZED,1,478,261,284,1156,554,9.85
2026-08-18 18:02:41,ROI_RESIZED,1,478,255,284,1156,554,9.85
2026-08-18 18:02:41,ROI_RESIZED,1,478,249,287,1156,554,9.85
2026-08-18 18:02:42,ROI_RESIZED,1,478,257,288,1156,554,9.85
2026-08-18 18:02:42,ROI_RESIZED,1,478,262,288,1156,554,9.85
2026-08-18 18:02:42,ROI_RESIZED,1,478,258,287,1156,554,9.85
2026-08-18 18:02:42,ROI_RESIZED,1,478,263,286,1156,554,9.85
2026-08-18 18:02:42,ROI_RESIZED,1,478,269,284,1156,554,9.85
2026-08-18 18:02:42,ROI_RESIZED,1,478,257,283,1156,554,9.85
2026-08-18 18:02:42,ROI_RESIZED,1,478,260,283,1156,554,9.85
2026-08-18 18:02:42,ROI_RESIZED,1,478,260,283,1156,554,9.85
2026-08-18 18:02:42,ROI_RESIZED,1,478,259,282,1156,554,10.18
2026-08-18 18:02:42,ROI_RESIZED,1,478,264,281,1156,554,10.18
2026-08-18 18:02:43,ROI_RESIZED,1,478,261,281,1156,554,10.18
2026-08-18 18:02:43,ROI_RESIZED,1,478,257,278,1156,554,10.18
2026-08-18 18:02:43,ROI_RESIZED,1,478,251,280,1156,554,10.18
2026-08-18 18:02:43,ROI_RESIZED,1,478,252,280,1156,554,10.18
2026-08-18 18:02:43,ROI_RESIZED,1,478,249,276,1156,554,10.18
2026-08-18 18:02:43,ROI_RESIZED,1,478,254,267,1156,554,10.18
2026-08-18 18:02:43,ROI_RESIZED,1,478,257,276,1156,554,10.18
2026-08-18 18:02:43,ROI_RESIZED,1,478,260,276,1156,554,10.18
2026-08-18 18:02:43,ROI_RESIZED,1,478,265,283,1156,554,9.87
2026-08-18 18:02:43,ROI_RESIZED,1,478,269,291,1156,554,9.87
2026-08-18 18:02:44,ROI_RESIZED,1,478,277,293,1156,554,9.87
2026-08-18 18:02:44,ROI_RESIZED,1,478,279,295,1156,554,9.87
2026-08-18 18:02:44,ROI_RESIZED,1,478,281,293,1156,554,9.87
2026-08-18 18:02:44,ROI_RESIZED,1,478,281,294,1156,554,9.87
2026-08-18 18:02:44,ROI_RESIZED,1,478,279,297,1156,554,9.87
2026-08-18 18:02:44,ROI_RESIZED,1,478,279,301,1156,554,9.87
2026-08-18 18:02:44,ROI_RESIZED,1,478,280,305,1156,554,9.87
2026-08-18 18:02:44,ROI_RESIZED,1,478,279,305,1156,554,9.87
2026-08-18 18:02:44,ROI_RESIZED,1,478,277,300,1156,554,9.87
2026-08-18 18:02:44,ROI_RESIZED,1,478,278,302,1156,554,10.16
2026-08-18 18:02:45,ROI_RESIZED,1,478,274,301,1156,554,10.16
2026-08-18 18:02:45,ROI_RESIZED,1,478,273,296,1156,554,10.16
2026-08-18 18:02:45,ROI_RESIZED,1,478,274,290,1156,554,10.16
2026-08-18 18:02:45,ROI_RESIZED,1,478,274,291,1156,554,10.16
2026-08-18 18:02:45,ROI_RESIZED,1,478,274,290,1156,554,10.16
2026-08-18 18:02:45,ROI_RESIZED,1,478,266,287,1156,554,10.16
2026-08-18 18:02:45,ROI_RESIZED,1,478,263,281,1156,554,10.16
2026-08-18 18:02:45,ROI_RESIZED,1,478,261,278,1156,554,10.16
2026-08-18 18:02:45,ROI_RESIZED,1,478,263,276,1156,554,10.16
2026-08-18 18:02:45,ROI_RESIZED,1,478,262,277,1156,554,10.16
2026-08-18 18:02:46,ROI_RESIZED,1,478,262,275,1156,554,9.96
2026-08-18 18:02:46,ROI_RESIZED,1,478,263,275,1156,554,9.96
2026-08-18 18:02:46,ROI_RESIZED,1,478,256,272,1156,554,9.96
2026-08-18 18:02:46,ROI_RESIZED,1,478,254,272,1156,554,9.96
2026-08-18 18:02:46,ROI_RESIZED,1,478,254,272,1156,554,9.96
2026-08-18 18:02:46,ROI_RESIZED,1,478,252,272,1156,554,9.96
2026-08-18 18:02:46,ROI_RESIZED,1,478,253,270,1156,554,9.96
2026-08-18 18:02:46,ROI_RESIZED,1,478,255,270,1156,554,9.96
2026-08-18 18:02:46,ROI_RESIZED,1,478,254,270,1156,554,9.96
2026-08-18 18:02:46,ROI_RESIZED,1,478,251,270,1156,554,9.96
2026-08-18 18:02:47,ROI_RESIZED,1,478,253,267,1156,554,9.96
2026-08-18 18:02:47,ROI_RESIZED,1,478,253,269,1156,554,10.11
2026-08-18 18:02:47,ROI_RESIZED,1,478,259,270,1156,554,10.11
2026-08-18 18:02:47,ROI_RESIZED,1,478,251,272,1156,554,10.11
2026-08-18 18:02:47,ROI_RESIZED,1,478,256,274,1156,554,10.11
2026-08-18 18:02:47,ROI_RESIZED,1,478,255,278,1156,554,10.11
2026-08-18 18:02:47,ROI_RESIZED,1,478,256,284,1156,554,10.11
2026-08-18 18:02:47,ROI_RESIZED,1,478,255,283,1156,554,10.11
2026-08-18 18:02:47,ROI_RESIZED,1,478,256,283,1156,554,10.11
2026-08-18 18:02:47,ROI_RESIZED,1,478,255,282,1156,554,10.11
2026-08-18 18:02:48,ROI_RESIZED,1,478,253,282,1156,554,10.11
2026-08-18 18:02:48,ROI_RESIZED,1,478,254,283,1156,554,9.92
2026-08-18 18:02:48,ROI_RESIZED,1,478,254,283,1156,554,9.92
2026-08-18 18:02:48,ROI_RESIZED,1,478,254,286,1156,554,9.92
2026-08-18 18:02:48,ROI_RESIZED,1,478,256,287,1156,554,9.92
2026-08-18 18:02:48,ROI_RESIZED,1,478,259,287,1156,554,9.92
2026-08-18 18:02:48,ROI_RESIZED,1,478,259,286,1156,554,9.92
2026-08-18 18:02:48,ROI_RESIZED,1,478,258,285,1156,554,9.92
2026-08-18 18:02:48,ROI_RESIZED,1,478,257,284,1156,554,9.92
2026-08-18 18:02:48,ROI_RESIZED,1,478,258,282,1156,554,9.92
2026-08-18 18:02:49,ROI_RESIZED,1,478,259,283,1156,554,9.92
2026-08-18 18:02:49,ROI_RESIZED,1,478,259,282,1156,554,9.92
2026-08-18 18:02:49,ROI_RESIZED,1,478,259,282,1156,554,10.14
2026-08-18 18:02:49,ROI_RESIZED,1,478,262,283,1156,554,10.14
2026-08-18 18:02:49,ROI_RESIZED,1,478,265,282,1156,554,10.14
2026-08-18 18:02:49,ROI_RESIZED,1,478,266,282,1156,554,10.14
2026-08-18 18:02:49,ROI_RESIZED,1,478,263,283,1156,554,10.14
2026-08-18 18:02:49,ROI_RESIZED,1,478,263,287,1156,554,10.14
2026-08-18 18:02:49,ROI_RESIZED,1,478,266,283,1156,554,10.14
2026-08-18 18:02:49,ROI_RESIZED,1,478,266,275,1156,554,10.14
2026-08-18 18:02:50,ROI_RESIZED,1,478,261,267,1156,554,10.14
2026-08-18 18:02:50,ROI_RESIZED,1,478,263,267,1156,554,10.14
2026-08-18 18:02:50,ROI_RESIZED,1,478,264,265,1156,554,9.92
2026-08-18 18:02:50,ROI_RESIZED,1,478,259,264,1156,554,9.92
2026-08-18 18:02:50,ROI_RESIZED,1,478,256,265,1156,554,9.92
2026-08-18 18:02:50,ROI_RESIZED,1,478,256,269,1156,554,9.92
2026-08-18 18:02:50,ROI_RESIZED,1,478,250,274,1156,554,9.92
2026-08-18 18:02:50,ROI_RESIZED,1,478,248,280,1156,554,9.92
2026-08-18 18:02:50,ROI_RESIZED,1,478,249,286,1156,554,9.92
2026-08-18 18:02:50,ROI_RESIZED,1,478,251,292,1156,554,9.92
2026-08-18 18:02:51,ROI_RESIZED,1,478,254,296,1156,554,9.92
2026-08-18 18:02:51,ROI_RESIZED,1,478,253,298,1156,554,9.92
2026-08-18 18:02:51,ROI_RESIZED,1,478,262,297,1156,554,9.92
2026-08-18 18:02:51,ROI_RESIZED,1,478,281,296,1156,554,10.07
2026-08-18 18:02:51,ROI_RESIZED,1,478,282,297,1156,554,10.07
2026-08-18 18:02:51,ROI_RESIZED,1,478,272,298,1156,554,10.07
2026-08-18 18:02:51,ROI_RESIZED,1,478,274,300,1156,554,10.07
2026-08-18 18:02:51,ROI_RESIZED,1,478,264,298,1156,554,10.07
2026-08-18 18:02:51,ROI_RESIZED,1,478,260,294,1156,554,10.07
2026-08-18 18:02:51,ROI_RESIZED,1,478,270,285,1156,554,10.07
2026-08-18 18:02:52,ROI_RESIZED,1,478,264,288,1156,554,10.07
2026-08-18 18:02:52,ROI_RESIZED,1,478,252,286,1156,554,10.07
2026-08-18 18:02:52,ROI_RESIZED,1,478,248,283,1156,554,10.07
2026-08-18 18:02:52,ROI_RESIZED,1,478,249,282,1156,554,9.97
2026-08-18 18:02:52,ROI_RESIZED,1,478,252,284,1156,554,9.97
2026-08-18 18:02:52,ROI_RESIZED,1,478,256,284,1156,554,9.97
2026-08-18 18:02:52,ROI_RESIZED,1,478,258,284,1156,554,9.97
2026-08-18 18:02:52,ROI_RESIZED,1,478,252,284,1156,554,9.97
2026-08-18 18:02:52,ROI_RESIZED,1,478,250,286,1156,554,9.97
2026-08-18 18:02:52,ROI_RESIZED,1,478,246,286,1156,554,9.97
2026-08-18 18:02:53,ROI_RESIZED,1,478,245,287,1156,554,9.97
2026-08-18 18:02:53,ROI_RESIZED,1,478,245,288,1156,554,9.97
2026-08-18 18:02:53,ROI_RESIZED,1,478,247,287,1156,554,9.97
2026-08-18 18:02:53,ROI_RESIZED,1,478,249,287,1156,554,9.97
2026-08-18 18:02:53,ROI_RESIZED,1,478,250,285,1156,554,10.09
2026-08-18 18:02:53,ROI_RESIZED,1,478,249,285,1156,554,10.09
2026-08-18 18:02:53,ROI_RESIZED,1,478,249,285,1156,554,10.09
2026-08-18 18:02:53,ROI_RESIZED,1,478,249,285,1156,554,10.09
2026-08-18 18:02:53,ROI_RESIZED,1,478,251,285,1156,554,10.09
2026-08-18 18:02:53,ROI_RESIZED,1,478,254,284,1156,554,10.09
2026-08-18 18:02:54,ROI_RESIZED,1,478,259,283,1156,554,10.09
2026-08-18 18:02:54,ROI_RESIZED,1,478,261,282,1156,554,10.09
2026-08-18 18:02:54,ROI_RESIZED,1,478,260,281,1156,554,10.09
2026-08-18 18:02:54,ROI_RESIZED,1,478,261,281,1156,554,10.09
2026-08-18 18:02:54,ROI_RESIZED,1,478,263,281,1156,554,10.09
2026-08-18 18:02:54,ROI_RESIZED,1,478,260,282,1156,554,9.94
2026-08-18 18:02:54,ROI_RESIZED,1,478,260,283,1156,554,9.94
2026-08-18 18:02:54,ROI_RESIZED,1,478,262,284,1156,554,9.94
2026-08-18 18:02:54,ROI_RESIZED,1,478,265,287,1156,554,9.94
2026-08-18 18:02:54,ROI_RESIZED,1,478,265,287,1156,554,9.94
2026-08-18 18:02:55,ROI_RESIZED,1,478,262,288,1156,554,9.94
2026-08-18 18:02:55,ROI_RESIZED,1,478,262,288,1156,554,9.94
2026-08-18 18:02:55,ROI_RESIZED,1,478,264,288,1156,554,9.94
2026-08-18 18:02:55,ROI_RESIZED,1,478,263,287,1156,554,9.94
2026-08-18 18:02:55,ROI_RESIZED,1,478,262,287,1156,554,9.94
2026-08-18 18:02:55,ROI_RESIZED,1,478,261,285,1156,554,9.94
2026-08-18 18:02:55,ROI_RESIZED,1,478,260,284,1156,554,10.14
2026-08-18 18:02:55,ROI_RESIZED,1,478,259,283,1156,554,10.14
2026-08-18 18:02:55,ROI_RESIZED,1,478,252,282,1156,554,10.14
2026-08-18 18:02:55,ROI_RESIZED,1,478,249,284,1156,554,10.14
2026-08-18 18:02:56,ROI_RESIZED,1,478,250,283,1156,554,10.14
2026-08-18 18:02:56,ROI_RESIZED,1,478,259,283,1156,554,10.14
2026-08-18 18:02:56,ROI_RESIZED,1,478,258,283,1156,554,10.14
2026-08-18 18:02:56,ROI_RESIZED,1,478,262,283,1156,554,10.14
2026-08-18 18:02:56,ROI_RESIZED,1,478,261,284,1156,554,10.14
2026-08-18 18:02:56,ROI_RESIZED,1,478,272,285,1156,554,10.14
2026-08-18 18:02:56,ROI_RESIZED,1,478,270,286,1156,554,9.91
2026-08-18 18:02:56,ROI_RESIZED,1,478,271,285,1156,554,9.91
2026-08-18 18:02:56,ROI_RESIZED,1,478,267,284,1156,554,9.91
2026-08-18 18:02:56,ROI_RESIZED,1,478,260,286,1156,554,9.91
2026-08-18 18:02:57,ROI_RESIZED,1,478,261,287,1156,554,9.91
2026-08-18 18:02:57,ROI_RESIZED,1,478,264,287,1156,554,9.91
2026-08-18 18:02:57,ROI_RESIZED,1,478,260,287,1156,554,9.91
2026-08-18 18:02:57,ROI_RESIZED,1,478,263,285,1156,554,9.91
2026-08-18 18:02:57,ROI_RESIZED,1,478,271,281,1156,554,9.91
2026-08-18 18:02:57,ROI_RESIZED,1,478,262,278,1156,554,9.91
2026-08-18 18:02:57,ROI_RESIZED,1,478,248,274,1156,554,9.91
2026-08-18 18:02:57,ROI_RESIZED,1,478,258,263,1156,554,10.11
2026-08-18 18:02:57,ROI_RESIZED,1,478,242,244,1156,554,10.11
2026-08-18 18:02:57,ROI_RESIZED,1,478,239,250,1156,554,10.11
2026-08-18 18:02:58,ROI_RESIZED,1,478,241,254,1156,554,10.11
2026-08-18 18:02:58,ROI_RESIZED,1,478,233,253,1156,554,10.11
2026-08-18 18:02:58,ROI_RESIZED,1,478,229,254,1156,554,10.11
2026-08-18 18:02:58,ROI_RESIZED,1,478,232,260,1156,554,10.11
2026-08-18 18:02:58,ROI_RESIZED,1,478,241,263,1156,554,10.11
2026-08-18 18:02:58,ROI_RESIZED,1,478,247,272,1156,554,10.11
2026-08-18 18:02:58,ROI_RESIZED,1,478,251,271,1156,554,10.11
2026-08-18 18:02:58,ROI_RESIZED,1,478,249,270,1156,554,9.94
2026-08-18 18:02:58,ROI_RESIZED,1,478,248,270,1156,554,9.94
2026-08-18 18:02:58,ROI_RESIZED,1,478,247,271,1156,554,9.94
2026-08-18 18:02:59,ROI_RESIZED,1,478,248,272,1156,554,9.94
2026-08-18 18:02:59,ROI_RESIZED,1,478,266,270,1156,554,9.94
2026-08-18 18:02:59,ROI_RESIZED,1,478,265,270,1156,554,9.94
2026-08-18 18:02:59,ROI_RESIZED,1,478,258,266,1156,554,9.94
2026-08-18 18:02:59,ROI_RESIZED,1,478,263,264,1156,554,9.94
2026-08-18 18:02:59,ROI_RESIZED,1,478,261,264,1156,554,9.94
2026-08-18 18:02:59,ROI_RESIZED,1,478,266,271,1156,554,9.94
2026-08-18 18:02:59,ROI_RESIZED,1,478,271,275,1156,554,9.94
2026-08-18 18:02:59,ROI_RESIZED,1,478,275,276,1156,554,10.07
2026-08-18 18:02:59,ROI_RESIZED,1,478,285,280,1156,554,10.07
2026-08-18 18:03:00,ROI_RESIZED,1,478,280,279,1156,554,10.07
2026-08-18 18:03:00,ROI_RESIZED,1,478,282,280,1156,554,10.07
2026-08-18 18:03:00,ROI_RESIZED,1,478,282,280,1156,554,10.07
2026-08-18 18:03:00,ROI_RESIZED,1,478,283,280,1156,554,10.07
2026-08-18 18:03:00,ROI_RESIZED,1,478,285,280,1156,554,10.07
2026-08-18 18:03:00,ROI_RESIZED,1,478,286,284,1156,554,10.07
2026-08-18 18:03:00,ROI_RESIZED,1,478,279,282,1156,554,10.07
2026-08-18 18:03:00,ROI_RESIZED,1,478,274,283,1156,554,10.07
2026-08-18 18:03:00,ROI_RESIZED,1,478,275,282,1156,554,9.91
2026-08-18 18:03:00,ROI_RESIZED,1,478,274,280,1156,554,9.91
2026-08-18 18:03:01,ROI_RESIZED,1,478,272,275,1156,554,9.91
2026-08-18 18:03:01,ROI_RESIZED,1,478,265,272,1156,554,9.91
2026-08-18 18:03:01,ROI_RESIZED,1,478,266,273,1156,554,9.91
2026-08-18 18:03:01,ROI_RESIZED,1,478,266,274,1156,554,9.91
2026-08-18 18:03:01,ROI_RESIZED,1,478,264,277,1156,554,9.91
2026-08-18 18:03:01,ROI_RESIZED,1,478,268,283,1156,554,9.91
2026-08-18 18:03:01,ROI_RESIZED,1,478,271,288,1156,554,9.91
2026-08-18 18:03:01,ROI_RESIZED,1,478,275,286,1156,554,9.91
2026-08-18 18:03:01,ROI_RESIZED,1,478,276,278,1156,554,9.91
2026-08-18 18:03:01,ROI_RESIZED,1,478,255,269,1156,554,10.13
2026-08-18 18:03:02,ROI_RESIZED,1,478,259,262,1156,554,10.13
2026-08-18 18:03:02,ROI_RESIZED,1,478,246,258,1156,554,10.13
2026-08-18 18:03:02,ROI_RESIZED,1,478,257,247,1156,554,10.13
2026-08-18 18:03:02,ROI_RESIZED,1,478,252,242,1156,554,10.13
2026-08-18 18:03:02,ROI_RESIZED,1,478,241,247,1156,554,10.13
2026-08-18 18:03:02,ROI_RESIZED,1,478,249,250,1156,554,10.13
2026-08-18 18:03:02,ROI_RESIZED,1,478,258,254,1156,554,10.13
2026-08-18 18:03:02,ROI_RESIZED,1,478,270,260,1156,554,10.13
2026-08-18 18:03:02,ROI_RESIZED,0,0,0,0,1156,554,10.13
2026-08-18 18:03:02,ROI_RESIZED,0,0,0,0,1156,554,10.13
2026-08-18 18:03:03,ROI_RESIZED,0,0,0,0,1156,554,9.98
2026-08-18 18:03:03,ROI_RESIZED,0,0,0,0,1156,554,9.98
2026-08-18 18:03:03,ROI_RESIZED,0,0,0,0,1156,554,9.98
2026-08-18 18:03:03,ROI_RESIZED,0,0,0,0,1156,554,9.98
2026-08-18 18:03:03,ROI_RESIZED,0,0,0,0,1156,554,9.98
2026-08-18 18:03:03,ROI_RESIZED,0,0,0,0,1156,554,9.98
2026-08-18 18:03:03,ROI_RESIZED,0,0,0,0,1156,554,9.98
2026-08-18 18:03:03,ROI_RESIZED,0,0,0,0,1156,554,9.98
2026-08-18 18:03:03,ROI_RESIZED,0,0,0,0,1156,554,9.98
2026-08-18 18:03:03,ROI_RESIZED,1,478,292,254,1156,554,9.98
2026-08-18 18:03:04,ROI_RESIZED,0,0,0,0,1156,554,9.98
2026-08-18 18:03:04,ROI_RESIZED,0,0,0,0,1156,554,10.12
2026-08-18 18:03:04,ROI_RESIZED,0,0,0,0,1156,554,10.12
2026-08-18 18:03:04,ROI_RESIZED,0,0,0,0,1156,554,10.12
2026-08-18 18:03:04,ROI_RESIZED,0,0,0,0,1156,554,10.12
2026-08-18 18:03:04,ROI_RESIZED,0,0,0,0,1156,554,10.12
2026-08-18 18:03:04,ROI_RESIZED,0,0,0,0,1156,554,10.12
2026-08-18 18:03:04,ROI_RESIZED,0,0,0,0,1156,554,10.12
2026-08-18 18:03:04,ROI_RESIZED,0,0,0,0,1156,554,10.12
2026-08-18 18:03:04,ROI_RESIZED,1,478,282,237,1156,554,10.12
2026-08-18 18:03:04,ROI_RESIZED,1,478,277,241,1156,554,10.12
2026-08-18 18:03:05,ROI_RESIZED,1,478,263,246,1156,554,9.94
2026-08-18 18:03:05,ROI_RESIZED,0,0,0,0,1156,554,9.94
2026-08-18 18:03:05,ROI_RESIZED,0,0,0,0,1156,554,9.94
2026-08-18 18:03:05,ROI_RESIZED,0,0,0,0,1156,554,9.94
2026-08-18 18:03:05,ROI_RESIZED,0,0,0,0,1156,554,9.94
2026-08-18 18:03:05,ROI_RESIZED,0,0,0,0,1156,554,9.94
2026-08-18 18:03:05,ROI_RESIZED,0,0,0,0,1156,554,9.94
2026-08-18 18:03:05,ROI_RESIZED,0,0,0,0,1156,554,9.94
2026-08-18 18:03:05,ROI_RESIZED,0,0,0,0,1156,554,9.94
2026-08-18 18:03:06,ROI_RESIZED,0,0,0,0,1156,554,9.94
2026-08-18 18:03:06,ROI_RESIZED,0,0,0,0,1156,554,9.94
2026-08-18 18:03:06,ROI_RESIZED,1,478,302,250,1156,554,10.08
2026-08-18 18:03:06,ROI_RESIZED,1,478,304,252,1156,554,10.08
2026-08-18 18:03:06,ROI_RESIZED,0,0,0,0,1156,554,10.08
2026-08-18 18:03:06,ROI_RESIZED,1,478,297,272,1156,554,10.08
2026-08-18 18:03:06,ROI_RESIZED,1,478,310,281,1156,554,10.08
2026-08-18 18:03:06,ROI_RESIZED,1,478,307,286,1156,554,10.08
2026-08-18 18:03:06,ROI_RESIZED,1,478,311,291,1156,554,10.08
2026-08-18 18:03:06,ROI_RESIZED,1,478,309,295,1156,554,10.08
2026-08-18 18:03:07,ROI_RESIZED,1,478,302,297,1156,554,10.08
2026-08-18 18:03:07,ROI_RESIZED,1,478,292,294,1156,554,10.08
2026-08-18 18:03:07,ROI_RESIZED,1,478,288,294,1156,554,9.93
2026-08-18 18:03:07,ROI_RESIZED,1,478,284,295,1156,554,9.93
2026-08-18 18:03:07,ROI_RESIZED,1,478,286,295,1156,554,9.93
2026-08-18 18:03:07,ROI_RESIZED,1,478,285,294,1156,554,9.93
2026-08-18 18:03:07,ROI_RESIZED,1,478,283,292,1156,554,9.93
2026-08-18 18:03:07,ROI_RESIZED,1,478,279,293,1156,554,9.93
2026-08-18 18:03:07,ROI_RESIZED,1,478,280,291,1156,554,9.93
2026-08-18 18:03:07,ROI_RESIZED,1,478,276,291,1156,554,9.93
2026-08-18 18:03:07,ROI_RESIZED,1,478,276,292,1156,554,9.93
2026-08-18 18:03:08,ROI_RESIZED,1,478,278,291,1156,554,9.93
2026-08-18 18:03:08,ROI_RESIZED,1,478,285,292,1156,554,9.93
2026-08-18 18:03:08,ROI_RESIZED,1,478,277,294,1156,554,10.05
2026-08-18 18:03:08,ROI_RESIZED,1,478,274,294,1156,554,10.05
2026-08-18 18:03:08,ROI_RESIZED,1,478,272,293,1156,554,10.05
2026-08-18 18:03:08,ROI_RESIZED,1,478,285,295,1156,554,10.05
2026-08-18 18:03:08,ROI_RESIZED,1,478,285,297,1156,554,10.05
2026-08-18 18:03:08,ROI_RESIZED,1,478,287,295,1156,554,10.05
2026-08-18 18:03:08,ROI_RESIZED,1,478,286,289,1156,554,10.05
2026-08-18 18:03:08,ROI_RESIZED,1,478,287,289,1156,554,10.05
2026-08-18 18:03:09,ROI_RESIZED,1,478,282,292,1156,554,10.05
2026-08-18 18:03:09,ROI_RESIZED,1,478,277,287,1156,554,10.05
2026-08-18 18:03:09,ROI_RESIZED,1,478,275,283,1156,554,9.99
2026-08-18 18:03:09,ROI_RESIZED,1,478,268,287,1156,554,9.99
2026-08-18 18:03:09,ROI_RESIZED,1,478,265,286,1156,554,9.99
2026-08-18 18:03:09,ROI_RESIZED,1,478,269,274,1156,554,9.99
2026-08-18 18:03:09,ROI_RESIZED,1,478,268,271,1156,554,9.99
2026-08-18 18:03:09,ROI_RESIZED,1,478,267,270,1156,554,9.99
2026-08-18 18:03:09,ROI_RESIZED,1,478,281,261,1156,554,9.99
2026-08-18 18:03:09,ROI_RESIZED,1,478,263,254,1156,554,9.99
2026-08-18 18:03:10,ROI_RESIZED,1,478,263,256,1156,554,9.99
2026-08-18 18:03:10,ROI_RESIZED,1,478,275,256,1156,554,9.99
2026-08-18 18:03:10,ROI_RESIZED,1,478,262,257,1156,554,9.99
2026-08-18 18:03:10,ROI_RESIZED,1,478,261,261,1156,554,10.1
2026-08-18 18:03:10,ROI_RESIZED,1,478,260,259,1156,554,10.1
2026-08-18 18:03:10,ROI_RESIZED,1,478,251,275,1156,554,10.1
2026-08-18 18:03:10,ROI_RESIZED,1,478,259,287,1156,554,10.1
2026-08-18 18:03:10,ROI_RESIZED,1,478,262,293,1156,554,10.1
2026-08-18 18:03:10,ROI_RESIZED,1,478,265,291,1156,554,10.1
2026-08-18 18:03:11,ROI_RESIZED,1,478,272,294,1156,554,10.1
2026-08-18 18:03:11,ROI_RESIZED,1,478,273,296,1156,554,10.1
2026-08-18 18:03:11,ROI_RESIZED,1,478,265,297,1156,554,10.1
2026-08-18 18:03:11,ROI_RESIZED,1,478,264,298,1156,554,10.1
2026-08-18 18:03:11,ROI_RESIZED,1,478,263,300,1156,554,10.1
2026-08-18 18:03:11,ROI_RESIZED,1,478,263,299,1156,554,9.95
2026-08-18 18:03:11,ROI_RESIZED,1,478,263,299,1156,554,9.95
2026-08-18 18:03:11,ROI_RESIZED,1,478,262,300,1156,554,9.95
2026-08-18 18:03:11,ROI_RESIZED,1,478,263,300,1156,554,9.95
2026-08-18 18:03:11,ROI_RESIZED,1,478,266,300,1156,554,9.95
2026-08-18 18:03:11,ROI_RESIZED,1,478,269,300,1156,554,9.95
2026-08-18 18:03:12,ROI_RESIZED,1,478,267,299,1156,554,9.95
2026-08-18 18:03:12,ROI_RESIZED,1,478,267,299,1156,554,9.95
2026-08-18 18:03:12,ROI_RESIZED,1,478,265,299,1156,554,9.95
2026-08-18 18:03:12,ROI_RESIZED,1,478,263,298,1156,554,9.95
2026-08-18 18:03:12,ROI_RESIZED,1,478,263,298,1156,554,9.95
2026-08-18 18:03:12,ROI_RESIZED,1,478,264,298,1156,554,10.14
2026-08-18 18:03:12,ROI_RESIZED,1,478,265,298,1156,554,10.14
2026-08-18 18:03:12,ROI_RESIZED,1,478,267,298,1156,554,10.14
2026-08-18 18:03:12,ROI_RESIZED,1,478,267,298,1156,554,10.14
2026-08-18 18:03:12,ROI_RESIZED,1,478,266,298,1156,554,10.14
2026-08-18 18:03:13,ROI_RESIZED,1,478,265,298,1156,554,10.14
2026-08-18 18:03:13,ROI_RESIZED,1,478,260,298,1156,554,10.14
2026-08-18 18:03:13,ROI_RESIZED,1,478,261,298,1156,554,10.14
2026-08-18 18:03:13,ROI_RESIZED,1,478,262,297,1156,554,10.14
2026-08-18 18:03:13,ROI_RESIZED,1,478,264,298,1156,554,10.14
2026-08-18 18:03:13,ROI_RESIZED,1,478,267,301,1156,554,9.9
2026-08-18 18:03:13,ROI_RESIZED,1,478,268,302,1156,554,9.9
2026-08-18 18:03:13,ROI_RESIZED,1,478,267,302,1156,554,9.9
2026-08-18 18:03:13,ROI_RESIZED,1,478,266,303,1156,554,9.9
2026-08-18 18:03:13,ROI_RESIZED,1,478,261,301,1156,554,9.9
2026-08-18 18:03:14,ROI_RESIZED,1,478,261,302,1156,554,9.9
2026-08-18 18:03:14,ROI_RESIZED,1,478,259,301,1156,554,9.9
2026-08-18 18:03:14,ROI_RESIZED,1,478,257,302,1156,554,9.9
2026-08-18 18:03:14,ROI_RESIZED,1,478,257,300,1156,554,9.9
2026-08-18 18:03:14,ROI_RESIZED,1,478,258,299,1156,554,9.9
2026-08-18 18:03:14,ROI_RESIZED,1,478,258,299,1156,554,9.9
2026-08-18 18:03:14,ROI_RESIZED,1,478,260,297,1156,554,10.1
2026-08-18 18:03:14,ROI_RESIZED,1,478,261,297,1156,554,10.1
2026-08-18 18:03:14,ROI_RESIZED,1,478,261,297,1156,554,10.1
2026-08-18 18:03:14,ROI_RESIZED,1,478,261,297,1156,554,10.1
2026-08-18 18:03:15,ROI_RESIZED,1,478,261,297,1156,554,10.1
2026-08-18 18:03:15,ROI_RESIZED,1,478,263,297,1156,554,10.1
2026-08-18 18:03:15,ROI_RESIZED,1,478,263,297,1156,554,10.1
2026-08-18 18:03:15,ROI_RESIZED,1,478,263,297,1156,554,10.1
2026-08-18 18:03:15,ROI_RESIZED,1,478,264,297,1156,554,10.1
2026-08-18 18:03:15,ROI_RESIZED,1,478,264,297,1156,554,10.1
2026-08-18 18:03:15,ROI_RESIZED,1,478,262,298,1156,554,9.91
2026-08-18 18:03:15,ROI_RESIZED,1,478,263,300,1156,554,9.91
2026-08-18 18:03:15,ROI_RESIZED,1,478,263,300,1156,554,9.91
2026-08-18 18:03:15,ROI_RESIZED,1,478,263,300,1156,554,9.91
2026-08-18 18:03:16,ROI_RESIZED,1,478,263,300,1156,554,9.91
2026-08-18 18:03:16,ROI_RESIZED,1,478,264,301,1156,554,9.91
2026-08-18 18:03:16,ROI_RESIZED,1,478,261,300,1156,554,9.91
2026-08-18 18:03:16,ROI_RESIZED,1,478,261,301,1156,554,9.91
2026-08-18 18:03:16,ROI_RESIZED,1,478,259,301,1156,554,9.91
2026-08-18 18:03:16,ROI_RESIZED,1,478,260,301,1156,554,9.91
2026-08-18 18:03:16,ROI_RESIZED,1,478,260,301,1156,554,9.91
2026-08-18 18:03:16,ROI_RESIZED,1,478,260,302,1156,554,10.11
2026-08-18 18:03:16,ROI_RESIZED,1,478,260,302,1156,554,10.11
2026-08-18 18:03:16,ROI_RESIZED,1,478,258,302,1156,554,10.11
2026-08-18 18:03:17,ROI_RESIZED,1,478,256,302,1156,554,10.11
2026-08-18 18:03:17,ROI_RESIZED,1,478,256,304,1156,554,10.11
2026-08-18 18:03:17,ROI_RESIZED,1,478,255,304,1156,554,10.11
2026-08-18 18:03:17,ROI_RESIZED,1,478,254,305,1156,554,10.11
2026-08-18 18:03:17,ROI_RESIZED,1,478,253,303,1156,554,10.11
2026-08-18 18:03:17,ROI_RESIZED,1,478,252,303,1156,554,10.11
2026-08-18 18:03:17,ROI_RESIZED,1,478,254,303,1156,554,10.11
2026-08-18 18:03:17,ROI_RESIZED,1,478,255,305,1156,554,9.86
2026-08-18 18:03:17,ROI_RESIZED,1,478,254,305,1156,554,9.86
2026-08-18 18:03:17,ROI_RESIZED,1,478,254,304,1156,554,9.86
2026-08-18 18:03:18,ROI_RESIZED,1,478,263,305,1156,554,9.86
2026-08-18 18:03:18,ROI_RESIZED,1,478,261,305,1156,554,9.86
2026-08-18 18:03:18,ROI_RESIZED,1,478,260,305,1156,554,9.86
2026-08-18 18:03:18,ROI_RESIZED,1,478,262,304,1156,554,9.86
2026-08-18 18:03:18,ROI_RESIZED,1,478,266,305,1156,554,9.86
2026-08-18 18:03:18,ROI_RESIZED,1,478,266,304,1156,554,9.86
2026-08-18 18:03:18,ROI_RESIZED,1,478,263,304,1156,554,9.86
2026-08-18 18:03:18,ROI_RESIZED,1,478,263,303,1156,554,9.86
2026-08-18 18:03:18,ROI_RESIZED,1,478,264,306,1156,554,10.18
2026-08-18 18:03:18,ROI_RESIZED,1,478,265,311,1156,554,10.18
2026-08-18 18:03:19,ROI_RESIZED,1,478,265,312,1156,554,10.18
2026-08-18 18:03:19,ROI_RESIZED,1,478,261,306,1156,554,10.18
2026-08-18 18:03:19,ROI_RESIZED,1,478,257,300,1156,554,10.18
2026-08-18 18:03:19,ROI_RESIZED,1,478,253,298,1156,554,10.18
2026-08-18 18:03:19,ROI_RESIZED,1,478,255,297,1156,554,10.18
2026-08-18 18:03:19,ROI_RESIZED,1,478,256,298,1156,554,10.18
2026-08-18 18:03:19,ROI_RESIZED,1,478,257,300,1156,554,10.18
2026-08-18 18:03:19,ROI_RESIZED,1,478,257,301,1156,554,10.18
2026-08-18 18:03:19,ROI_RESIZED,1,478,260,304,1156,554,10.18
2026-08-18 18:03:19,ROI_RESIZED,1,478,254,304,1156,554,9.97
2026-08-18 18:03:20,ROI_RESIZED,1,478,255,304,1156,554,9.97
2026-08-18 18:03:20,ROI_RESIZED,1,478,260,306,1156,554,9.97
2026-08-18 18:03:20,ROI_RESIZED,1,478,253,306,1156,554,9.97
2026-08-18 18:03:20,ROI_RESIZED,1,478,258,305,1156,554,9.97
2026-08-18 18:03:20,ROI_RESIZED,1,478,257,303,1156,554,9.97
2026-08-18 18:03:20,ROI_RESIZED,1,478,260,303,1156,554,9.97
2026-08-18 18:03:20,ROI_RESIZED,1,478,260,303,1156,554,9.97
2026-08-18 18:03:20,ROI_RESIZED,1,478,254,304,1156,554,9.97
2026-08-18 18:03:20,ROI_RESIZED,1,478,254,304,1156,554,9.97
2026-08-18 18:03:20,ROI_RESIZED,1,478,256,305,1156,554,9.97
2026-08-18 18:03:21,ROI_RESIZED,1,478,260,306,1156,554,10.13
2026-08-18 18:03:21,ROI_RESIZED,1,478,255,305,1156,554,10.13
2026-08-18 18:03:21,ROI_RESIZED,1,478,253,304,1156,554,10.13
2026-08-18 18:03:21,ROI_RESIZED,1,478,253,303,1156,554,10.13
2026-08-18 18:03:21,ROI_RESIZED,1,478,265,303,1156,554,10.13
2026-08-18 18:03:21,ROI_RESIZED,1,478,269,301,1156,554,10.13
2026-08-18 18:03:21,ROI_RESIZED,1,478,273,298,1156,554,10.13
2026-08-18 18:03:21,ROI_RESIZED,1,478,272,299,1156,554,10.13
2026-08-18 18:03:21,ROI_RESIZED,1,478,270,300,1156,554,10.13
2026-08-18 18:03:21,ROI_RESIZED,1,478,270,302,1156,554,10.13
2026-08-18 18:03:22,ROI_RESIZED,1,478,270,302,1156,554,9.92
2026-08-18 18:03:22,ROI_RESIZED,1,478,267,302,1156,554,9.92
2026-08-18 18:03:22,ROI_RESIZED,1,478,267,302,1156,554,9.92
2026-08-18 18:03:22,ROI_RESIZED,1,478,267,302,1156,554,9.92
2026-08-18 18:03:22,ROI_RESIZED,1,478,265,303,1156,554,9.92
2026-08-18 18:03:22,ROI_RESIZED,1,478,265,303,1156,554,9.92
2026-08-18 18:03:22,ROI_RESIZED,1,478,265,303,1156,554,9.92
2026-08-18 18:03:22,ROI_RESIZED,1,478,265,305,1156,554,9.92
2026-08-18 18:03:22,ROI_RESIZED,1,478,265,306,1156,554,9.92
2026-08-18 18:03:22,ROI_RESIZED,1,478,266,306,1156,554,9.92
2026-08-18 18:03:23,ROI_RESIZED,1,478,266,305,1156,554,9.92
2026-08-18 18:03:23,ROI_RESIZED,1,478,264,305,1156,554,10.09
2026-08-18 18:03:23,ROI_RESIZED,1,478,264,304,1156,554,10.09
2026-08-18 18:03:23,ROI_RESIZED,1,478,260,304,1156,554,10.09
2026-08-18 18:03:23,ROI_RESIZED,1,478,259,305,1156,554,10.09
2026-08-18 18:03:23,ROI_RESIZED,1,478,256,305,1156,554,10.09
2026-08-18 18:03:23,ROI_RESIZED,1,478,253,301,1156,554,10.09
2026-08-18 18:03:23,ROI_RESIZED,1,478,248,295,1156,554,10.09
2026-08-18 18:03:23,ROI_RESIZED,1,478,244,288,1156,554,10.09
2026-08-18 18:03:23,ROI_RESIZED,1,478,243,287,1156,554,10.09
2026-08-18 18:03:24,ROI_RESIZED,1,478,242,286,1156,554,10.09
2026-08-18 18:03:24,ROI_RESIZED,1,478,248,284,1156,554,9.93
2026-08-18 18:03:24,ROI_RESIZED,1,478,234,266,1156,554,9.93
2026-08-18 18:03:24,ROI_RESIZED,1,478,249,281,1156,554,9.93
2026-08-18 18:03:24,ROI_RESIZED,1,478,300,305,1156,554,9.93
2026-08-18 18:03:24,ROI_RESIZED,1,478,311,327,1156,554,9.93
2026-08-18 18:03:24,ROI_RESIZED,1,478,301,329,1156,554,9.93
2026-08-18 18:03:24,ROI_RESIZED,1,478,282,314,1156,554,9.93
2026-08-18 18:03:24,ROI_RESIZED,1,478,317,325,1156,554,9.93
2026-08-18 18:03:24,ROI_RESIZED,1,478,306,325,1156,554,9.93
2026-08-18 18:03:25,ROI_RESIZED,1,478,302,325,1156,554,9.93
2026-08-18 18:03:25,ROI_RESIZED,1,478,310,333,1156,554,9.93
2026-08-18 18:03:25,ROI_RESIZED,1,478,304,333,1156,554,10.08
2026-08-18 18:03:25,ROI_RESIZED,1,478,287,327,1156,554,10.08
2026-08-18 18:03:25,ROI_RESIZED,1,478,288,326,1156,554,10.08
2026-08-18 18:03:25,ROI_RESIZED,1,478,272,322,1156,554,10.08
2026-08-18 18:03:25,ROI_RESIZED,1,478,274,317,1156,554,10.08
2026-08-18 18:03:25,ROI_RESIZED,1,478,280,316,1156,554,10.08
2026-08-18 18:03:25,ROI_RESIZED,1,478,283,316,1156,554,10.08
2026-08-18 18:03:25,ROI_RESIZED,1,478,280,316,1156,554,10.08
2026-08-18 18:03:26,ROI_RESIZED,1,478,276,316,1156,554,10.08
2026-08-18 18:03:26,ROI_RESIZED,1,478,276,316,1156,554,10.08
2026-08-18 18:03:26,ROI_RESIZED,1,478,274,318,1156,554,9.96
2026-08-18 18:03:26,ROI_RESIZED,1,478,276,321,1156,554,9.96
2026-08-18 18:03:26,ROI_RESIZED,1,478,276,320,1156,554,9.96
2026-08-18 18:03:26,ROI_RESIZED,1,478,275,320,1156,554,9.96
2026-08-18 18:03:26,ROI_RESIZED,1,478,274,320,1156,554,9.96
2026-08-18 18:03:26,ROI_RESIZED,1,478,271,315,1156,554,9.96
2026-08-18 18:03:26,ROI_RESIZED,1,478,271,313,1156,554,9.96
2026-08-18 18:03:26,ROI_RESIZED,1,478,272,315,1156,554,9.96
2026-08-18 18:03:27,ROI_RESIZED,1,478,274,317,1156,554,9.96
2026-08-18 18:03:27,ROI_RESIZED,1,478,269,317,1156,554,9.96
2026-08-18 18:03:27,ROI_RESIZED,1,478,269,316,1156,554,9.96
2026-08-18 18:03:27,ROI_RESIZED,1,478,276,317,1156,554,10.07
2026-08-18 18:03:27,ROI_RESIZED,1,478,279,320,1156,554,10.07
2026-08-18 18:03:27,ROI_RESIZED,1,478,275,320,1156,554,10.07
2026-08-18 18:03:27,ROI_RESIZED,1,478,271,320,1156,554,10.07
2026-08-18 18:03:27,ROI_RESIZED,1,478,271,322,1156,554,10.07
2026-08-18 18:03:27,ROI_RESIZED,1,478,274,324,1156,554,10.07
2026-08-18 18:03:27,ROI_RESIZED,1,478,280,326,1156,554,10.07
2026-08-18 18:03:28,ROI_RESIZED,1,478,279,324,1156,554,10.07
2026-08-18 18:03:28,ROI_RESIZED,1,478,284,330,1156,554,10.07
2026-08-18 18:03:28,ROI_RESIZED,1,478,290,336,1156,554,10.07
2026-08-18 18:03:28,ROI_RESIZED,1,478,290,340,1156,554,10.07
2026-08-18 18:03:28,ROI_RESIZED,1,478,291,331,1156,554,9.96
2026-08-18 18:03:28,ROI_RESIZED,1,478,283,324,1156,554,9.96
2026-08-18 18:03:28,ROI_RESIZED,1,478,286,325,1156,554,9.96
2026-08-18 18:03:28,ROI_RESIZED,1,478,284,326,1156,554,9.96
2026-08-18 18:03:28,ROI_RESIZED,1,478,281,325,1156,554,9.96
2026-08-18 18:03:28,ROI_RESIZED,1,478,288,323,1156,554,9.96
2026-08-18 18:03:29,ROI_RESIZED,1,478,273,317,1156,554,9.96
2026-08-18 18:03:29,ROI_RESIZED,1,478,269,311,1156,554,9.96
2026-08-18 18:03:29,ROI_RESIZED,1,478,262,312,1156,554,9.96
2026-08-18 18:03:29,ROI_RESIZED,1,478,261,312,1156,554,9.96
2026-08-18 18:03:29,ROI_RESIZED,1,478,261,312,1156,554,9.96
2026-08-18 18:03:29,ROI_RESIZED,1,478,260,311,1156,554,10.14
2026-08-18 18:03:29,ROI_RESIZED,1,478,259,310,1156,554,10.14
2026-08-18 18:03:29,ROI_RESIZED,1,478,260,310,1156,554,10.14
2026-08-18 18:03:29,ROI_RESIZED,1,478,254,306,1156,554,10.14
2026-08-18 18:03:29,ROI_RESIZED,1,478,256,305,1156,554,10.14
2026-08-18 18:03:30,ROI_RESIZED,1,478,257,306,1156,554,10.14
2026-08-18 18:03:30,ROI_RESIZED,1,478,255,304,1156,554,10.14
2026-08-18 18:03:30,ROI_RESIZED,1,478,255,304,1156,554,10.14
2026-08-18 18:03:30,ROI_RESIZED,1,478,255,304,1156,554,10.14
2026-08-18 18:03:30,ROI_RESIZED,1,478,256,304,1156,554,10.14
2026-08-18 18:03:30,ROI_RESIZED,1,478,257,304,1156,554,9.87
2026-08-18 18:03:30,ROI_RESIZED,1,478,257,304,1156,554,9.87
2026-08-18 18:03:30,ROI_RESIZED,1,478,258,305,1156,554,9.87
2026-08-18 18:03:30,ROI_RESIZED,1,478,258,306,1156,554,9.87
2026-08-18 18:03:30,ROI_RESIZED,1,478,260,308,1156,554,9.87
2026-08-18 18:03:31,ROI_RESIZED,1,478,260,308,1156,554,9.87
2026-08-18 18:03:31,ROI_RESIZED,1,478,260,308,1156,554,9.87
2026-08-18 18:03:31,ROI_RESIZED,1,478,260,308,1156,554,9.87
2026-08-18 18:03:31,ROI_RESIZED,1,478,264,294,1156,554,9.87
2026-08-18 18:03:31,ROI_RESIZED,1,478,278,289,1156,554,9.87
2026-08-18 18:03:31,ROI_RESIZED,1,478,269,294,1156,554,9.87
2026-08-18 18:03:31,ROI_RESIZED,1,478,293,298,1156,554,10.16
2026-08-18 18:03:31,ROI_RESIZED,1,478,310,307,1156,554,10.16
2026-08-18 18:03:31,ROI_RESIZED,1,478,309,311,1156,554,10.16
2026-08-18 18:03:31,ROI_RESIZED,1,478,272,309,1156,554,10.16
2026-08-18 18:03:32,ROI_RESIZED,1,478,274,303,1156,554,10.16
2026-08-18 18:03:32,ROI_RESIZED,1,478,296,307,1156,554,10.16
2026-08-18 18:03:32,ROI_RESIZED,1,478,311,316,1156,554,10.16
2026-08-18 18:03:32,ROI_RESIZED,1,478,320,321,1156,554,10.16
2026-08-18 18:03:32,ROI_RESIZED,1,478,309,321,1156,554,10.16
2026-08-18 18:03:32,ROI_RESIZED,1,478,308,319,1156,554,10.16
2026-08-18 18:03:32,ROI_RESIZED,1,478,297,317,1156,554,9.84
2026-08-18 18:03:32,ROI_RESIZED,1,478,301,317,1156,554,9.84
2026-08-18 18:03:32,ROI_RESIZED,1,478,294,317,1156,554,9.84
2026-08-18 18:03:32,ROI_RESIZED,1,478,289,318,1156,554,9.84
2026-08-18 18:03:33,ROI_RESIZED,1,478,283,313,1156,554,9.84
2026-08-18 18:03:33,ROI_RESIZED,1,478,284,306,1156,554,9.84
2026-08-18 18:03:33,ROI_RESIZED,1,478,274,303,1156,554,9.84
2026-08-18 18:03:33,ROI_RESIZED,1,478,274,304,1156,554,9.84
2026-08-18 18:03:33,ROI_RESIZED,1,478,279,304,1156,554,9.84
2026-08-18 18:03:33,ROI_RESIZED,1,478,280,303,1156,554,9.84
2026-08-18 18:03:33,ROI_RESIZED,1,478,276,303,1156,554,9.84
2026-08-18 18:03:33,ROI_RESIZED,1,478,281,304,1156,554,10.18
2026-08-18 18:03:33,ROI_RESIZED,1,478,285,304,1156,554,10.18
2026-08-18 18:03:33,ROI_RESIZED,1,478,284,305,1156,554,10.18
2026-08-18 18:03:34,ROI_RESIZED,1,478,284,308,1156,554,10.18
2026-08-18 18:03:34,ROI_RESIZED,1,478,297,314,1156,554,10.18
2026-08-18 18:03:34,ROI_RESIZED,1,478,304,317,1156,554,10.18
2026-08-18 18:03:34,ROI_RESIZED,1,478,293,316,1156,554,10.18
2026-08-18 18:03:34,ROI_RESIZED,1,478,296,315,1156,554,10.18
2026-08-18 18:03:34,ROI_RESIZED,1,478,297,314,1156,554,10.18
2026-08-18 18:03:34,ROI_RESIZED,1,478,282,312,1156,554,10.18
2026-08-18 18:03:34,ROI_RESIZED,1,478,282,311,1156,554,9.89
2026-08-18 18:03:34,ROI_RESIZED,1,478,285,312,1156,554,9.89
2026-08-18 18:03:34,ROI_RESIZED,1,478,291,312,1156,554,9.89
2026-08-18 18:03:35,ROI_RESIZED,1,478,281,307,1156,554,9.89
2026-08-18 18:03:35,ROI_RESIZED,1,478,287,300,1156,554,9.89
2026-08-18 18:03:35,ROI_RESIZED,1,478,285,307,1156,554,9.89
2026-08-18 18:03:35,ROI_RESIZED,1,478,266,301,1156,554,9.89
2026-08-18 18:03:35,ROI_RESIZED,1,478,258,295,1156,554,9.89
2026-08-18 18:03:35,ROI_RESIZED,1,478,259,293,1156,554,9.89
2026-08-18 18:03:35,ROI_RESIZED,1,478,274,294,1156,554,9.89
2026-08-18 18:03:35,ROI_RESIZED,1,478,260,297,1156,554,9.89
2026-08-18 18:03:35,ROI_RESIZED,1,478,259,297,1156,554,10.16
2026-08-18 18:03:35,ROI_RESIZED,1,478,255,297,1156,554,10.16
2026-08-18 18:03:36,ROI_RESIZED,1,478,258,298,1156,554,10.16
2026-08-18 18:03:36,ROI_RESIZED,1,478,267,303,1156,554,10.16
2026-08-18 18:03:36,ROI_RESIZED,1,478,264,308,1156,554,10.16
2026-08-18 18:03:36,ROI_RESIZED,1,478,256,302,1156,554,10.16
2026-08-18 18:03:36,ROI_RESIZED,1,478,255,301,1156,554,10.16
2026-08-18 18:03:36,ROI_RESIZED,1,478,261,297,1156,554,10.16
2026-08-18 18:03:36,ROI_RESIZED,1,478,265,299,1156,554,10.16
2026-08-18 18:03:36,ROI_RESIZED,1,478,261,301,1156,554,10.16
2026-08-18 18:03:36,ROI_RESIZED,1,478,259,301,1156,554,10.16
2026-08-18 18:03:36,ROI_RESIZED,1,478,261,303,1156,554,9.94
2026-08-18 18:03:37,ROI_RESIZED,1,478,262,304,1156,554,9.94
2026-08-18 18:03:37,ROI_RESIZED,1,478,264,306,1156,554,9.94
2026-08-18 18:03:37,ROI_RESIZED,1,478,267,306,1156,554,9.94
2026-08-18 18:03:37,ROI_RESIZED,1,478,267,306,1156,554,9.94
2026-08-18 18:03:37,ROI_RESIZED,1,478,267,302,1156,554,9.94
2026-08-18 18:03:37,ROI_RESIZED,1,478,266,301,1156,554,9.94
2026-08-18 18:03:37,ROI_RESIZED,1,478,272,303,1156,554,9.94
2026-08-18 18:03:37,ROI_RESIZED,1,478,269,303,1156,554,9.94
2026-08-18 18:03:37,ROI_RESIZED,1,478,270,307,1156,554,9.94
2026-08-18 18:03:37,ROI_RESIZED,1,478,268,310,1156,554,9.94
2026-08-18 18:03:38,ROI_RESIZED,1,478,269,315,1156,554,10.11
2026-08-18 18:03:38,ROI_RESIZED,1,478,272,317,1156,554,10.11
2026-08-18 18:03:38,ROI_RESIZED,1,478,274,324,1156,554,10.11
2026-08-18 18:03:38,ROI_RESIZED,1,478,279,328,1156,554,10.11
2026-08-18 18:03:38,ROI_RESIZED,1,478,283,328,1156,554,10.11
2026-08-18 18:03:38,ROI_RESIZED,1,478,284,323,1156,554,10.11
2026-08-18 18:03:38,ROI_RESIZED,1,478,277,317,1156,554,10.11
2026-08-18 18:03:38,ROI_RESIZED,1,478,278,311,1156,554,10.11
2026-08-18 18:03:38,ROI_RESIZED,1,478,275,313,1156,554,10.11
2026-08-18 18:03:38,ROI_RESIZED,1,478,267,313,1156,554,10.11
2026-08-18 18:03:39,ROI_RESIZED,1,478,268,315,1156,554,9.92
2026-08-18 18:03:39,ROI_RESIZED,1,478,264,314,1156,554,9.92
2026-08-18 18:03:39,ROI_RESIZED,1,478,266,317,1156,554,9.92
2026-08-18 18:03:39,ROI_RESIZED,1,478,270,314,1156,554,9.92
2026-08-18 18:03:39,ROI_RESIZED,1,478,268,312,1156,554,9.92
2026-08-18 18:03:39,ROI_RESIZED,1,478,260,310,1156,554,9.92
2026-08-18 18:03:39,ROI_RESIZED,1,478,262,310,1156,554,9.92
2026-08-18 18:03:39,ROI_RESIZED,1,478,271,309,1156,554,9.92
2026-08-18 18:03:39,ROI_RESIZED,1,478,273,309,1156,554,9.92
2026-08-18 18:03:39,ROI_RESIZED,1,478,277,310,1156,554,9.92
2026-08-18 18:03:40,ROI_RESIZED,1,478,272,311,1156,554,9.92
2026-08-18 18:03:40,ROI_RESIZED,1,478,272,311,1156,554,10.11
2026-08-18 18:03:40,ROI_RESIZED,1,478,268,311,1156,554,10.11
2026-08-18 18:03:40,ROI_RESIZED,1,478,268,310,1156,554,10.11
2026-08-18 18:03:40,ROI_RESIZED,1,478,271,312,1156,554,10.11
2026-08-18 18:03:40,ROI_RESIZED,1,478,268,313,1156,554,10.11
2026-08-18 18:03:40,ROI_RESIZED,1,478,265,313,1156,554,10.11
2026-08-18 18:03:40,ROI_RESIZED,1,478,262,310,1156,554,10.11
2026-08-18 18:03:40,ROI_RESIZED,1,478,261,310,1156,554,10.11
2026-08-18 18:03:40,ROI_RESIZED,1,478,268,308,1156,554,10.11
2026-08-18 18:03:41,ROI_RESIZED,1,478,280,306,1156,554,10.11
2026-08-18 18:03:41,ROI_RESIZED,1,478,279,304,1156,554,9.93
2026-08-18 18:03:41,ROI_RESIZED,1,478,284,305,1156,554,9.93
2026-08-18 18:03:41,ROI_RESIZED,1,478,286,305,1156,554,9.93
2026-08-18 18:03:41,ROI_RESIZED,1,478,298,307,1156,554,9.93
2026-08-18 18:03:41,ROI_RESIZED,1,478,292,307,1156,554,9.93
2026-08-18 18:03:41,ROI_RESIZED,1,478,284,305,1156,554,9.93
2026-08-18 18:03:41,ROI_RESIZED,1,478,280,306,1156,554,9.93
2026-08-18 18:03:41,ROI_RESIZED,1,478,278,307,1156,554,9.93
2026-08-18 18:03:41,ROI_RESIZED,1,478,282,306,1156,554,9.93
2026-08-18 18:03:42,ROI_RESIZED,1,478,288,305,1156,554,9.93
2026-08-18 18:03:42,ROI_RESIZED,1,478,286,305,1156,554,9.93
2026-08-18 18:03:42,ROI_RESIZED,1,478,285,303,1156,554,10.07
2026-08-18 18:03:42,ROI_RESIZED,1,478,286,305,1156,554,10.07
2026-08-18 18:03:42,ROI_RESIZED,1,478,288,305,1156,554,10.07
2026-08-18 18:03:42,ROI_RESIZED,1,478,288,305,1156,554,10.07
2026-08-18 18:03:42,ROI_RESIZED,1,478,287,304,1156,554,10.07
2026-08-18 18:03:42,ROI_RESIZED,1,478,285,304,1156,554,10.07
2026-08-18 18:03:42,ROI_RESIZED,1,478,285,303,1156,554,10.07
2026-08-18 18:03:42,ROI_RESIZED,1,478,284,303,1156,554,10.07
2026-08-18 18:03:43,ROI_RESIZED,1,478,283,303,1156,554,10.07
2026-08-18 18:03:43,ROI_RESIZED,1,478,282,304,1156,554,10.07
2026-08-18 18:03:43,ROI_RESIZED,1,478,280,303,1156,554,9.95
2026-08-18 18:03:43,ROI_RESIZED,1,478,281,302,1156,554,9.95
2026-08-18 18:03:43,ROI_RESIZED,1,478,287,302,1156,554,9.95
2026-08-18 18:03:43,ROI_RESIZED,1,478,287,302,1156,554,9.95
2026-08-18 18:03:43,ROI_RESIZED,1,478,286,300,1156,554,9.95
2026-08-18 18:03:43,ROI_RESIZED,1,478,278,299,1156,554,9.95
2026-08-18 18:03:43,ROI_RESIZED,1,478,276,301,1156,554,9.95
2026-08-18 18:03:43,ROI_RESIZED,1,478,272,302,1156,554,9.95
2026-08-18 18:03:44,ROI_RESIZED,1,478,269,301,1156,554,9.95
2026-08-18 18:03:44,ROI_RESIZED,1,478,269,302,1156,554,9.95
2026-08-18 18:03:44,ROI_RESIZED,1,478,271,300,1156,554,9.95
2026-08-18 18:03:44,ROI_RESIZED,1,478,270,300,1156,554,10.08
2026-08-18 18:03:44,ROI_RESIZED,1,478,271,299,1156,554,10.08
2026-08-18 18:03:44,ROI_RESIZED,1,478,270,299,1156,554,10.08
2026-08-18 18:03:44,ROI_RESIZED,1,478,270,298,1156,554,10.08
2026-08-18 18:03:44,ROI_RESIZED,1,478,271,298,1156,554,10.08
2026-08-18 18:03:44,ROI_RESIZED,1,478,271,297,1156,554,10.08
2026-08-18 18:03:44,ROI_RESIZED,1,478,271,297,1156,554,10.08
2026-08-18 18:03:45,ROI_RESIZED,1,478,271,297,1156,554,10.08
2026-08-18 18:03:45,ROI_RESIZED,1,478,273,298,1156,554,10.08
2026-08-18 18:03:45,ROI_RESIZED,1,478,273,299,1156,554,10.08
2026-08-18 18:03:45,ROI_RESIZED,1,478,272,299,1156,554,10.08
2026-08-18 18:03:45,ROI_RESIZED,1,478,270,301,1156,554,9.96
2026-08-18 18:03:45,ROI_RESIZED,1,478,270,300,1156,554,9.96
2026-08-18 18:03:45,ROI_RESIZED,1,478,269,299,1156,554,9.96
2026-08-18 18:03:45,ROI_RESIZED,1,478,270,300,1156,554,9.96
2026-08-18 18:03:45,ROI_RESIZED,1,478,270,297,1156,554,9.96
2026-08-18 18:03:45,ROI_RESIZED,1,478,274,296,1156,554,9.96
2026-08-18 18:03:46,ROI_RESIZED,1,478,276,296,1156,554,9.96
2026-08-18 18:03:46,ROI_RESIZED,1,478,277,297,1156,554,9.96
2026-08-18 18:03:46,ROI_RESIZED,1,478,274,297,1156,554,9.96
2026-08-18 18:03:46,ROI_RESIZED,1,478,269,298,1156,554,9.96
2026-08-18 18:03:46,ROI_RESIZED,1,478,268,298,1156,554,9.96
2026-08-18 18:03:46,ROI_RESIZED,1,478,276,298,1156,554,10.15
2026-08-18 18:03:46,ROI_RESIZED,1,478,278,298,1156,554,10.15
2026-08-18 18:03:46,ROI_RESIZED,1,478,278,298,1156,554,10.15
2026-08-18 18:03:46,ROI_RESIZED,1,478,270,298,1156,554,10.15
2026-08-18 18:03:46,ROI_RESIZED,1,478,273,299,1156,554,10.15
2026-08-18 18:03:47,ROI_RESIZED,1,478,274,299,1156,554,10.15
2026-08-18 18:03:47,ROI_RESIZED,1,478,275,300,1156,554,10.15
2026-08-18 18:03:47,ROI_RESIZED,1,478,281,301,1156,554,10.15
2026-08-18 18:03:47,ROI_RESIZED,1,478,280,303,1156,554,10.15
2026-08-18 18:03:47,ROI_RESIZED,1,478,276,302,1156,554,10.15
2026-08-18 18:03:47,ROI_RESIZED,1,478,275,302,1156,554,9.88
2026-08-18 18:03:47,ROI_RESIZED,1,478,274,300,1156,554,9.88
2026-08-18 18:03:47,ROI_RESIZED,1,478,272,300,1156,554,9.88
2026-08-18 18:03:47,ROI_RESIZED,1,478,270,300,1156,554,9.88
2026-08-18 18:03:47,ROI_RESIZED,1,478,264,300,1156,554,9.88
2026-08-18 18:03:48,ROI_RESIZED,1,478,267,293,1156,554,9.88
2026-08-18 18:03:48,ROI_RESIZED,1,478,287,286,1156,554,9.88
2026-08-18 18:03:48,ROI_RESIZED,1,478,299,286,1156,554,9.88
2026-08-18 18:03:48,ROI_RESIZED,1,478,278,286,1156,554,9.88
2026-08-18 18:03:48,ROI_RESIZED,1,478,263,286,1156,554,9.88
2026-08-18 18:03:48,ROI_RESIZED,1,478,272,286,1156,554,9.88
2026-08-18 18:03:48,ROI_RESIZED,1,478,271,285,1156,554,10.16
2026-08-18 18:03:48,ROI_RESIZED,1,478,268,285,1156,554,10.16
2026-08-18 18:03:48,ROI_RESIZED,1,478,261,283,1156,554,10.16
2026-08-18 18:03:48,ROI_RESIZED,1,478,259,283,1156,554,10.16
2026-08-18 18:03:49,ROI_RESIZED,1,478,259,283,1156,554,10.16
2026-08-18 18:03:49,ROI_RESIZED,1,478,260,284,1156,554,10.16
2026-08-18 18:03:49,ROI_RESIZED,1,478,259,286,1156,554,10.16
2026-08-18 18:03:49,ROI_RESIZED,1,478,261,286,1156,554,10.16
2026-08-18 18:03:49,ROI_RESIZED,1,478,264,288,1156,554,10.16
2026-08-18 18:03:49,ROI_RESIZED,1,478,266,288,1156,554,10.16
2026-08-18 18:03:49,ROI_RESIZED,1,478,264,289,1156,554,9.89
2026-08-18 18:03:49,ROI_RESIZED,1,478,270,291,1156,554,9.89
2026-08-18 18:03:49,ROI_RESIZED,1,478,275,296,1156,554,9.89
2026-08-18 18:03:49,ROI_RESIZED,1,478,276,303,1156,554,9.89
2026-08-18 18:03:50,ROI_RESIZED,1,478,275,307,1156,554,9.89
2026-08-18 18:03:50,ROI_RESIZED,1,478,276,308,1156,554,9.89
2026-08-18 18:03:50,ROI_RESIZED,1,478,274,306,1156,554,9.89
2026-08-18 18:03:50,ROI_RESIZED,1,478,266,301,1156,554,9.89
2026-08-18 18:03:50,ROI_RESIZED,1,478,264,299,1156,554,9.89
2026-08-18 18:03:50,ROI_RESIZED,1,478,260,299,1156,554,9.89
2026-08-18 18:03:50,ROI_RESIZED,1,478,259,300,1156,554,9.89
2026-08-18 18:03:50,ROI_RESIZED,1,478,265,300,1156,554,10.14
2026-08-18 18:03:50,ROI_RESIZED,1,478,266,300,1156,554,10.14
2026-08-18 18:03:50,ROI_RESIZED,1,478,268,300,1156,554,10.14
2026-08-18 18:03:51,ROI_RESIZED,1,478,267,301,1156,554,10.14
2026-08-18 18:03:51,ROI_RESIZED,1,478,266,303,1156,554,10.14
2026-08-18 18:03:51,ROI_RESIZED,1,478,268,304,1156,554,10.14
2026-08-18 18:03:51,ROI_RESIZED,1,478,267,305,1156,554,10.14
2026-08-18 18:03:51,ROI_RESIZED,1,478,269,304,1156,554,10.14
2026-08-18 18:03:51,ROI_RESIZED,1,478,270,304,1156,554,10.14
2026-08-18 18:03:51,ROI_RESIZED,1,478,267,304,1156,554,10.14
2026-08-18 18:03:51,ROI_RESIZED,1,478,268,307,1156,554,9.87
2026-08-18 18:03:51,ROI_RESIZED,1,478,271,310,1156,554,9.87
2026-08-18 18:03:51,ROI_RESIZED,1,478,271,311,1156,554,9.87
2026-08-18 18:03:51,ROI_RESIZED,1,478,269,309,1156,554,9.87
2026-08-18 18:03:52,ROI_RESIZED,1,478,268,309,1156,554,9.87
2026-08-18 18:03:52,ROI_RESIZED,1,478,269,308,1156,554,9.87
2026-08-18 18:03:52,ROI_RESIZED,1,478,262,307,1156,554,9.87
2026-08-18 18:03:52,ROI_RESIZED,1,478,263,308,1156,554,9.87
2026-08-18 18:03:52,ROI_RESIZED,1,478,265,307,1156,554,9.87
2026-08-18 18:03:52,ROI_RESIZED,1,478,265,307,1156,554,9.87
2026-08-18 18:03:52,ROI_RESIZED,1,478,266,308,1156,554,9.87
2026-08-18 18:03:52,ROI_RESIZED,1,478,266,308,1156,554,10.16
2026-08-18 18:03:52,ROI_RESIZED,1,478,267,307,1156,554,10.16
2026-08-18 18:03:53,ROI_RESIZED,1,478,262,304,1156,554,10.16
2026-08-18 18:03:53,ROI_RESIZED,1,478,268,303,1156,554,10.16
2026-08-18 18:03:53,ROI_RESIZED,1,478,268,301,1156,554,10.16
2026-08-18 18:03:53,ROI_RESIZED,1,478,267,300,1156,554,10.16
2026-08-18 18:03:53,ROI_RESIZED,1,478,264,300,1156,554,10.16
2026-08-18 18:03:53,ROI_RESIZED,1,478,264,300,1156,554,10.16
2026-08-18 18:03:53,ROI_RESIZED,1,478,265,301,1156,554,10.16
2026-08-18 18:03:53,ROI_RESIZED,1,478,267,301,1156,554,10.16
2026-08-18 18:03:53,ROI_RESIZED,1,478,268,302,1156,554,10.16
2026-08-18 18:03:53,ROI_RESIZED,1,478,268,303,1156,554,9.97
2026-08-18 18:03:53,ROI_RESIZED,1,478,267,304,1156,554,9.97
2026-08-18 18:03:54,ROI_RESIZED,1,478,266,305,1156,554,9.97
2026-08-18 18:03:54,ROI_RESIZED,1,478,272,304,1156,554,9.97
2026-08-18 18:03:54,ROI_RESIZED,1,478,275,303,1156,554,9.97
2026-08-18 18:03:54,ROI_RESIZED,1,478,275,303,1156,554,9.97
2026-08-18 18:03:54,ROI_RESIZED,1,478,274,302,1156,554,9.97
2026-08-18 18:03:54,ROI_RESIZED,1,478,274,302,1156,554,9.97
2026-08-18 18:03:54,ROI_RESIZED,1,478,275,298,1156,554,9.97
2026-08-18 18:03:54,ROI_RESIZED,1,478,276,292,1156,554,9.97
2026-08-18 18:03:54,ROI_RESIZED,1,478,283,292,1156,554,9.97
2026-08-18 18:03:54,ROI_RESIZED,1,478,296,293,1156,554,10.09
2026-08-18 18:03:55,ROI_RESIZED,1,478,293,298,1156,554,10.09
2026-08-18 18:03:55,ROI_RESIZED,1,478,284,301,1156,554,10.09
2026-08-18 18:03:55,ROI_RESIZED,1,478,284,304,1156,554,10.09
2026-08-18 18:03:55,ROI_RESIZED,1,478,283,305,1156,554,10.09
2026-08-18 18:03:55,ROI_RESIZED,1,478,289,305,1156,554,10.09
2026-08-18 18:03:55,ROI_RESIZED,1,478,297,306,1156,554,10.09
2026-08-18 18:03:55,ROI_RESIZED,1,478,302,311,1156,554,10.09
2026-08-18 18:03:55,ROI_RESIZED,1,478,298,312,1156,554,10.09
2026-08-18 18:03:55,ROI_RESIZED,1,478,295,311,1156,554,10.09
2026-08-18 18:03:55,ROI_RESIZED,1,478,295,311,1156,554,9.94
2026-08-18 18:03:56,ROI_RESIZED,1,478,293,312,1156,554,9.94
2026-08-18 18:03:56,ROI_RESIZED,1,478,292,313,1156,554,9.94
2026-08-18 18:03:56,ROI_RESIZED,1,478,293,313,1156,554,9.94
2026-08-18 18:03:56,ROI_RESIZED,1,478,291,313,1156,554,9.94
2026-08-18 18:03:56,ROI_RESIZED,1,478,287,312,1156,554,9.94
2026-08-18 18:03:56,ROI_RESIZED,1,478,285,309,1156,554,9.94
2026-08-18 18:03:56,ROI_RESIZED,1,478,283,307,1156,554,9.94
2026-08-18 18:03:56,ROI_RESIZED,1,478,299,305,1156,554,9.94
2026-08-18 18:03:56,ROI_RESIZED,1,478,292,305,1156,554,9.94
2026-08-18 18:03:56,ROI_RESIZED,1,478,289,306,1156,554,9.94
2026-08-18 18:03:57,ROI_RESIZED,1,478,289,305,1156,554,10.11
2026-08-18 18:03:57,ROI_RESIZED,1,478,286,305,1156,554,10.11
2026-08-18 18:03:57,ROI_RESIZED,1,478,285,304,1156,554,10.11
2026-08-18 18:03:57,ROI_RESIZED,1,478,285,303,1156,554,10.11
2026-08-18 18:03:57,ROI_RESIZED,1,478,282,303,1156,554,10.11
2026-08-18 18:03:57,ROI_RESIZED,1,478,279,303,1156,554,10.11
2026-08-18 18:03:57,ROI_RESIZED,1,478,280,304,1156,554,10.11
2026-08-18 18:03:57,ROI_RESIZED,1,478,281,305,1156,554,10.11
2026-08-18 18:03:57,ROI_RESIZED,1,478,279,304,1156,554,10.11
2026-08-18 18:03:57,ROI_RESIZED,1,478,281,304,1156,554,10.11
2026-08-18 18:03:58,ROI_RESIZED,1,478,283,306,1156,554,9.91
2026-08-18 18:03:58,ROI_RESIZED,1,478,283,305,1156,554,9.91
2026-08-18 18:03:58,ROI_RESIZED,1,478,280,305,1156,554,9.91
2026-08-18 18:03:58,ROI_RESIZED,1,478,277,305,1156,554,9.91
2026-08-18 18:03:58,ROI_RESIZED,1,478,278,305,1156,554,9.91
2026-08-18 18:03:58,ROI_RESIZED,1,478,282,305,1156,554,9.91
2026-08-18 18:03:58,ROI_RESIZED,1,478,283,306,1156,554,9.91
2026-08-18 18:03:58,ROI_RESIZED,1,478,282,305,1156,554,9.91
2026-08-18 18:03:58,ROI_RESIZED,1,478,280,307,1156,554,9.91
2026-08-18 18:03:58,ROI_RESIZED,1,478,276,307,1156,554,9.91
2026-08-18 18:03:59,ROI_RESIZED,1,478,284,307,1156,554,9.91
2026-08-18 18:03:59,ROI_RESIZED,1,478,281,306,1156,554,10.12
2026-08-18 18:03:59,ROI_RESIZED,1,478,280,307,1156,554,10.12
2026-08-18 18:03:59,ROI_RESIZED,1,478,280,307,1156,554,10.12
2026-08-18 18:03:59,ROI_RESIZED,1,478,277,307,1156,554,10.12
2026-08-18 18:03:59,ROI_RESIZED,1,478,276,307,1156,554,10.12
2026-08-18 18:03:59,ROI_RESIZED,1,478,280,307,1156,554,10.12
2026-08-18 18:03:59,ROI_RESIZED,1,478,281,307,1156,554,10.12
2026-08-18 18:03:59,ROI_RESIZED,1,478,285,306,1156,554,10.12
2026-08-18 18:03:59,ROI_RESIZED,1,478,282,306,1156,554,10.12
2026-08-18 18:04:00,ROI_RESIZED,1,478,280,306,1156,554,10.12
2026-08-18 18:04:00,ROI_RESIZED,1,478,288,305,1156,554,9.92
2026-08-18 18:04:00,ROI_RESIZED,1,478,293,305,1156,554,9.92
2026-08-18 18:04:00,ROI_RESIZED,1,478,290,305,1156,554,9.92
2026-08-18 18:04:00,ROI_RESIZED,1,478,282,303,1156,554,9.92
2026-08-18 18:04:00,ROI_RESIZED,1,478,277,302,1156,554,9.92
2026-08-18 18:04:00,ROI_RESIZED,1,478,272,297,1156,554,9.92
2026-08-18 18:04:00,ROI_RESIZED,1,478,265,297,1156,554,9.92
2026-08-18 18:04:00,ROI_RESIZED,1,478,263,297,1156,554,9.92
2026-08-18 18:04:00,ROI_RESIZED,1,478,262,297,1156,554,9.92
2026-08-18 18:04:01,ROI_RESIZED,1,478,259,294,1156,554,9.92
2026-08-18 18:04:01,ROI_RESIZED,1,478,265,295,1156,554,9.92
2026-08-18 18:04:01,ROI_RESIZED,1,478,265,295,1156,554,10.1
2026-08-18 18:04:01,ROI_RESIZED,1,478,262,294,1156,554,10.1
2026-08-18 18:04:01,ROI_RESIZED,1,478,273,293,1156,554,10.1
2026-08-18 18:04:01,ROI_RESIZED,1,478,278,289,1156,554,10.1
2026-08-18 18:04:01,ROI_RESIZED,1,478,276,293,1156,554,10.1
2026-08-18 18:04:01,ROI_RESIZED,1,478,279,301,1156,554,10.1
2026-08-18 18:04:01,ROI_RESIZED,1,478,288,308,1156,554,10.1
2026-08-18 18:04:01,ROI_RESIZED,1,478,286,314,1156,554,10.1
2026-08-18 18:04:02,ROI_RESIZED,1,478,283,320,1156,554,10.1
2026-08-18 18:04:02,ROI_RESIZED,1,478,283,324,1156,554,10.1
2026-08-18 18:04:02,ROI_RESIZED,1,478,287,325,1156,554,10.1
2026-08-18 18:04:02,ROI_RESIZED,1,478,290,327,1156,554,9.95
2026-08-18 18:04:02,ROI_RESIZED,1,478,288,325,1156,554,9.95
2026-08-18 18:04:02,ROI_RESIZED,1,478,284,324,1156,554,9.95
2026-08-18 18:04:02,ROI_RESIZED,1,478,286,325,1156,554,9.95
2026-08-18 18:04:02,ROI_RESIZED,1,478,284,323,1156,554,9.95
2026-08-18 18:04:02,ROI_RESIZED,1,478,283,323,1156,554,9.95
2026-08-18 18:04:02,ROI_RESIZED,1,478,284,323,1156,554,9.95
2026-08-18 18:04:03,ROI_RESIZED,1,478,283,321,1156,554,9.95
2026-08-18 18:04:03,ROI_RESIZED,1,478,283,319,1156,554,9.95
2026-08-18 18:04:03,ROI_RESIZED,1,478,284,318,1156,554,9.95
2026-08-18 18:04:03,ROI_RESIZED,1,478,284,317,1156,554,9.95
2026-08-18 18:04:03,ROI_RESIZED,1,478,285,314,1156,554,10.12
2026-08-18 18:04:03,ROI_RESIZED,1,478,281,311,1156,554,10.12
2026-08-18 18:04:03,ROI_RESIZED,1,478,278,311,1156,554,10.12
2026-08-18 18:04:03,ROI_RESIZED,1,478,285,311,1156,554,10.12
2026-08-18 18:04:03,ROI_RESIZED,1,478,286,310,1156,554,10.12
2026-08-18 18:04:03,ROI_RESIZED,1,478,290,309,1156,554,10.12
2026-08-18 18:04:04,ROI_RESIZED,1,478,291,309,1156,554,10.12
2026-08-18 18:04:04,ROI_RESIZED,1,478,299,307,1156,554,10.12
2026-08-18 18:04:04,ROI_RESIZED,1,478,298,307,1156,554,10.12
2026-08-18 18:04:04,ROI_RESIZED,1,478,287,307,1156,554,10.12
2026-08-18 18:04:04,ROI_RESIZED,1,478,289,307,1156,554,9.62
2026-08-18 18:04:04,ROI_RESIZED,1,478,275,307,1156,554,9.62
2026-08-18 18:04:04,ROI_RESIZED,1,478,278,307,1156,554,9.62
2026-08-18 18:04:04,ROI_RESIZED,1,478,277,307,1156,554,9.62
2026-08-18 18:04:04,ROI_RESIZED,1,478,283,308,1156,554,9.62
2026-08-18 18:04:04,ROI_RESIZED,1,478,281,308,1156,554,9.62
2026-08-18 18:04:05,ROI_RESIZED,1,478,278,307,1156,554,9.62
2026-08-18 18:04:05,ROI_RESIZED,1,478,283,308,1156,554,9.62
2026-08-18 18:04:05,ROI_RESIZED,1,478,282,308,1156,554,9.62
2026-08-18 18:04:05,ROI_RESIZED,1,478,281,307,1156,554,9.62
2026-08-18 18:04:05,ROI_RESIZED,1,478,276,304,1156,554,9.62
2026-08-18 18:04:05,ROI_RESIZED,1,478,283,301,1156,554,10.43
2026-08-18 18:04:05,ROI_RESIZED,1,478,275,299,1156,554,10.43
2026-08-18 18:04:05,ROI_RESIZED,1,478,278,297,1156,554,10.43
2026-08-18 18:04:05,ROI_RESIZED,1,478,272,293,1156,554,10.43
2026-08-18 18:04:05,ROI_RESIZED,1,478,269,290,1156,554,10.43
2026-08-18 18:04:06,ROI_RESIZED,1,478,279,292,1156,554,10.43
2026-08-18 18:04:06,ROI_RESIZED,1,478,279,296,1156,554,10.43
2026-08-18 18:04:06,ROI_RESIZED,1,478,272,299,1156,554,10.43
2026-08-18 18:04:06,ROI_RESIZED,1,478,270,301,1156,554,10.43
2026-08-18 18:04:06,ROI_RESIZED,1,478,267,302,1156,554,10.43
2026-08-18 18:04:06,ROI_RESIZED,1,478,269,301,1156,554,9.91
2026-08-18 18:04:06,ROI_RESIZED,1,478,269,300,1156,554,9.91
2026-08-18 18:04:06,ROI_RESIZED,1,478,269,298,1156,554,9.91
2026-08-18 18:04:06,ROI_RESIZED,1,478,266,294,1156,554,9.91
2026-08-18 18:04:06,ROI_RESIZED,1,478,258,294,1156,554,9.91
2026-08-18 18:04:07,ROI_RESIZED,1,478,261,295,1156,554,9.91
2026-08-18 18:04:07,ROI_RESIZED,1,478,263,296,1156,554,9.91
2026-08-18 18:04:07,ROI_RESIZED,1,478,259,296,1156,554,9.91
2026-08-18 18:04:07,ROI_RESIZED,1,478,263,296,1156,554,9.91
2026-08-18 18:04:07,ROI_RESIZED,1,478,262,296,1156,554,9.91
2026-08-18 18:04:07,ROI_RESIZED,1,478,261,296,1156,554,9.91
2026-08-18 18:04:07,ROI_RESIZED,1,478,265,297,1156,554,10.1
2026-08-18 18:04:07,ROI_RESIZED,1,478,267,297,1156,554,10.1
2026-08-18 18:04:07,ROI_RESIZED,1,478,265,297,1156,554,10.1
2026-08-18 18:04:07,ROI_RESIZED,1,478,263,299,1156,554,10.1
2026-08-18 18:04:08,ROI_RESIZED,1,478,263,297,1156,554,10.1
2026-08-18 18:04:08,ROI_RESIZED,1,478,263,297,1156,554,10.1
2026-08-18 18:04:08,ROI_RESIZED,1,478,267,297,1156,554,10.1
2026-08-18 18:04:08,ROI_RESIZED,1,478,266,298,1156,554,10.1
2026-08-18 18:04:08,ROI_RESIZED,1,478,263,298,1156,554,10.1
2026-08-18 18:04:08,ROI_RESIZED,1,478,261,298,1156,554,10.1
2026-08-18 18:04:08,ROI_RESIZED,1,478,261,298,1156,554,9.89
2026-08-18 18:04:08,ROI_RESIZED,1,478,266,300,1156,554,9.89
2026-08-18 18:04:08,ROI_RESIZED,1,478,270,300,1156,554,9.89
2026-08-18 18:04:08,ROI_RESIZED,1,478,270,300,1156,554,9.89
2026-08-18 18:04:09,ROI_RESIZED,1,478,268,300,1156,554,9.89
2026-08-18 18:04:09,ROI_RESIZED,1,478,268,300,1156,554,9.89
2026-08-18 18:04:09,ROI_RESIZED,1,478,270,300,1156,554,9.89
2026-08-18 18:04:09,ROI_RESIZED,1,478,267,300,1156,554,9.89
2026-08-18 18:04:09,ROI_RESIZED,1,478,266,303,1156,554,9.89
2026-08-18 18:04:09,ROI_RESIZED,1,478,265,303,1156,554,9.89
2026-08-18 18:04:09,ROI_RESIZED,1,478,268,304,1156,554,9.89
2026-08-18 18:04:09,ROI_RESIZED,1,478,269,305,1156,554,10.13
2026-08-18 18:04:09,ROI_RESIZED,1,478,269,309,1156,554,10.13
2026-08-18 18:04:09,ROI_RESIZED,1,478,267,310,1156,554,10.13
2026-08-18 18:04:10,ROI_RESIZED,1,478,267,311,1156,554,10.13
2026-08-18 18:04:10,ROI_RESIZED,1,478,266,312,1156,554,10.13
2026-08-18 18:04:10,ROI_RESIZED,1,478,266,312,1156,554,10.13
2026-08-18 18:04:10,ROI_RESIZED,1,478,269,312,1156,554,10.13
2026-08-18 18:04:10,ROI_RESIZED,1,478,266,313,1156,554,10.13
2026-08-18 18:04:10,ROI_RESIZED,1,478,267,314,1156,554,10.13
2026-08-18 18:04:10,ROI_RESIZED,1,478,267,314,1156,554,10.13
2026-08-18 18:04:10,ROI_RESIZED,1,478,266,316,1156,554,10.13
2026-08-18 18:04:10,ROI_RESIZED,1,478,266,318,1156,554,9.97
2026-08-18 18:04:10,ROI_RESIZED,1,478,268,322,1156,554,9.97
2026-08-18 18:04:11,ROI_RESIZED,1,478,270,323,1156,554,9.97
2026-08-18 18:04:11,ROI_RESIZED,1,478,273,324,1156,554,9.97
2026-08-18 18:04:11,ROI_RESIZED,1,478,271,327,1156,554,9.97
2026-08-18 18:04:11,ROI_RESIZED,1,478,272,328,1156,554,9.97
2026-08-18 18:04:11,ROI_RESIZED,1,478,271,329,1156,554,9.97
2026-08-18 18:04:11,ROI_RESIZED,1,478,268,329,1156,554,9.97
2026-08-18 18:04:11,ROI_RESIZED,1,478,267,328,1156,554,9.97
2026-08-18 18:04:11,ROI_RESIZED,1,478,267,326,1156,554,9.97
2026-08-18 18:04:11,ROI_RESIZED,1,478,276,325,1156,554,9.97
2026-08-18 18:04:11,ROI_RESIZED,1,478,278,326,1156,554,10.13
2026-08-18 18:04:12,ROI_RESIZED,1,478,279,326,1156,554,10.13
2026-08-18 18:04:12,ROI_RESIZED,1,478,277,327,1156,554,10.13
2026-08-18 18:04:12,ROI_RESIZED,1,478,276,329,1156,554,10.13
2026-08-18 18:04:12,ROI_RESIZED,1,478,274,318,1156,554,10.13
2026-08-18 18:04:12,ROI_RESIZED,1,478,275,311,1156,554,10.13
2026-08-18 18:04:12,ROI_RESIZED,1,478,276,315,1156,554,10.13
2026-08-18 18:04:12,ROI_RESIZED,1,478,274,315,1156,554,10.13
2026-08-18 18:04:12,ROI_RESIZED,1,478,275,317,1156,554,10.13
2026-08-18 18:04:12,ROI_RESIZED,1,478,275,318,1156,554,10.13
2026-08-18 18:04:12,ROI_RESIZED,1,478,285,324,1156,554,9.9
2026-08-18 18:04:13,ROI_RESIZED,1,478,286,324,1156,554,9.9
2026-08-18 18:04:13,ROI_RESIZED,1,478,286,324,1156,554,9.9
2026-08-18 18:04:13,ROI_RESIZED,1,478,284,322,1156,554,9.9
2026-08-18 18:04:13,ROI_RESIZED,1,478,287,324,1156,554,9.9
2026-08-18 18:04:13,ROI_RESIZED,1,478,291,324,1156,554,9.9
2026-08-18 18:04:13,ROI_RESIZED,1,478,289,322,1156,554,9.9
2026-08-18 18:04:13,ROI_RESIZED,1,478,286,320,1156,554,9.9
2026-08-18 18:04:13,ROI_RESIZED,1,478,284,320,1156,554,9.9
2026-08-18 18:04:13,ROI_RESIZED,1,478,283,321,1156,554,9.9
2026-08-18 18:04:13,ROI_RESIZED,1,478,282,320,1156,554,9.9
2026-08-18 18:04:14,ROI_RESIZED,1,478,281,320,1156,554,10.12
2026-08-18 18:04:14,ROI_RESIZED,1,478,280,320,1156,554,10.12
2026-08-18 18:04:14,ROI_RESIZED,1,478,278,319,1156,554,10.12
2026-08-18 18:04:14,ROI_RESIZED,1,478,275,319,1156,554,10.12
2026-08-18 18:04:14,ROI_RESIZED,1,478,273,319,1156,554,10.12
2026-08-18 18:04:14,ROI_RESIZED,1,478,275,320,1156,554,10.12
2026-08-18 18:04:14,ROI_RESIZED,1,478,278,321,1156,554,10.12
2026-08-18 18:04:14,ROI_RESIZED,1,478,279,321,1156,554,10.12
2026-08-18 18:04:14,ROI_RESIZED,1,478,277,323,1156,554,10.12
2026-08-18 18:04:14,ROI_RESIZED,1,478,277,323,1156,554,10.12
2026-08-18 18:04:15,ROI_RESIZED,1,478,279,323,1156,554,9.91
2026-08-18 18:04:15,ROI_RESIZED,1,478,279,322,1156,554,9.91
2026-08-18 18:04:15,ROI_RESIZED,1,478,280,322,1156,554,9.91
2026-08-18 18:04:15,ROI_RESIZED,1,478,281,322,1156,554,9.91
2026-08-18 18:04:15,ROI_RESIZED,1,478,281,323,1156,554,9.91
2026-08-18 18:04:15,ROI_RESIZED,1,478,280,323,1156,554,9.91
2026-08-18 18:04:15,ROI_RESIZED,1,478,280,323,1156,554,9.91
2026-08-18 18:04:15,ROI_RESIZED,1,478,281,322,1156,554,9.91
2026-08-18 18:04:15,ROI_RESIZED,1,478,281,322,1156,554,9.91
2026-08-18 18:04:15,ROI_RESIZED,1,478,281,321,1156,554,9.91
2026-08-18 18:04:16,ROI_RESIZED,1,478,281,321,1156,554,9.91
2026-08-18 18:04:16,ROI_RESIZED,1,478,282,322,1156,554,10.08
2026-08-18 18:04:16,ROI_RESIZED,1,478,281,322,1156,554,10.08
2026-08-18 18:04:16,ROI_RESIZED,1,478,281,321,1156,554,10.08
2026-08-18 18:04:16,ROI_RESIZED,1,478,280,321,1156,554,10.08
2026-08-18 18:04:16,ROI_RESIZED,1,478,281,320,1156,554,10.08
2026-08-18 18:04:16,ROI_RESIZED,1,478,281,320,1156,554,10.08
2026-08-18 18:04:16,ROI_RESIZED,1,478,284,319,1156,554,10.08
2026-08-18 18:04:16,ROI_RESIZED,1,478,288,320,1156,554,10.08
2026-08-18 18:04:16,ROI_RESIZED,1,478,290,318,1156,554,10.08
2026-08-18 18:04:17,ROI_RESIZED,1,478,288,316,1156,554,10.08
2026-08-18 18:04:17,ROI_RESIZED,1,478,290,310,1156,554,9.97
2026-08-18 18:04:17,ROI_RESIZED,1,478,285,309,1156,554,9.97
2026-08-18 18:04:17,ROI_RESIZED,1,478,283,309,1156,554,9.97
2026-08-18 18:04:17,ROI_RESIZED,1,478,280,307,1156,554,9.97
2026-08-18 18:04:17,ROI_RESIZED,1,478,277,308,1156,554,9.97
2026-08-18 18:04:17,ROI_RESIZED,1,478,276,308,1156,554,9.97
2026-08-18 18:04:17,ROI_RESIZED,1,478,276,311,1156,554,9.97
2026-08-18 18:04:17,ROI_RESIZED,1,478,276,312,1156,554,9.97
2026-08-18 18:04:17,ROI_RESIZED,1,478,279,313,1156,554,9.97
2026-08-18 18:04:18,ROI_RESIZED,1,478,280,313,1156,554,9.97
2026-08-18 18:04:18,ROI_RESIZED,1,478,279,312,1156,554,9.97
2026-08-18 18:04:18,ROI_RESIZED,1,478,278,312,1156,554,10.09
2026-08-18 18:04:18,ROI_RESIZED,1,478,274,312,1156,554,10.09
2026-08-18 18:04:18,ROI_RESIZED,1,478,276,311,1156,554,10.09
2026-08-18 18:04:18,ROI_RESIZED,1,478,272,310,1156,554,10.09
2026-08-18 18:04:18,ROI_RESIZED,1,478,272,310,1156,554,10.09
2026-08-18 18:04:18,ROI_RESIZED,1,478,273,310,1156,554,10.09
2026-08-18 18:04:18,ROI_RESIZED,1,478,276,310,1156,554,10.09
2026-08-18 18:04:18,ROI_RESIZED,1,478,277,310,1156,554,10.09
2026-08-18 18:04:19,ROI_RESIZED,1,478,276,310,1156,554,10.09
2026-08-18 18:04:19,ROI_RESIZED,1,478,274,310,1156,554,10.09
2026-08-18 18:04:19,ROI_RESIZED,1,478,272,309,1156,554,10.09
2026-08-18 18:04:19,ROI_RESIZED,1,478,270,308,1156,554,9.95
2026-08-18 18:04:19,ROI_RESIZED,1,478,270,308,1156,554,9.95
2026-08-18 18:04:19,ROI_RESIZED,1,478,271,309,1156,554,9.95
2026-08-18 18:04:19,ROI_RESIZED,1,478,275,310,1156,554,9.95
2026-08-18 18:04:19,ROI_RESIZED,1,478,275,310,1156,554,9.95
2026-08-18 18:04:19,ROI_RESIZED,1,478,273,310,1156,554,9.95
2026-08-18 18:04:19,ROI_RESIZED,1,478,273,309,1156,554,9.95
2026-08-18 18:04:20,ROI_RESIZED,1,478,271,307,1156,554,9.95
2026-08-18 18:04:20,ROI_RESIZED,1,478,261,302,1156,554,9.95
2026-08-18 18:04:20,ROI_RESIZED,1,478,259,296,1156,554,9.95
2026-08-18 18:04:20,ROI_RESIZED,1,478,253,293,1156,554,9.95
2026-08-18 18:04:20,ROI_RESIZED,1,478,250,290,1156,554,10.13
2026-08-18 18:04:20,ROI_RESIZED,1,478,255,286,1156,554,10.13
2026-08-18 18:04:20,ROI_RESIZED,1,478,255,282,1156,554,10.13
2026-08-18 18:04:20,ROI_RESIZED,1,478,250,276,1156,554,10.13
2026-08-18 18:04:20,ROI_RESIZED,1,478,244,270,1156,554,10.13
2026-08-18 18:04:20,ROI_RESIZED,1,478,241,265,1156,554,10.13
2026-08-18 18:04:21,ROI_RESIZED,1,478,238,263,1156,554,10.13
2026-08-18 18:04:21,ROI_RESIZED,1,478,237,265,1156,554,10.13
2026-08-18 18:04:21,ROI_RESIZED,1,478,233,264,1156,554,10.13
2026-08-18 18:04:21,ROI_RESIZED,1,478,255,260,1156,554,10.13
2026-08-18 18:04:21,ROI_RESIZED,1,478,252,260,1156,554,9.85
2026-08-18 18:04:21,ROI_RESIZED,1,478,238,261,1156,554,9.85
2026-08-18 18:04:21,ROI_RESIZED,1,478,241,260,1156,554,9.85
2026-08-18 18:04:21,ROI_RESIZED,1,478,242,259,1156,554,9.85
2026-08-18 18:04:21,ROI_RESIZED,1,478,242,257,1156,554,9.85
2026-08-18 18:04:21,ROI_RESIZED,1,478,246,256,1156,554,9.85
2026-08-18 18:04:22,ROI_RESIZED,1,478,242,256,1156,554,9.85
2026-08-18 18:04:22,ROI_RESIZED,1,478,237,254,1156,554,9.85
2026-08-18 18:04:22,ROI_RESIZED,1,478,236,255,1156,554,9.85
2026-08-18 18:04:22,ROI_RESIZED,1,478,237,256,1156,554,9.85
2026-08-18 18:04:22,ROI_RESIZED,1,478,237,257,1156,554,9.85
2026-08-18 18:04:22,ROI_RESIZED,1,478,241,257,1156,554,10.17
2026-08-18 18:04:22,ROI_RESIZED,1,478,234,256,1156,554,10.17
2026-08-18 18:04:22,ROI_RESIZED,1,478,239,256,1156,554,10.17
2026-08-18 18:04:22,ROI_RESIZED,1,478,239,257,1156,554,10.17
2026-08-18 18:04:22,ROI_RESIZED,1,478,239,254,1156,554,10.17
2026-08-18 18:04:23,ROI_RESIZED,1,478,228,253,1156,554,10.17
2026-08-18 18:04:23,ROI_RESIZED,1,478,239,253,1156,554,10.17
2026-08-18 18:04:23,ROI_RESIZED,1,478,228,251,1156,554,10.17
2026-08-18 18:04:23,ROI_RESIZED,1,478,223,251,1156,554,10.17
2026-08-18 18:04:23,ROI_RESIZED,1,478,231,253,1156,554,10.17
2026-08-18 18:04:23,ROI_RESIZED,1,478,232,254,1156,554,9.88
2026-08-18 18:04:23,ROI_RESIZED,1,478,232,250,1156,554,9.88
2026-08-18 18:04:23,ROI_RESIZED,1,478,227,247,1156,554,9.88
2026-08-18 18:04:23,ROI_RESIZED,1,478,231,250,1156,554,9.88
2026-08-18 18:04:23,ROI_RESIZED,1,478,235,251,1156,554,9.88
2026-08-18 18:04:24,ROI_RESIZED,1,478,241,252,1156,554,9.88
2026-08-18 18:04:24,ROI_RESIZED,1,478,242,255,1156,554,9.88
2026-08-18 18:04:24,ROI_RESIZED,1,478,245,258,1156,554,9.88
2026-08-18 18:04:24,ROI_RESIZED,1,478,249,262,1156,554,9.88
2026-08-18 18:04:24,ROI_RESIZED,1,478,247,264,1156,554,9.88
2026-08-18 18:04:24,ROI_RESIZED,1,478,251,267,1156,554,9.88
2026-08-18 18:04:24,ROI_RESIZED,1,478,249,268,1156,554,10.16
2026-08-18 18:04:24,ROI_RESIZED,1,478,249,269,1156,554,10.16
2026-08-18 18:04:24,ROI_RESIZED,1,478,248,271,1156,554,10.16
2026-08-18 18:04:24,ROI_RESIZED,1,478,246,271,1156,554,10.16
2026-08-18 18:04:25,ROI_RESIZED,1,478,249,272,1156,554,10.16
2026-08-18 18:04:25,ROI_RESIZED,1,478,251,273,1156,554,10.16
2026-08-18 18:04:25,ROI_RESIZED,1,478,254,274,1156,554,10.16
2026-08-18 18:04:25,ROI_RESIZED,1,478,252,274,1156,554,10.16
2026-08-18 18:04:25,ROI_RESIZED,1,478,254,274,1156,554,10.16
2026-08-18 18:04:25,ROI_RESIZED,1,478,253,274,1156,554,10.16
2026-08-18 18:04:25,ROI_RESIZED,1,478,254,275,1156,554,9.85
2026-08-18 18:04:25,ROI_RESIZED,1,478,249,275,1156,554,9.85
2026-08-18 18:04:25,ROI_RESIZED,1,478,247,274,1156,554,9.85
2026-08-18 18:04:25,ROI_RESIZED,1,478,248,272,1156,554,9.85
2026-08-18 18:04:25,ROI_RESIZED,1,478,247,269,1156,554,9.85
2026-08-18 18:04:26,ROI_RESIZED,1,478,250,266,1156,554,9.85
2026-08-18 18:04:26,ROI_RESIZED,1,478,248,265,1156,554,9.85
2026-08-18 18:04:26,ROI_RESIZED,1,478,250,261,1156,554,9.85
2026-08-18 18:04:26,ROI_RESIZED,1,478,240,253,1156,554,9.85
2026-08-18 18:04:26,ROI_RESIZED,1,478,237,248,1156,554,9.85
2026-08-18 18:04:26,ROI_RESIZED,1,478,232,244,1156,554,9.85
2026-08-18 18:04:26,ROI_RESIZED,1,478,227,245,1156,554,10.19
2026-08-18 18:04:26,ROI_RESIZED,1,478,230,244,1156,554,10.19
2026-08-18 18:04:26,ROI_RESIZED,1,478,237,244,1156,554,10.19
2026-08-18 18:04:27,ROI_RESIZED,1,478,228,235,1156,554,10.19
2026-08-18 18:04:27,ROI_RESIZED,1,478,224,233,1156,554,10.19
2026-08-18 18:04:27,ROI_RESIZED,1,478,230,239,1156,554,10.19
2026-08-18 18:04:27,ROI_RESIZED,1,478,235,244,1156,554,10.19
2026-08-18 18:04:27,ROI_RESIZED,1,478,232,245,1156,554,10.19
2026-08-18 18:04:27,ROI_RESIZED,1,478,224,246,1156,554,10.19
2026-08-18 18:04:27,ROI_RESIZED,1,478,223,247,1156,554,10.19
2026-08-18 18:04:27,ROI_RESIZED,1,478,216,247,1156,554,9.99
2026-08-18 18:04:27,ROI_RESIZED,1,478,219,244,1156,554,9.99
2026-08-18 18:04:27,ROI_RESIZED,1,478,215,241,1156,554,9.99
2026-08-18 18:04:27,ROI_RESIZED,1,478,214,240,1156,554,9.99
2026-08-18 18:04:28,ROI_RESIZED,1,478,210,242,1156,554,9.99
2026-08-18 18:04:28,ROI_RESIZED,1,478,209,238,1156,554,9.99
2026-08-18 18:04:28,ROI_RESIZED,1,478,219,237,1156,554,9.99
2026-08-18 18:04:28,ROI_RESIZED,1,478,237,248,1156,554,9.99
2026-08-18 18:04:28,ROI_RESIZED,1,478,267,267,1156,554,9.99
2026-08-18 18:04:28,ROI_RESIZED,1,478,283,283,1156,554,9.99
2026-08-18 18:04:28,ROI_RESIZED,1,478,313,303,1156,554,9.96
2026-08-18 18:04:28,ROI_RESIZED,1,478,358,350,1156,554,9.96
2026-08-18 18:04:28,ROI_RESIZED,0,0,0,0,1156,554,9.96
2026-08-18 18:04:29,ROI_RESIZED,0,0,0,0,1156,554,9.96
2026-08-18 18:04:29,ROI_RESIZED,0,0,0,0,1156,554,9.96
2026-08-18 18:04:29,ROI_RESIZED,0,0,0,0,1156,554,9.96
2026-08-18 18:04:29,ROI_RESIZED,0,0,0,0,1156,554,9.96
2026-08-18 18:04:29,ROI_RESIZED,0,0,0,0,1156,554,9.96
2026-08-18 18:04:29,ROI_RESIZED,0,0,0,0,1156,554,9.96
2026-08-18 18:04:29,ROI_RESIZED,0,0,0,0,1156,554,9.96
2026-08-18 18:04:29,ROI_RESIZED,0,0,0,0,1156,554,9.96
2026-08-18 18:04:29,ROI_RESIZED,0,0,0,0,1156,554,10.14
2026-08-18 18:04:29,ROI_RESIZED,0,0,0,0,1156,554,10.14
2026-08-18 18:04:29,ROI_RESIZED,0,0,0,0,1156,554,10.14
2026-08-18 18:04:30,ROI_RESIZED,0,0,0,0,1156,554,10.14
2026-08-18 18:04:30,ROI_RESIZED,0,0,0,0,1156,554,10.14
2026-08-18 18:04:30,ROI_RESIZED,0,0,0,0,1156,554,10.14
2026-08-18 18:04:30,ROI_RESIZED,0,0,0,0,1156,554,10.14
2026-08-18 18:04:30,ROI_RESIZED,0,0,0,0,1156,554,10.14
2026-08-18 18:04:30,ROI_RESIZED,0,0,0,0,1156,554,10.14
2026-08-18 18:04:30,ROI_RESIZED,0,0,0,0,1156,554,10.14
2026-08-18 18:04:30,ROI_RESIZED,0,0,0,0,1156,554,9.88
2026-08-18 18:04:30,ROI_RESIZED,0,0,0,0,1156,554,9.88
2026-08-18 18:04:30,ROI_RESIZED,0,0,0,0,1156,554,9.88
2026-08-18 18:04:31,ROI_RESIZED,0,0,0,0,1156,554,9.88
2026-08-18 18:04:31,ROI_RESIZED,0,0,0,0,1156,554,9.88
2026-08-18 18:04:31,ROI_RESIZED,0,0,0,0,1156,554,9.88
2026-08-18 18:04:31,ROI_RESIZED,0,0,0,0,1156,554,9.88
2026-08-18 18:04:31,ROI_RESIZED,0,0,0,0,1156,554,9.88
2026-08-18 18:04:31,ROI_RESIZED,0,0,0,0,1156,554,9.88
2026-08-18 18:04:31,ROI_RESIZED,0,0,0,0,1156,554,9.88
2026-08-18 18:04:31,ROI_RESIZED,0,0,0,0,1156,554,9.88
2026-08-18 18:04:31,ROI_RESIZED,0,0,0,0,1156,554,10.17
2026-08-18 18:04:31,ROI_RESIZED,0,0,0,0,1156,554,10.17
2026-08-18 18:04:32,ROI_RESIZED,1,478,271,196,1156,554,10.17
2026-08-18 18:04:32,ROI_RESIZED,0,0,0,0,1156,554,10.17
2026-08-18 18:04:32,ROI_RESIZED,1,478,237,162,1156,554,10.17
2026-08-18 18:04:32,ROI_RESIZED,1,478,213,146,1156,554,10.17
2026-08-18 18:04:32,ROI_RESIZED,1,478,219,144,1156,554,10.17
2026-08-18 18:04:32,ROI_RESIZED,1,478,220,146,1156,554,10.17
2026-08-18 18:04:32,ROI_RESIZED,1,478,217,145,1156,554,10.17
2026-08-18 18:04:32,ROI_RESIZED,1,478,223,132,1156,554,10.17
2026-08-18 18:04:32,ROI_RESIZED,0,0,0,0,1156,554,9.87
2026-08-18 18:04:32,ROI_RESIZED,0,0,0,0,1156,554,9.87
2026-08-18 18:04:33,ROI_RESIZED,0,0,0,0,1156,554,9.87
2026-08-18 18:04:33,ROI_RESIZED,0,0,0,0,1156,554,9.87
2026-08-18 18:04:33,ROI_RESIZED,0,0,0,0,1156,554,9.87
2026-08-18 18:04:33,ROI_RESIZED,0,0,0,0,1156,554,9.87
2026-08-18 18:04:33,ROI_RESIZED,0,0,0,0,1156,554,9.87
2026-08-18 18:04:33,ROI_RESIZED,0,0,0,0,1156,554,9.87
2026-08-18 18:04:33,ROI_RESIZED,0,0,0,0,1156,554,9.87
2026-08-18 18:04:33,ROI_RESIZED,0,0,0,0,1156,554,9.87
2026-08-18 18:04:33,ROI_RESIZED,0,0,0,0,1156,554,9.87
2026-08-18 18:04:33,ROI_RESIZED,0,0,0,0,1156,554,10.15
2026-08-18 18:04:34,ROI_RESIZED,0,0,0,0,1156,554,10.15
2026-08-18 18:04:34,ROI_RESIZED,0,0,0,0,1156,554,10.15
2026-08-18 18:04:34,ROI_RESIZED,0,0,0,0,1156,554,10.15
2026-08-18 18:04:34,ROI_RESIZED,0,0,0,0,1156,554,10.15
2026-08-18 18:04:34,ROI_RESIZED,0,0,0,0,1156,554,10.15
2026-08-18 18:04:34,ROI_RESIZED,0,0,0,0,1156,554,10.15
2026-08-18 18:04:34,ROI_RESIZED,0,0,0,0,1156,554,10.15
2026-08-18 18:04:34,ROI_RESIZED,0,0,0,0,1156,554,10.15
2026-08-18 18:04:34,ROI_RESIZED,0,0,0,0,1156,554,10.15
2026-08-18 18:04:34,ROI_RESIZED,0,0,0,0,1156,554,9.87
2026-08-18 18:04:35,ROI_RESIZED,0,0,0,0,1156,554,9.87
2026-08-18 18:04:35,ROI_RESIZED,0,0,0,0,1156,554,9.87
2026-08-18 18:04:35,ROI_RESIZED,0,0,0,0,1156,554,9.87
2026-08-18 18:04:35,ROI_RESIZED,0,0,0,0,1156,554,9.87
2026-08-18 18:04:35,ROI_RESIZED,0,0,0,0,1156,554,9.87
2026-08-18 18:04:35,ROI_RESIZED,0,0,0,0,1156,554,9.87
2026-08-18 18:04:35,ROI_RESIZED,0,0,0,0,1156,554,9.87
2026-08-18 18:04:35,ROI_RESIZED,0,0,0,0,1156,554,9.87
2026-08-18 18:04:35,ROI_RESIZED,0,0,0,0,1156,554,9.87
2026-08-18 18:04:35,ROI_RESIZED,0,0,0,0,1156,554,9.87
2026-08-18 18:04:36,ROI_RESIZED,0,0,0,0,1156,554,10.16
2026-08-18 18:04:36,ROI_RESIZED,0,0,0,0,1156,554,10.16
2026-08-18 18:04:36,ROI_RESIZED,0,0,0,0,1156,554,10.16
2026-08-18 18:04:36,ROI_RESIZED,0,0,0,0,1156,554,10.16
2026-08-18 18:04:36,ROI_RESIZED,0,0,0,0,1156,554,10.16
2026-08-18 18:04:36,ROI_RESIZED,0,0,0,0,1156,554,10.16
2026-08-18 18:04:36,ROI_RESIZED,0,0,0,0,1156,554,10.16
2026-08-18 18:04:36,ROI_RESIZED,0,0,0,0,1156,554,10.16
2026-08-18 18:04:36,ROI_RESIZED,0,0,0,0,1156,554,10.16
2026-08-18 18:04:36,ROI_RESIZED,0,0,0,0,1156,554,10.16
2026-08-18 18:04:37,ROI_RESIZED,0,0,0,0,1156,554,9.87
2026-08-18 18:04:37,ROI_RESIZED,0,0,0,0,1156,554,9.87
2026-08-18 18:04:37,ROI_RESIZED,0,0,0,0,1156,554,9.87
2026-08-18 18:04:37,ROI_RESIZED,0,0,0,0,1156,554,9.87
2026-08-18 18:04:37,ROI_RESIZED,0,0,0,0,1156,554,9.87
2026-08-18 18:04:37,ROI_RESIZED,0,0,0,0,1156,554,9.87
2026-08-18 18:04:37,ROI_RESIZED,0,0,0,0,1156,554,9.87
2026-08-18 18:04:37,ROI_RESIZED,0,0,0,0,1156,554,9.87
2026-08-18 18:04:37,ROI_RESIZED,0,0,0,0,1156,554,9.87
2026-08-18 18:04:37,ROI_RESIZED,0,0,0,0,1156,554,9.87
2026-08-18 18:04:38,ROI_RESIZED,0,0,0,0,1156,554,9.87
2026-08-18 18:04:38,ROI_RESIZED,0,0,0,0,1156,554,10.14
2026-08-18 18:04:38,ROI_RESIZED,0,0,0,0,1156,554,10.14
2026-08-18 18:04:38,ROI_RESIZED,0,0,0,0,1156,554,10.14
2026-08-18 18:04:38,ROI_RESIZED,0,0,0,0,1156,554,10.14
2026-08-18 18:04:38,ROI_RESIZED,0,0,0,0,1156,554,10.14
2026-08-18 18:04:38,ROI_RESIZED,0,0,0,0,1156,554,10.14
2026-08-18 18:04:38,ROI_RESIZED,0,0,0,0,1156,554,10.14
2026-08-18 18:04:38,ROI_RESIZED,0,0,0,0,1156,554,10.14
2026-08-18 18:04:38,ROI_RESIZED,0,0,0,0,1156,554,10.14
2026-08-18 18:04:39,ROI_RESIZED,0,0,0,0,1156,554,10.14
2026-08-18 18:04:39,ROI_RESIZED,0,0,0,0,1156,554,9.87
2026-08-18 18:04:39,ROI_RESIZED,0,0,0,0,1156,554,9.87
2026-08-18 18:04:39,ROI_RESIZED,0,0,0,0,1156,554,9.87
2026-08-18 18:04:39,ROI_RESIZED,0,0,0,0,1156,554,9.87
2026-08-18 18:04:39,ROI_RESIZED,0,0,0,0,1156,554,9.87
2026-08-18 18:04:39,ROI_RESIZED,0,0,0,0,1156,554,9.87
2026-08-18 18:04:39,ROI_RESIZED,0,0,0,0,1156,554,9.87
2026-08-18 18:04:39,ROI_RESIZED,0,0,0,0,1156,554,9.87
2026-08-18 18:04:39,ROI_RESIZED,0,0,0,0,1156,554,9.87
2026-08-18 18:04:40,ROI_RESIZED,0,0,0,0,1156,554,9.87
2026-08-18 18:04:40,ROI_RESIZED,0,0,0,0,1156,554,9.87
2026-08-18 18:04:40,ROI_RESIZED,0,0,0,0,1156,554,10.18
2026-08-18 18:04:40,ROI_RESIZED,0,0,0,0,1156,554,10.18
2026-08-18 18:04:40,ROI_RESIZED,0,0,0,0,1156,554,10.18
2026-08-18 18:04:40,ROI_RESIZED,0,0,0,0,1156,554,10.18
2026-08-18 18:04:40,ROI_RESIZED,0,0,0,0,1156,554,10.18
2026-08-18 18:04:40,ROI_RESIZED,0,0,0,0,1156,554,10.18
2026-08-18 18:04:40,ROI_RESIZED,0,0,0,0,1156,554,10.18
2026-08-18 18:04:40,ROI_RESIZED,0,0,0,0,1156,554,10.18
2026-08-18 18:04:41,ROI_RESIZED,0,0,0,0,1156,554,10.18
2026-08-18 18:04:41,ROI_RESIZED,0,0,0,0,1156,554,10.18
2026-08-18 18:04:41,ROI_RESIZED,0,0,0,0,1156,554,10.18
2026-08-18 18:04:41,ROI_RESIZED,0,0,0,0,1156,554,9.94
2026-08-18 18:04:41,ROI_RESIZED,0,0,0,0,1156,554,9.94
2026-08-18 18:04:41,ROI_RESIZED,0,0,0,0,1156,554,9.94
2026-08-18 18:04:41,ROI_RESIZED,0,0,0,0,1156,554,9.94
2026-08-18 18:04:41,ROI_RESIZED,0,0,0,0,1156,554,9.94
2026-08-18 18:04:41,ROI_RESIZED,0,0,0,0,1156,554,9.94
2026-08-18 18:04:41,ROI_RESIZED,0,0,0,0,1156,554,9.94
2026-08-18 18:04:42,ROI_RESIZED,0,0,0,0,1156,554,9.94
2026-08-18 18:04:42,ROI_RESIZED,0,0,0,0,1156,554,9.94
2026-08-18 18:04:42,ROI_RESIZED,0,0,0,0,1156,554,9.94
2026-08-18 18:04:42,ROI_RESIZED,0,0,0,0,1156,554,9.94
2026-08-18 18:04:42,ROI_RESIZED,0,0,0,0,1156,554,10.12
2026-08-18 18:04:42,ROI_RESIZED,0,0,0,0,1156,554,10.12
2026-08-18 18:04:42,ROI_RESIZED,0,0,0,0,1156,554,10.12
2026-08-18 18:04:42,ROI_RESIZED,0,0,0,0,1156,554,10.12
2026-08-18 18:04:42,ROI_RESIZED,0,0,0,0,1156,554,10.12
2026-08-18 18:04:42,ROI_RESIZED,0,0,0,0,1156,554,10.12
2026-08-18 18:04:43,ROI_RESIZED,0,0,0,0,1156,554,10.12
2026-08-18 18:04:43,ROI_RESIZED,0,0,0,0,1156,554,10.12
2026-08-18 18:04:43,ROI_RESIZED,0,0,0,0,1156,554,10.12
2026-08-18 18:04:43,ROI_RESIZED,0,0,0,0,1156,554,10.12
2026-08-18 18:04:43,ROI_RESIZED,0,0,0,0,1156,554,9.94
2026-08-18 18:04:43,ROI_RESIZED,0,0,0,0,1156,554,9.94
2026-08-18 18:04:43,ROI_RESIZED,0,0,0,0,1156,554,9.94
2026-08-18 18:04:43,ROI_RESIZED,0,0,0,0,1156,554,9.94
2026-08-18 18:04:43,ROI_RESIZED,0,0,0,0,1156,554,9.94
2026-08-18 18:04:43,ROI_RESIZED,0,0,0,0,1156,554,9.94
2026-08-18 18:04:44,ROI_RESIZED,0,0,0,0,1156,554,9.94
2026-08-18 18:04:44,ROI_RESIZED,0,0,0,0,1156,554,9.94
2026-08-18 18:04:44,ROI_RESIZED,0,0,0,0,1156,554,9.94
2026-08-18 18:04:44,ROI_RESIZED,0,0,0,0,1156,554,9.94
2026-08-18 18:04:44,ROI_RESIZED,0,0,0,0,1156,554,9.94
2026-08-18 18:04:44,ROI_RESIZED,0,0,0,0,1156,554,10.1
2026-08-18 18:04:44,ROI_RESIZED,1,478,127,129,1156,554,10.1
2026-08-18 18:04:44,ROI_RESIZED,1,478,127,124,1156,554,10.1
2026-08-18 18:04:44,ROI_RESIZED,1,478,119,120,1156,554,10.1
2026-08-18 18:04:44,ROI_RESIZED,1,478,118,119,1156,554,10.1
2026-08-18 18:04:45,ROI_RESIZED,1,478,118,119,1156,554,10.1
2026-08-18 18:04:45,ROI_RESIZED,1,478,117,119,1156,554,10.1
2026-08-18 18:04:45,ROI_RESIZED,1,478,116,120,1156,554,10.1
2026-08-18 18:04:45,ROI_RESIZED,1,478,119,122,1156,554,10.1
2026-08-18 18:04:45,ROI_RESIZED,1,478,122,124,1156,554,10.1
2026-08-18 18:04:45,ROI_RESIZED,1,478,124,123,1156,554,9.92
2026-08-18 18:04:45,ROI_RESIZED,1,478,124,124,1156,554,9.92
2026-08-18 18:04:45,ROI_RESIZED,1,478,117,122,1156,554,9.92
2026-08-18 18:04:45,ROI_RESIZED,1,478,113,120,1156,554,9.92
2026-08-18 18:04:45,ROI_RESIZED,1,478,110,121,1156,554,9.92
2026-08-18 18:04:46,ROI_RESIZED,1,478,112,118,1156,554,9.92
2026-08-18 18:04:46,ROI_RESIZED,1,478,113,115,1156,554,9.92
2026-08-18 18:04:46,ROI_RESIZED,1,478,111,115,1156,554,9.92
2026-08-18 18:04:46,ROI_RESIZED,1,478,112,114,1156,554,9.92
2026-08-18 18:04:46,ROI_RESIZED,1,478,114,113,1156,554,9.92
2026-08-18 18:04:46,ROI_RESIZED,1,478,106,111,1156,554,9.92
2026-08-18 18:04:46,ROI_RESIZED,1,478,96,107,1156,554,10.09
2026-08-18 18:04:46,ROI_RESIZED,1,478,95,104,1156,554,10.09
2026-08-18 18:04:46,ROI_RESIZED,1,478,92,104,1156,554,10.09
2026-08-18 18:04:46,ROI_RESIZED,0,0,0,0,1156,554,10.09
2026-08-18 18:04:47,ROI_RESIZED,0,0,0,0,1156,554,10.09
2026-08-18 18:04:47,ROI_RESIZED,0,0,0,0,1156,554,10.09
2026-08-18 18:04:47,ROI_RESIZED,0,0,0,0,1156,554,10.09
2026-08-18 18:04:47,ROI_RESIZED,0,0,0,0,1156,554,10.09
2026-08-18 18:04:47,ROI_RESIZED,0,0,0,0,1156,554,10.09
2026-08-18 18:04:47,ROI_RESIZED,0,0,0,0,1156,554,10.09
2026-08-18 18:04:47,ROI_RESIZED,0,0,0,0,1156,554,9.94
2026-08-18 18:04:47,ROI_RESIZED,0,0,0,0,1156,554,9.94
2026-08-18 18:04:47,ROI_RESIZED,0,0,0,0,1156,554,9.94
2026-08-18 18:04:47,ROI_RESIZED,0,0,0,0,1156,554,9.94
2026-08-18 18:04:48,ROI_RESIZED,0,0,0,0,1156,554,9.94
2026-08-18 18:04:48,ROI_RESIZED,0,0,0,0,1156,554,9.94
2026-08-18 18:04:48,ROI_RESIZED,0,0,0,0,1156,554,9.94
2026-08-18 18:04:48,ROI_RESIZED,0,0,0,0,1156,554,9.94
2026-08-18 18:04:48,ROI_RESIZED,0,0,0,0,1156,554,9.94
2026-08-18 18:04:48,ROI_RESIZED,0,0,0,0,1156,554,9.94
2026-08-18 18:04:48,ROI_RESIZED,0,0,0,0,1156,554,9.94
2026-08-18 18:04:48,ROI_RESIZED,0,0,0,0,1156,554,10.11
2026-08-18 18:04:48,ROI_RESIZED,0,0,0,0,1156,554,10.11
2026-08-18 18:04:48,ROI_RESIZED,0,0,0,0,1156,554,10.11
2026-08-18 18:04:49,ROI_RESIZED,0,0,0,0,1156,554,10.11
2026-08-18 18:04:49,ROI_RESIZED,0,0,0,0,1156,554,10.11
2026-08-18 18:04:49,ROI_RESIZED,0,0,0,0,1156,554,10.11
2026-08-18 18:04:49,ROI_RESIZED,0,0,0,0,1156,554,10.11
2026-08-18 18:04:49,ROI_RESIZED,0,0,0,0,1156,554,10.11
2026-08-18 18:04:49,ROI_RESIZED,0,0,0,0,1156,554,10.11
2026-08-18 18:04:49,ROI_RESIZED,0,0,0,0,1156,554,10.11
2026-08-18 18:04:49,ROI_RESIZED,0,0,0,0,1156,554,10.11
2026-08-18 18:04:49,ROI_RESIZED,0,0,0,0,1156,554,9.96
2026-08-18 18:04:49,ROI_RESIZED,0,0,0,0,1156,554,9.96
2026-08-18 18:04:50,ROI_RESIZED,0,0,0,0,1156,554,9.96
2026-08-18 18:04:50,ROI_RESIZED,0,0,0,0,1156,554,9.96
2026-08-18 18:04:50,ROI_RESIZED,0,0,0,0,1156,554,9.96
2026-08-18 18:04:50,ROI_RESIZED,0,0,0,0,1156,554,9.96
2026-08-18 18:04:50,ROI_RESIZED,0,0,0,0,1156,554,9.96
2026-08-18 18:04:50,ROI_RESIZED,0,0,0,0,1156,554,9.96
2026-08-18 18:04:50,ROI_RESIZED,0,0,0,0,1156,554,9.96
2026-08-18 18:04:50,ROI_RESIZED,0,0,0,0,1156,554,9.96
2026-08-18 18:04:50,ROI_RESIZED,0,0,0,0,1156,554,9.96
2026-08-18 18:04:50,ROI_RESIZED,0,0,0,0,1156,554,10.18
2026-08-18 18:04:51,ROI_RESIZED,0,0,0,0,1156,554,10.18
2026-08-18 18:04:51,ROI_RESIZED,0,0,0,0,1156,554,10.18
2026-08-18 18:04:51,ROI_RESIZED,0,0,0,0,1156,554,10.18
2026-08-18 18:04:51,ROI_RESIZED,0,0,0,0,1156,554,10.18
2026-08-18 18:04:51,ROI_RESIZED,0,0,0,0,1156,554,10.18
2026-08-18 18:04:51,ROI_RESIZED,0,0,0,0,1156,554,10.18
2026-08-18 18:04:51,ROI_RESIZED,0,0,0,0,1156,554,10.18
2026-08-18 18:04:51,ROI_RESIZED,0,0,0,0,1156,554,10.18
2026-08-18 18:04:51,ROI_RESIZED,0,0,0,0,1156,554,10.18
2026-08-18 18:04:51,ROI_RESIZED,0,0,0,0,1156,554,9.86
2026-08-18 18:04:52,ROI_RESIZED,0,0,0,0,1156,554,9.86
2026-08-18 18:04:52,ROI_RESIZED,0,0,0,0,1156,554,9.86
2026-08-18 18:04:52,ROI_RESIZED,0,0,0,0,1156,554,9.86
2026-08-18 18:04:52,ROI_RESIZED,0,0,0,0,1156,554,9.86
2026-08-18 18:04:52,ROI_RESIZED,0,0,0,0,1156,554,9.86
2026-08-18 18:04:52,ROI_RESIZED,0,0,0,0,1156,554,9.86
2026-08-18 18:04:52,ROI_RESIZED,0,0,0,0,1156,554,9.86
2026-08-18 18:04:52,ROI_RESIZED,0,0,0,0,1156,554,9.86
2026-08-18 18:04:52,ROI_RESIZED,0,0,0,0,1156,554,9.86
2026-08-18 18:04:52,ROI_RESIZED,0,0,0,0,1156,554,9.86
2026-08-18 18:04:53,ROI_RESIZED,0,0,0,0,1156,554,10.11
2026-08-18 18:04:53,ROI_RESIZED,0,0,0,0,1156,554,10.11
2026-08-18 18:04:53,ROI_RESIZED,0,0,0,0,1156,554,10.11
2026-08-18 18:04:53,ROI_RESIZED,0,0,0,0,1156,554,10.11
2026-08-18 18:04:53,ROI_RESIZED,0,0,0,0,1156,554,10.11
2026-08-18 18:04:53,ROI_RESIZED,0,0,0,0,1156,554,10.11
2026-08-18 18:04:53,ROI_RESIZED,0,0,0,0,1156,554,10.11
2026-08-18 18:04:53,ROI_RESIZED,0,0,0,0,1156,554,10.11
2026-08-18 18:04:53,ROI_RESIZED,0,0,0,0,1156,554,10.11
2026-08-18 18:04:53,ROI_RESIZED,0,0,0,0,1156,554,10.11
2026-08-18 18:04:54,ROI_RESIZED,0,0,0,0,1156,554,9.92
2026-08-18 18:04:54,ROI_RESIZED,0,0,0,0,1156,554,9.92
2026-08-18 18:04:54,ROI_RESIZED,0,0,0,0,1156,554,9.92
2026-08-18 18:04:54,ROI_RESIZED,0,0,0,0,1156,554,9.92
2026-08-18 18:04:54,ROI_RESIZED,0,0,0,0,1156,554,9.92
2026-08-18 18:04:54,ROI_RESIZED,0,0,0,0,1156,554,9.92
2026-08-18 18:04:54,ROI_RESIZED,0,0,0,0,1156,554,9.92
2026-08-18 18:04:54,ROI_RESIZED,0,0,0,0,1156,554,9.92
2026-08-18 18:04:54,ROI_RESIZED,0,0,0,0,1156,554,9.92
2026-08-18 18:04:54,ROI_RESIZED,0,0,0,0,1156,554,9.92
2026-08-18 18:04:55,ROI_RESIZED,0,0,0,0,1156,554,9.92
2026-08-18 18:04:55,ROI_RESIZED,0,0,0,0,1156,554,10.1
2026-08-18 18:04:55,ROI_RESIZED,0,0,0,0,1156,554,10.1
2026-08-18 18:04:55,ROI_RESIZED,0,0,0,0,1156,554,10.1
2026-08-18 18:04:55,ROI_RESIZED,0,0,0,0,1156,554,10.1
2026-08-18 18:04:55,ROI_RESIZED,0,0,0,0,1156,554,10.1
2026-08-18 18:04:55,ROI_RESIZED,0,0,0,0,1156,554,10.1
2026-08-18 18:04:55,ROI_RESIZED,0,0,0,0,1156,554,10.1
2026-08-18 18:04:55,ROI_RESIZED,0,0,0,0,1156,554,10.1
2026-08-18 18:04:55,ROI_RESIZED,0,0,0,0,1156,554,10.1
2026-08-18 18:04:56,ROI_RESIZED,0,0,0,0,1156,554,10.1
2026-08-18 18:04:56,ROI_RESIZED,0,0,0,0,1156,554,9.85
2026-08-18 18:04:56,ROI_RESIZED,0,0,0,0,1156,554,9.85
2026-08-18 18:04:56,ROI_RESIZED,0,0,0,0,1156,554,9.85
2026-08-18 18:04:56,ROI_RESIZED,0,0,0,0,1156,554,9.85
2026-08-18 18:04:56,ROI_RESIZED,0,0,0,0,1156,554,9.85
2026-08-18 18:04:56,ROI_RESIZED,0,0,0,0,1156,554,9.85
2026-08-18 18:04:56,ROI_RESIZED,0,0,0,0,1156,554,9.85
2026-08-18 18:04:56,ROI_RESIZED,0,0,0,0,1156,554,9.85
2026-08-18 18:04:56,ROI_RESIZED,0,0,0,0,1156,554,9.85
2026-08-18 18:04:57,ROI_RESIZED,0,0,0,0,1156,554,9.85
2026-08-18 18:04:57,ROI_RESIZED,0,0,0,0,1156,554,9.85
2026-08-18 18:04:57,ROI_RESIZED,0,0,0,0,1156,554,10.19
2026-08-18 18:04:57,ROI_RESIZED,0,0,0,0,1156,554,10.19
2026-08-18 18:04:57,ROI_RESIZED,0,0,0,0,1156,554,10.19
2026-08-18 18:04:57,ROI_RESIZED,0,0,0,0,1156,554,10.19
2026-08-18 18:04:57,ROI_RESIZED,0,0,0,0,1156,554,10.19
2026-08-18 18:04:57,ROI_RESIZED,0,0,0,0,1156,554,10.19
2026-08-18 18:04:57,ROI_RESIZED,0,0,0,0,1156,554,10.19
2026-08-18 18:04:57,ROI_RESIZED,0,0,0,0,1156,554,10.19
2026-08-18 18:04:58,ROI_RESIZED,0,0,0,0,1156,554,10.19
2026-08-18 18:04:58,ROI_RESIZED,0,0,0,0,1156,554,10.19
2026-08-18 18:04:58,ROI_RESIZED,1,478,142,143,1156,554,10.19
2026-08-18 18:04:58,ROI_RESIZED,0,0,0,0,1156,554,9.95
2026-08-18 18:04:58,ROI_RESIZED,0,0,0,0,1156,554,9.95
2026-08-18 18:04:58,ROI_RESIZED,0,0,0,0,1156,554,9.95
2026-08-18 18:04:58,ROI_RESIZED,0,0,0,0,1156,554,9.95
2026-08-18 18:04:58,ROI_RESIZED,0,0,0,0,1156,554,9.95
2026-08-18 18:04:58,ROI_RESIZED,0,0,0,0,1156,554,9.95
2026-08-18 18:04:58,ROI_RESIZED,0,0,0,0,1156,554,9.95
2026-08-18 18:04:59,ROI_RESIZED,0,0,0,0,1156,554,9.95
2026-08-18 18:04:59,ROI_RESIZED,0,0,0,0,1156,554,9.95
2026-08-18 18:04:59,ROI_RESIZED,0,0,0,0,1156,554,9.95
2026-08-18 18:04:59,ROI_RESIZED,0,0,0,0,1156,554,9.95
2026-08-18 18:04:59,ROI_RESIZED,0,0,0,0,1156,554,10.11
2026-08-18 18:04:59,ROI_RESIZED,0,0,0,0,1156,554,10.11
2026-08-18 18:04:59,ROI_RESIZED,0,0,0,0,1156,554,10.11
2026-08-18 18:04:59,ROI_RESIZED,0,0,0,0,1156,554,10.11
2026-08-18 18:04:59,ROI_RESIZED,0,0,0,0,1156,554,10.11
2026-08-18 18:04:59,ROI_RESIZED,0,0,0,0,1156,554,10.11
2026-08-18 18:05:00,ROI_RESIZED,0,0,0,0,1156,554,10.11
2026-08-18 18:05:00,ROI_RESIZED,1,478,122,135,1156,554,10.11
2026-08-18 18:05:00,ROI_RESIZED,1,478,122,126,1156,554,10.11
2026-08-18 18:05:00,ROI_RESIZED,1,478,118,121,1156,554,10.11
2026-08-18 18:05:00,ROI_RESIZED,1,478,110,122,1156,554,9.92
2026-08-18 18:05:00,ROI_RESIZED,1,478,107,124,1156,554,9.92
2026-08-18 18:05:00,ROI_RESIZED,1,478,117,126,1156,554,9.92
2026-08-18 18:05:00,ROI_RESIZED,1,478,117,130,1156,554,9.92
2026-08-18 18:05:00,ROI_RESIZED,1,478,126,134,1156,554,9.92
2026-08-18 18:05:00,ROI_RESIZED,1,478,118,134,1156,554,9.92
2026-08-18 18:05:01,ROI_RESIZED,1,478,127,132,1156,554,9.92
2026-08-18 18:05:01,ROI_RESIZED,1,478,127,130,1156,554,9.92
2026-08-18 18:05:01,ROI_RESIZED,1,478,124,129,1156,554,9.92
2026-08-18 18:05:01,ROI_RESIZED,1,478,126,127,1156,554,9.92
2026-08-18 18:05:01,ROI_RESIZED,1,478,126,126,1156,554,9.92
2026-08-18 18:05:01,ROI_RESIZED,1,478,122,125,1156,554,10.12
2026-08-18 18:05:01,ROI_RESIZED,1,478,122,122,1156,554,10.12
2026-08-18 18:05:01,ROI_RESIZED,1,478,119,122,1156,554,10.12
2026-08-18 18:05:01,ROI_RESIZED,0,0,0,0,1156,554,10.12
2026-08-18 18:05:01,ROI_RESIZED,0,0,0,0,1156,554,10.12
2026-08-18 18:05:02,ROI_RESIZED,0,0,0,0,1156,554,10.12
2026-08-18 18:05:02,ROI_RESIZED,0,0,0,0,1156,554,10.12
2026-08-18 18:05:02,ROI_RESIZED,0,0,0,0,1156,554,10.12
2026-08-18 18:05:02,ROI_RESIZED,0,0,0,0,1156,554,10.12
2026-08-18 18:05:02,ROI_RESIZED,0,0,0,0,1156,554,10.12
2026-08-18 18:05:02,ROI_RESIZED,0,0,0,0,1156,554,9.91
2026-08-18 18:05:02,ROI_RESIZED,0,0,0,0,1156,554,9.91
2026-08-18 18:05:02,ROI_RESIZED,0,0,0,0,1156,554,9.91
2026-08-18 18:05:02,ROI_RESIZED,0,0,0,0,1156,554,9.91
2026-08-18 18:05:02,ROI_RESIZED,0,0,0,0,1156,554,9.91
2026-08-18 18:05:03,ROI_RESIZED,0,0,0,0,1156,554,9.91
2026-08-18 18:05:03,ROI_RESIZED,0,0,0,0,1156,554,9.91
2026-08-18 18:05:03,ROI_RESIZED,0,0,0,0,1156,554,9.91
2026-08-18 18:05:03,ROI_RESIZED,0,0,0,0,1156,554,9.91
2026-08-18 18:05:03,ROI_RESIZED,0,0,0,0,1156,554,9.91
2026-08-18 18:05:03,ROI_RESIZED,0,0,0,0,1156,554,9.91
2026-08-18 18:05:03,ROI_RESIZED,0,0,0,0,1156,554,10.09
2026-08-18 18:05:03,ROI_RESIZED,0,0,0,0,1156,554,10.09
2026-08-18 18:05:03,ROI_RESIZED,0,0,0,0,1156,554,10.09
2026-08-18 18:05:03,ROI_RESIZED,0,0,0,0,1156,554,10.09
2026-08-18 18:05:04,ROI_RESIZED,0,0,0,0,1156,554,10.09
2026-08-18 18:05:04,ROI_RESIZED,0,0,0,0,1156,554,10.09
2026-08-18 18:05:04,ROI_RESIZED,0,0,0,0,1156,554,10.09
2026-08-18 18:05:04,ROI_RESIZED,0,0,0,0,1156,554,10.09
2026-08-18 18:05:04,ROI_RESIZED,0,0,0,0,1156,554,10.09
2026-08-18 18:05:04,ROI_RESIZED,0,0,0,0,1156,554,10.09
2026-08-18 18:05:04,ROI_RESIZED,0,0,0,0,1156,554,9.96
2026-08-18 18:05:04,ROI_RESIZED,0,0,0,0,1156,554,9.96
2026-08-18 18:05:04,ROI_RESIZED,0,0,0,0,1156,554,9.96
2026-08-18 18:05:04,ROI_RESIZED,0,0,0,0,1156,554,9.96
2026-08-18 18:05:05,ROI_RESIZED,0,0,0,0,1156,554,9.96
2026-08-18 18:05:05,ROI_RESIZED,0,0,0,0,1156,554,9.96
2026-08-18 18:05:05,ROI_RESIZED,0,0,0,0,1156,554,9.96
2026-08-18 18:05:05,ROI_RESIZED,0,0,0,0,1156,554,9.96
2026-08-18 18:05:05,ROI_RESIZED,0,0,0,0,1156,554,9.96
2026-08-18 18:05:05,ROI_RESIZED,0,0,0,0,1156,554,9.96
2026-08-18 18:05:05,ROI_RESIZED,0,0,0,0,1156,554,9.96
2026-08-18 18:05:05,ROI_RESIZED,0,0,0,0,1156,554,10.05
2026-08-18 18:05:05,ROI_RESIZED,1,478,136,143,1156,554,10.05
2026-08-18 18:05:05,ROI_RESIZED,1,478,148,147,1156,554,10.05
2026-08-18 18:05:06,ROI_RESIZED,1,478,147,150,1156,554,10.05
2026-08-18 18:05:06,ROI_RESIZED,1,478,141,144,1156,554,10.05
2026-08-18 18:05:06,ROI_RESIZED,1,478,150,146,1156,554,10.05
2026-08-18 18:05:06,ROI_RESIZED,1,478,158,153,1156,554,10.05
2026-08-18 18:05:06,ROI_RESIZED,1,478,159,158,1156,554,10.05
2026-08-18 18:05:06,ROI_RESIZED,1,478,167,161,1156,554,10.05
2026-08-18 18:05:06,ROI_RESIZED,0,0,0,0,1156,554,10.05
2026-08-18 18:05:06,ROI_RESIZED,1,478,155,160,1156,554,10.05
2026-08-18 18:05:06,ROI_RESIZED,1,478,156,154,1156,554,9.96
2026-08-18 18:05:06,ROI_RESIZED,1,478,147,150,1156,554,9.96
2026-08-18 18:05:07,ROI_RESIZED,1,478,132,144,1156,554,9.96
2026-08-18 18:05:07,ROI_RESIZED,1,478,130,137,1156,554,9.96
2026-08-18 18:05:07,ROI_RESIZED,1,478,129,136,1156,554,9.96
2026-08-18 18:05:07,ROI_RESIZED,1,478,130,135,1156,554,9.96
2026-08-18 18:05:07,ROI_RESIZED,1,478,126,133,1156,554,9.96
2026-08-18 18:05:07,ROI_RESIZED,1,478,123,130,1156,554,9.96
2026-08-18 18:05:07,ROI_RESIZED,1,478,121,129,1156,554,9.96
2026-08-18 18:05:07,ROI_RESIZED,1,478,121,128,1156,554,9.96
2026-08-18 18:05:07,ROI_RESIZED,1,478,122,126,1156,554,9.96
2026-08-18 18:05:07,ROI_RESIZED,1,478,119,125,1156,554,10.18
2026-08-18 18:05:08,ROI_RESIZED,1,478,118,122,1156,554,10.18
2026-08-18 18:05:08,ROI_RESIZED,1,478,124,120,1156,554,10.18
2026-08-18 18:05:08,ROI_RESIZED,1,478,117,118,1156,554,10.18
2026-08-18 18:05:08,ROI_RESIZED,1,478,117,119,1156,554,10.18
2026-08-18 18:05:08,ROI_RESIZED,1,478,118,119,1156,554,10.18
2026-08-18 18:05:08,ROI_RESIZED,1,478,120,119,1156,554,10.18
2026-08-18 18:05:08,ROI_RESIZED,1,478,117,119,1156,554,10.18
2026-08-18 18:05:08,ROI_RESIZED,1,478,118,119,1156,554,10.18
2026-08-18 18:05:08,ROI_RESIZED,1,478,118,118,1156,554,10.18
2026-08-18 18:05:08,ROI_RESIZED,1,478,114,117,1156,554,9.96
2026-08-18 18:05:08,ROI_RESIZED,1,478,113,117,1156,554,9.96
2026-08-18 18:05:09,ROI_RESIZED,1,478,113,116,1156,554,9.96
2026-08-18 18:05:09,ROI_RESIZED,1,478,114,115,1156,554,9.96
2026-08-18 18:05:09,ROI_RESIZED,1,478,113,115,1156,554,9.96
2026-08-18 18:05:09,ROI_RESIZED,1,478,113,116,1156,554,9.96
2026-08-18 18:05:09,ROI_RESIZED,1,478,113,116,1156,554,9.96
2026-08-18 18:05:09,ROI_RESIZED,1,478,113,114,1156,554,9.96
2026-08-18 18:05:09,ROI_RESIZED,1,478,116,114,1156,554,9.96
2026-08-18 18:05:09,ROI_RESIZED,1,478,116,114,1156,554,9.96
2026-08-18 18:05:09,ROI_RESIZED,1,478,114,114,1156,554,9.96
2026-08-18 18:05:09,ROI_RESIZED,1,478,113,114,1156,554,10.07
2026-08-18 18:05:10,ROI_RESIZED,1,478,114,114,1156,554,10.07
2026-08-18 18:05:10,ROI_RESIZED,1,478,115,114,1156,554,10.07
2026-08-18 18:05:10,ROI_RESIZED,1,478,114,114,1156,554,10.07
2026-08-18 18:05:10,ROI_RESIZED,1,478,115,114,1156,554,10.07
2026-08-18 18:05:10,ROI_RESIZED,1,478,113,115,1156,554,10.07
2026-08-18 18:05:10,ROI_RESIZED,1,478,113,115,1156,554,10.07
2026-08-18 18:05:10,ROI_RESIZED,1,478,110,115,1156,554,10.07
2026-08-18 18:05:10,ROI_RESIZED,1,478,107,115,1156,554,10.07
2026-08-18 18:05:10,ROI_RESIZED,1,478,109,116,1156,554,10.07
2026-08-18 18:05:10,ROI_RESIZED,1,478,107,116,1156,554,9.96
2026-08-18 18:05:11,ROI_RESIZED,1,478,110,116,1156,554,9.96
2026-08-18 18:05:11,ROI_RESIZED,1,478,110,117,1156,554,9.96
2026-08-18 18:05:11,ROI_RESIZED,1,478,109,116,1156,554,9.96
2026-08-18 18:05:11,ROI_RESIZED,1,478,112,116,1156,554,9.96
2026-08-18 18:05:11,ROI_RESIZED,1,478,114,116,1156,554,9.96
2026-08-18 18:05:11,ROI_RESIZED,1,478,113,116,1156,554,9.96
2026-08-18 18:05:11,ROI_RESIZED,1,478,116,116,1156,554,9.96
2026-08-18 18:05:11,ROI_RESIZED,1,478,116,117,1156,554,9.96
2026-08-18 18:05:11,FULL_FRAME,0,0,0,0,1156,554,9.96
2026-08-18 18:05:11,FULL_FRAME,0,0,0,0,1156,554,9.96
2026-08-18 18:05:12,FULL_FRAME,0,0,0,0,1156,554,10.08
2026-08-18 18:05:12,FULL_FRAME,0,0,0,0,1156,554,10.08
2026-08-18 18:05:12,FULL_FRAME,0,0,0,0,1156,554,10.08
2026-08-18 18:05:12,FULL_FRAME,0,0,0,0,1156,554,10.08
2026-08-18 18:05:12,FULL_FRAME,0,0,0,0,1156,554,10.08
2026-08-18 18:05:12,FULL_FRAME,0,0,0,0,1156,554,10.08
2026-08-18 18:05:12,FULL_FRAME,0,0,0,0,1156,554,10.08
2026-08-18 18:05:12,FULL_FRAME,0,0,0,0,1156,554,10.08
2026-08-18 18:05:12,FULL_FRAME,0,0,0,0,1156,554,10.08
2026-08-18 18:05:12,FULL_FRAME,0,0,0,0,1156,554,10.08
2026-08-18 18:05:13,FULL_FRAME,0,0,0,0,1156,554,9.88
2026-08-18 18:05:13,FULL_FRAME,0,0,0,0,1156,554,9.88
2026-08-18 18:05:13,FULL_FRAME,0,0,0,0,1156,554,9.88
2026-08-18 18:05:13,FULL_FRAME,0,0,0,0,1156,554,9.88
2026-08-18 18:05:13,FULL_FRAME,0,0,0,0,1156,554,9.88
2026-08-18 18:05:13,FULL_FRAME,0,0,0,0,1156,554,9.88
2026-08-18 18:05:13,FULL_FRAME,0,0,0,0,1156,554,9.88
2026-08-18 18:05:13,FULL_FRAME,0,0,0,0,1156,554,9.88
2026-08-18 18:05:13,FULL_FRAME,0,0,0,0,1156,554,9.88
2026-08-18 18:05:13,FULL_FRAME,0,0,0,0,1156,554,9.88
2026-08-18 18:05:14,FULL_FRAME,0,0,0,0,1156,554,9.88
2026-08-18 18:05:14,FULL_FRAME,0,0,0,0,1156,554,10.07
2026-08-18 18:05:14,FULL_FRAME,0,0,0,0,1156,554,10.07
2026-08-18 18:05:14,FULL_FRAME,0,0,0,0,1156,554,10.07
2026-08-18 18:05:14,FULL_FRAME,0,0,0,0,1156,554,10.07
2026-08-18 18:05:14,FULL_FRAME,0,0,0,0,1156,554,10.07
2026-08-18 18:05:14,FULL_FRAME,0,0,0,0,1156,554,10.07
2026-08-18 18:05:14,FULL_FRAME,0,0,0,0,1156,554,10.07
2026-08-18 18:05:14,FULL_FRAME,0,0,0,0,1156,554,10.07
2026-08-18 18:05:14,FULL_FRAME,0,0,0,0,1156,554,10.07
2026-08-18 18:05:15,FULL_FRAME,0,0,0,0,1156,554,10.07
2026-08-18 18:05:15,FULL_FRAME,0,0,0,0,1156,554,10.07
2026-08-18 18:05:15,FULL_FRAME,0,0,0,0,1156,554,10.04
2026-08-18 18:05:15,FULL_FRAME,0,0,0,0,1156,554,10.04
2026-08-18 18:05:15,FULL_FRAME,0,0,0,0,1156,554,10.04
2026-08-18 18:05:15,FULL_FRAME,0,0,0,0,1156,554,10.04
2026-08-18 18:05:15,FULL_FRAME,0,0,0,0,1156,554,10.04
2026-08-18 18:05:15,FULL_FRAME,0,0,0,0,1156,554,10.04
2026-08-18 18:05:15,FULL_FRAME,0,0,0,0,1156,554,10.04
2026-08-18 18:05:15,FULL_FRAME,0,0,0,0,1156,554,10.04
2026-08-18 18:05:16,FULL_FRAME,0,0,0,0,1156,554,10.04
2026-08-18 18:05:16,FULL_FRAME,0,0,0,0,1156,554,10.04
2026-08-18 18:05:16,FULL_FRAME,0,0,0,0,1156,554,10.04
2026-08-18 18:05:16,FULL_FRAME,0,0,0,0,1156,554,10.11
2026-08-18 18:05:16,FULL_FRAME,0,0,0,0,1156,554,10.11
2026-08-18 18:05:16,FULL_FRAME,0,0,0,0,1156,554,10.11
2026-08-18 18:05:16,FULL_FRAME,0,0,0,0,1156,554,10.11
2026-08-18 18:05:16,FULL_FRAME,0,0,0,0,1156,554,10.11
2026-08-18 18:05:16,FULL_FRAME,0,0,0,0,1156,554,10.11
2026-08-18 18:05:16,FULL_FRAME,0,0,0,0,1156,554,10.11
2026-08-18 18:05:17,FULL_FRAME,0,0,0,0,1156,554,10.11
2026-08-18 18:05:17,FULL_FRAME,0,0,0,0,1156,554,10.11
2026-08-18 18:05:17,FULL_FRAME,0,0,0,0,1156,554,10.11
2026-08-18 18:05:17,FULL_FRAME,0,0,0,0,1156,554,9.91
2026-08-18 18:05:17,FULL_FRAME,0,0,0,0,1156,554,9.91
2026-08-18 18:05:17,FULL_FRAME,0,0,0,0,1156,554,9.91
2026-08-18 18:05:17,FULL_FRAME,0,0,0,0,1156,554,9.91
2026-08-18 18:05:17,FULL_FRAME,0,0,0,0,1156,554,9.91
2026-08-18 18:05:17,FULL_FRAME,0,0,0,0,1156,554,9.91
2026-08-18 18:05:17,FULL_FRAME,0,0,0,0,1156,554,9.91
2026-08-18 18:05:18,FULL_FRAME,0,0,0,0,1156,554,9.91
2026-08-18 18:05:18,FULL_FRAME,0,0,0,0,1156,554,9.91
2026-08-18 18:05:18,FULL_FRAME,0,0,0,0,1156,554,9.91
2026-08-18 18:05:18,FULL_FRAME,0,0,0,0,1156,554,9.91
2026-08-18 18:05:18,FULL_FRAME,0,0,0,0,1156,554,10.11
2026-08-18 18:05:18,FULL_FRAME,0,0,0,0,1156,554,10.11
2026-08-18 18:05:18,FULL_FRAME,0,0,0,0,1156,554,10.11
2026-08-18 18:05:18,FULL_FRAME,0,0,0,0,1156,554,10.11
2026-08-18 18:05:18,FULL_FRAME,0,0,0,0,1156,554,10.11
2026-08-18 18:05:18,FULL_FRAME,0,0,0,0,1156,554,10.11
2026-08-18 18:05:19,FULL_FRAME,0,0,0,0,1156,554,10.11
2026-08-18 18:05:19,FULL_FRAME,0,0,0,0,1156,554,10.11
2026-08-18 18:05:19,FULL_FRAME,0,0,0,0,1156,554,10.11
2026-08-18 18:05:19,FULL_FRAME,0,0,0,0,1156,554,10.11
2026-08-18 18:05:19,FULL_FRAME,0,0,0,0,1156,554,9.93
2026-08-18 18:05:19,FULL_FRAME,0,0,0,0,1156,554,9.93
2026-08-18 18:05:19,FULL_FRAME,0,0,0,0,1156,554,9.93
2026-08-18 18:05:19,FULL_FRAME,0,0,0,0,1156,554,9.93
2026-08-18 18:05:19,FULL_FRAME,0,0,0,0,1156,554,9.93
2026-08-18 18:05:19,FULL_FRAME,0,0,0,0,1156,554,9.93
2026-08-18 18:05:20,FULL_FRAME,0,0,0,0,1156,554,9.93
2026-08-18 18:05:20,FULL_FRAME,0,0,0,0,1156,554,9.93
2026-08-18 18:05:20,FULL_FRAME,0,0,0,0,1156,554,9.93
2026-08-18 18:05:20,FULL_FRAME,0,0,0,0,1156,554,9.93
2026-08-18 18:05:20,FULL_FRAME,0,0,0,0,1156,554,9.93
2026-08-18 18:05:20,FULL_FRAME,0,0,0,0,1156,554,10.12
2026-08-18 18:05:20,FULL_FRAME,0,0,0,0,1156,554,10.12
2026-08-18 18:05:20,FULL_FRAME,0,0,0,0,1156,554,10.12
2026-08-18 18:05:20,FULL_FRAME,0,0,0,0,1156,554,10.12
2026-08-18 18:05:20,FULL_FRAME,0,0,0,0,1156,554,10.12
2026-08-18 18:05:21,FULL_FRAME,0,0,0,0,1156,554,10.12
2026-08-18 18:05:21,FULL_FRAME,0,0,0,0,1156,554,10.12
2026-08-18 18:05:21,FULL_FRAME,0,0,0,0,1156,554,10.12
2026-08-18 18:05:21,FULL_FRAME,0,0,0,0,1156,554,10.12
2026-08-18 18:05:21,FULL_FRAME,0,0,0,0,1156,554,10.12
2026-08-18 18:05:21,FULL_FRAME,0,0,0,0,1156,554,9.94
2026-08-18 18:05:21,FULL_FRAME,0,0,0,0,1156,554,9.94
2026-08-18 18:05:21,FULL_FRAME,0,0,0,0,1156,554,9.94
2026-08-18 18:05:21,FULL_FRAME,0,0,0,0,1156,554,9.94
2026-08-18 18:05:21,FULL_FRAME,0,0,0,0,1156,554,9.94
2026-08-18 18:05:22,FULL_FRAME,0,0,0,0,1156,554,9.94
2026-08-18 18:05:22,FULL_FRAME,0,0,0,0,1156,554,9.94
2026-08-18 18:05:22,FULL_FRAME,0,0,0,0,1156,554,9.94
2026-08-18 18:05:22,FULL_FRAME,0,0,0,0,1156,554,9.94
2026-08-18 18:05:22,FULL_FRAME,0,0,0,0,1156,554,9.94
2026-08-18 18:05:22,FULL_FRAME,0,0,0,0,1156,554,9.94
2026-08-18 18:05:22,FULL_FRAME,0,0,0,0,1156,554,10.09
2026-08-18 18:05:22,FULL_FRAME,0,0,0,0,1156,554,10.09
2026-08-18 18:05:22,FULL_FRAME,0,0,0,0,1156,554,10.09
2026-08-18 18:05:22,FULL_FRAME,0,0,0,0,1156,554,10.09
2026-08-18 18:05:23,FULL_FRAME,0,0,0,0,1156,554,10.09
2026-08-18 18:05:23,FULL_FRAME,0,0,0,0,1156,554,10.09
2026-08-18 18:05:23,FULL_FRAME,0,0,0,0,1156,554,10.09
2026-08-18 18:05:23,FULL_FRAME,0,0,0,0,1156,554,10.09
2026-08-18 18:05:23,FULL_FRAME,0,0,0,0,1156,554,10.09
2026-08-18 18:05:23,FULL_FRAME,0,0,0,0,1156,554,10.09
2026-08-18 18:05:23,FULL_FRAME,0,0,0,0,1156,554,10.09
2026-08-18 18:05:23,FULL_FRAME,0,0,0,0,1156,554,9.98
2026-08-18 18:05:23,FULL_FRAME,0,0,0,0,1156,554,9.98
2026-08-18 18:05:23,FULL_FRAME,0,0,0,0,1156,554,9.98
2026-08-18 18:05:24,FULL_FRAME,0,0,0,0,1156,554,9.98
2026-08-18 18:05:24,FULL_FRAME,0,0,0,0,1156,554,9.98
2026-08-18 18:05:24,FULL_FRAME,0,0,0,0,1156,554,9.98
2026-08-18 18:05:24,FULL_FRAME,0,0,0,0,1156,554,9.98
2026-08-18 18:05:24,FULL_FRAME,0,0,0,0,1156,554,9.98
2026-08-18 18:05:24,FULL_FRAME,0,0,0,0,1156,554,9.98
2026-08-18 18:05:24,FULL_FRAME,0,0,0,0,1156,554,9.98
2026-08-18 18:05:24,FULL_FRAME,0,0,0,0,1156,554,9.98
2026-08-18 18:05:24,FULL_FRAME,0,0,0,0,1156,554,10.1
2026-08-18 18:05:24,FULL_FRAME,0,0,0,0,1156,554,10.1
2026-08-18 18:05:25,FULL_FRAME,0,0,0,0,1156,554,10.1
2026-08-18 18:05:25,FULL_FRAME,0,0,0,0,1156,554,10.1
2026-08-18 18:05:25,FULL_FRAME,0,0,0,0,1156,554,10.1
2026-08-18 18:05:25,FULL_FRAME,0,0,0,0,1156,554,10.1
2026-08-18 18:05:25,FULL_FRAME,0,0,0,0,1156,554,10.1
2026-08-18 18:05:25,FULL_FRAME,0,0,0,0,1156,554,10.1
2026-08-18 18:05:25,FULL_FRAME,0,0,0,0,1156,554,10.1
2026-08-18 18:05:25,FULL_FRAME,0,0,0,0,1156,554,10.1
2026-08-18 18:05:25,FULL_FRAME,0,0,0,0,1156,554,9.93
2026-08-18 18:05:25,FULL_FRAME,0,0,0,0,1156,554,9.93
2026-08-18 18:05:26,FULL_FRAME,0,0,0,0,1156,554,9.93
2026-08-18 18:05:26,FULL_FRAME,0,0,0,0,1156,554,9.93
2026-08-18 18:05:26,FULL_FRAME,0,0,0,0,1156,554,9.93
2026-08-18 18:05:26,FULL_FRAME,0,0,0,0,1156,554,9.93
2026-08-18 18:05:26,FULL_FRAME,0,0,0,0,1156,554,9.93
2026-08-18 18:05:26,FULL_FRAME,0,0,0,0,1156,554,9.93
2026-08-18 18:05:26,FULL_FRAME,0,0,0,0,1156,554,9.93
2026-08-18 18:05:26,FULL_FRAME,0,0,0,0,1156,554,9.93
2026-08-18 18:05:26,FULL_FRAME,0,0,0,0,1156,554,9.99
2026-08-18 18:05:26,FULL_FRAME,0,0,0,0,1156,554,9.99
2026-08-18 18:05:27,FULL_FRAME,0,0,0,0,1156,554,9.99
2026-08-18 18:05:27,FULL_FRAME,0,0,0,0,1156,554,9.99
2026-08-18 18:05:27,FULL_FRAME,0,0,0,0,1156,554,9.99
2026-08-18 18:05:27,FULL_FRAME,0,0,0,0,1156,554,9.99
2026-08-18 18:05:27,FULL_FRAME,0,0,0,0,1156,554,9.99
2026-08-18 18:05:27,FULL_FRAME,0,0,0,0,1156,554,9.99
2026-08-18 18:05:27,FULL_FRAME,0,0,0,0,1156,554,9.99
2026-08-18 18:05:27,FULL_FRAME,0,0,0,0,1156,554,9.99
2026-08-18 18:05:27,FULL_FRAME,0,0,0,0,1156,554,9.99
2026-08-18 18:05:27,FULL_FRAME,0,0,0,0,1156,554,9.97
2026-08-18 18:05:28,FULL_FRAME,0,0,0,0,1156,554,9.97
2026-08-18 18:05:28,FULL_FRAME,0,0,0,0,1156,554,9.97
2026-08-18 18:05:28,FULL_FRAME,0,0,0,0,1156,554,9.97
2026-08-18 18:05:28,FULL_FRAME,0,0,0,0,1156,554,9.97
2026-08-18 18:05:28,FULL_FRAME,0,0,0,0,1156,554,9.97
2026-08-18 18:05:28,FULL_FRAME,0,0,0,0,1156,554,9.97
2026-08-18 18:05:28,FULL_FRAME,0,0,0,0,1156,554,9.97
2026-08-18 18:05:28,FULL_FRAME,0,0,0,0,1156,554,9.97
2026-08-18 18:05:28,FULL_FRAME,0,0,0,0,1156,554,9.97
2026-08-18 18:05:28,FULL_FRAME,0,0,0,0,1156,554,9.97
2026-08-18 18:05:29,FULL_FRAME,0,0,0,0,1156,554,10.15
2026-08-18 18:05:29,FULL_FRAME,0,0,0,0,1156,554,10.15
2026-08-18 18:05:29,FULL_FRAME,0,0,0,0,1156,554,10.15
2026-08-18 18:05:29,FULL_FRAME,0,0,0,0,1156,554,10.15
2026-08-18 18:05:29,FULL_FRAME,0,0,0,0,1156,554,10.15
2026-08-18 18:05:29,FULL_FRAME,0,0,0,0,1156,554,10.15
2026-08-18 18:05:29,FULL_FRAME,0,0,0,0,1156,554,10.15
2026-08-18 18:05:29,FULL_FRAME,0,0,0,0,1156,554,10.15
2026-08-18 18:05:29,FULL_FRAME,0,0,0,0,1156,554,10.15
2026-08-18 18:05:29,FULL_FRAME,0,0,0,0,1156,554,10.15
2026-08-18 18:05:30,FULL_FRAME,0,0,0,0,1156,554,9.88
2026-08-18 18:05:30,FULL_FRAME,0,0,0,0,1156,554,9.88
2026-08-18 18:05:30,FULL_FRAME,0,0,0,0,1156,554,9.88
2026-08-18 18:05:30,FULL_FRAME,0,0,0,0,1156,554,9.88
2026-08-18 18:05:30,FULL_FRAME,0,0,0,0,1156,554,9.88
2026-08-18 18:05:30,FULL_FRAME,0,0,0,0,1156,554,9.88
2026-08-18 18:05:30,FULL_FRAME,0,0,0,0,1156,554,9.88
2026-08-18 18:05:30,FULL_FRAME,0,0,0,0,1156,554,9.88
2026-08-18 18:05:30,FULL_FRAME,0,0,0,0,1156,554,9.88
2026-08-18 18:05:30,FULL_FRAME,0,0,0,0,1156,554,9.88
2026-08-18 18:05:31,FULL_FRAME,0,0,0,0,1156,554,9.88
2026-08-18 18:05:31,FULL_FRAME,0,0,0,0,1156,554,10.15
2026-08-18 18:05:31,FULL_FRAME,0,0,0,0,1156,554,10.15
2026-08-18 18:05:31,FULL_FRAME,0,0,0,0,1156,554,10.15
2026-08-18 18:05:31,FULL_FRAME,0,0,0,0,1156,554,10.15
2026-08-18 18:05:31,FULL_FRAME,0,0,0,0,1156,554,10.15
2026-08-18 18:05:31,FULL_FRAME,0,0,0,0,1156,554,10.15
2026-08-18 18:05:31,FULL_FRAME,0,0,0,0,1156,554,10.15
2026-08-18 18:05:31,FULL_FRAME,0,0,0,0,1156,554,10.15
2026-08-18 18:05:31,FULL_FRAME,0,0,0,0,1156,554,10.15
2026-08-18 18:05:32,FULL_FRAME,0,0,0,0,1156,554,10.15
2026-08-18 18:05:32,FULL_FRAME,0,0,0,0,1156,554,10.15
2026-08-18 18:05:32,FULL_FRAME,0,0,0,0,1156,554,9.96
2026-08-18 18:05:32,FULL_FRAME,0,0,0,0,1156,554,9.96
2026-08-18 18:05:32,FULL_FRAME,0,0,0,0,1156,554,9.96
2026-08-18 18:05:32,FULL_FRAME,0,0,0,0,1156,554,9.96
2026-08-18 18:05:32,FULL_FRAME,0,0,0,0,1156,554,9.96
2026-08-18 18:05:32,FULL_FRAME,0,0,0,0,1156,554,9.96
2026-08-18 18:05:32,FULL_FRAME,0,0,0,0,1156,554,9.96
2026-08-18 18:05:32,FULL_FRAME,0,0,0,0,1156,554,9.96
2026-08-18 18:05:33,FULL_FRAME,0,0,0,0,1156,554,9.96
2026-08-18 18:05:33,FULL_FRAME,0,0,0,0,1156,554,9.96
2026-08-18 18:05:33,FULL_FRAME,0,0,0,0,1156,554,9.96
2026-08-18 18:05:33,FULL_FRAME,0,0,0,0,1156,554,10.12
2026-08-18 18:05:33,FULL_FRAME,0,0,0,0,1156,554,10.12
2026-08-18 18:05:33,FULL_FRAME,0,0,0,0,1156,554,10.12
2026-08-18 18:05:33,FULL_FRAME,0,0,0,0,1156,554,10.12
2026-08-18 18:05:33,FULL_FRAME,0,0,0,0,1156,554,10.12
2026-08-18 18:05:33,FULL_FRAME,0,0,0,0,1156,554,10.12
2026-08-18 18:05:33,FULL_FRAME,0,0,0,0,1156,554,10.12
2026-08-18 18:05:34,FULL_FRAME,0,0,0,0,1156,554,10.12
2026-08-18 18:05:34,FULL_FRAME,0,0,0,0,1156,554,10.12
2026-08-18 18:05:34,FULL_FRAME,0,0,0,0,1156,554,10.12
2026-08-18 18:05:34,FULL_FRAME,0,0,0,0,1156,554,9.92
2026-08-18 18:05:34,FULL_FRAME,0,0,0,0,1156,554,9.92
2026-08-18 18:05:34,FULL_FRAME,0,0,0,0,1156,554,9.92
2026-08-18 18:05:34,FULL_FRAME,0,0,0,0,1156,554,9.92
2026-08-18 18:05:34,FULL_FRAME,0,0,0,0,1156,554,9.92
2026-08-18 18:05:34,FULL_FRAME,0,0,0,0,1156,554,9.92
2026-08-18 18:05:34,FULL_FRAME,0,0,0,0,1156,554,9.92
2026-08-18 18:05:35,FULL_FRAME,0,0,0,0,1156,554,9.92
2026-08-18 18:05:35,FULL_FRAME,0,0,0,0,1156,554,9.92
2026-08-18 18:05:35,FULL_FRAME,0,0,0,0,1156,554,9.92
2026-08-18 18:05:35,FULL_FRAME,0,0,0,0,1156,554,9.92
2026-08-18 18:05:35,FULL_FRAME,0,0,0,0,1156,554,10.13
2026-08-18 18:05:35,FULL_FRAME,0,0,0,0,1156,554,10.13
2026-08-18 18:05:35,FULL_FRAME,0,0,0,0,1156,554,10.13
2026-08-18 18:05:35,FULL_FRAME,0,0,0,0,1156,554,10.13
2026-08-18 18:05:35,FULL_FRAME,0,0,0,0,1156,554,10.13
2026-08-18 18:05:35,FULL_FRAME,0,0,0,0,1156,554,10.13
2026-08-18 18:05:36,FULL_FRAME,0,0,0,0,1156,554,10.13
2026-08-18 18:05:36,FULL_FRAME,0,0,0,0,1156,554,10.13
2026-08-18 18:05:36,FULL_FRAME,0,0,0,0,1156,554,10.13
2026-08-18 18:05:36,FULL_FRAME,0,0,0,0,1156,554,10.13
2026-08-18 18:05:36,FULL_FRAME,0,0,0,0,1156,554,9.91
2026-08-18 18:05:36,FULL_FRAME,0,0,0,0,1156,554,9.91
2026-08-18 18:05:36,FULL_FRAME,0,0,0,0,1156,554,9.91
2026-08-18 18:05:36,FULL_FRAME,0,0,0,0,1156,554,9.91
2026-08-18 18:05:36,FULL_FRAME,0,0,0,0,1156,554,9.91
2026-08-18 18:05:36,FULL_FRAME,0,0,0,0,1156,554,9.91
2026-08-18 18:05:37,FULL_FRAME,0,0,0,0,1156,554,9.91
2026-08-18 18:05:37,FULL_FRAME,0,0,0,0,1156,554,9.91
2026-08-18 18:05:37,FULL_FRAME,0,0,0,0,1156,554,9.91
2026-08-18 18:05:37,FULL_FRAME,0,0,0,0,1156,554,9.91
2026-08-18 18:05:37,FULL_FRAME,0,0,0,0,1156,554,9.91
2026-08-18 18:05:37,FULL_FRAME,0,0,0,0,1156,554,10.05
2026-08-18 18:05:37,FULL_FRAME,0,0,0,0,1156,554,10.05
2026-08-18 18:05:37,FULL_FRAME,0,0,0,0,1156,554,10.05
2026-08-18 18:05:37,FULL_FRAME,0,0,0,0,1156,554,10.05
2026-08-18 18:05:37,FULL_FRAME,0,0,0,0,1156,554,10.05
2026-08-18 18:05:38,FULL_FRAME,0,0,0,0,1156,554,10.05
2026-08-18 18:05:38,FULL_FRAME,0,0,0,0,1156,554,10.05
2026-08-18 18:05:38,FULL_FRAME,0,0,0,0,1156,554,10.05
2026-08-18 18:05:38,FULL_FRAME,0,0,0,0,1156,554,10.05
2026-08-18 18:05:38,FULL_FRAME,0,0,0,0,1156,554,10.05
2026-08-18 18:05:38,FULL_FRAME,0,0,0,0,1156,554,9.97
2026-08-18 18:05:38,FULL_FRAME,0,0,0,0,1156,554,9.97
2026-08-18 18:05:38,FULL_FRAME,0,0,0,0,1156,554,9.97
2026-08-18 18:05:38,FULL_FRAME,0,0,0,0,1156,554,9.97
2026-08-18 18:05:38,FULL_FRAME,0,0,0,0,1156,554,9.97
2026-08-18 18:05:39,FULL_FRAME,0,0,0,0,1156,554,9.97
2026-08-18 18:05:39,FULL_FRAME,0,0,0,0,1156,554,9.97
2026-08-18 18:05:39,FULL_FRAME,0,0,0,0,1156,554,9.97
2026-08-18 18:05:39,FULL_FRAME,0,0,0,0,1156,554,9.97
2026-08-18 18:05:39,FULL_FRAME,0,0,0,0,1156,554,9.97
2026-08-18 18:05:39,FULL_FRAME,0,0,0,0,1156,554,9.97
2026-08-18 18:05:39,FULL_FRAME,0,0,0,0,1156,554,10.15
2026-08-18 18:05:39,FULL_FRAME,0,0,0,0,1156,554,10.15
2026-08-18 18:05:39,FULL_FRAME,0,0,0,0,1156,554,10.15
2026-08-18 18:05:39,FULL_FRAME,0,0,0,0,1156,554,10.15
2026-08-18 18:05:40,FULL_FRAME,0,0,0,0,1156,554,10.15
2026-08-18 18:05:40,FULL_FRAME,0,0,0,0,1156,554,10.15
2026-08-18 18:05:40,FULL_FRAME,0,0,0,0,1156,554,10.15
2026-08-18 18:05:40,FULL_FRAME,0,0,0,0,1156,554,10.15
2026-08-18 18:05:40,FULL_FRAME,0,0,0,0,1156,554,10.15
2026-08-18 18:05:40,FULL_FRAME,0,0,0,0,1156,554,10.15
2026-08-18 18:05:40,FULL_FRAME,0,0,0,0,1156,554,10.15
2026-08-18 18:05:40,FULL_FRAME,0,0,0,0,1156,554,9.93
2026-08-18 18:05:40,FULL_FRAME,0,0,0,0,1156,554,9.93
2026-08-18 18:05:40,FULL_FRAME,0,0,0,0,1156,554,9.93
2026-08-18 18:05:41,FULL_FRAME,0,0,0,0,1156,554,9.93
2026-08-18 18:05:41,FULL_FRAME,0,0,0,0,1156,554,9.93
2026-08-18 18:05:41,FULL_FRAME,0,0,0,0,1156,554,9.93
2026-08-18 18:05:41,FULL_FRAME,0,0,0,0,1156,554,9.93
2026-08-18 18:05:41,FULL_FRAME,0,0,0,0,1156,554,9.93
2026-08-18 18:05:41,FULL_FRAME,0,0,0,0,1156,554,9.93
2026-08-18 18:05:41,FULL_FRAME,0,0,0,0,1156,554,9.93
2026-08-18 18:05:41,FULL_FRAME,0,0,0,0,1156,554,9.93
2026-08-18 18:05:41,FULL_FRAME,0,0,0,0,1156,554,10.11
2026-08-18 18:05:41,FULL_FRAME,0,0,0,0,1156,554,10.11
2026-08-18 18:05:42,FULL_FRAME,0,0,0,0,1156,554,10.11
2026-08-18 18:05:42,FULL_FRAME,0,0,0,0,1156,554,10.11
2026-08-18 18:05:42,FULL_FRAME,0,0,0,0,1156,554,10.11
2026-08-18 18:05:42,FULL_FRAME,0,0,0,0,1156,554,10.11
2026-08-18 18:05:42,FULL_FRAME,0,0,0,0,1156,554,10.11
2026-08-18 18:05:42,FULL_FRAME,0,0,0,0,1156,554,10.11
2026-08-18 18:05:42,FULL_FRAME,0,0,0,0,1156,554,10.11
2026-08-18 18:05:42,FULL_FRAME,0,0,0,0,1156,554,10.11
2026-08-18 18:05:42,FULL_FRAME,0,0,0,0,1156,554,9.87
2026-08-18 18:05:42,FULL_FRAME,0,0,0,0,1156,554,9.87
2026-08-18 18:05:43,FULL_FRAME,0,0,0,0,1156,554,9.87
2026-08-18 18:05:43,FULL_FRAME,0,0,0,0,1156,554,9.87
2026-08-18 18:05:43,FULL_FRAME,0,0,0,0,1156,554,9.87
2026-08-18 18:05:43,FULL_FRAME,0,0,0,0,1156,554,9.87
2026-08-18 18:05:43,FULL_FRAME,0,0,0,0,1156,554,9.87
2026-08-18 18:05:43,FULL_FRAME,0,0,0,0,1156,554,9.87
2026-08-18 18:05:43,FULL_FRAME,0,0,0,0,1156,554,9.87
2026-08-18 18:05:43,FULL_FRAME,0,0,0,0,1156,554,9.87
2026-08-18 18:05:43,FULL_FRAME,0,0,0,0,1156,554,9.87
2026-08-18 18:05:43,FULL_FRAME,0,0,0,0,1156,554,10.19
2026-08-18 18:05:43,FULL_FRAME,0,0,0,0,1156,554,10.19
2026-08-18 18:05:44,FULL_FRAME,0,0,0,0,1156,554,10.19
2026-08-18 18:05:44,FULL_FRAME,0,0,0,0,1156,554,10.19
2026-08-18 18:05:44,FULL_FRAME,0,0,0,0,1156,554,10.19
2026-08-18 18:05:44,FULL_FRAME,0,0,0,0,1156,554,10.19
2026-08-18 18:05:44,FULL_FRAME,0,0,0,0,1156,554,10.19
2026-08-18 18:05:44,FULL_FRAME,0,0,0,0,1156,554,10.19
2026-08-18 18:05:44,FULL_FRAME,0,0,0,0,1156,554,10.19
2026-08-18 18:05:44,FULL_FRAME,0,0,0,0,1156,554,10.19
2026-08-18 18:05:44,FULL_FRAME,0,0,0,0,1156,554,9.87
2026-08-18 18:05:45,FULL_FRAME,0,0,0,0,1156,554,9.87
2026-08-18 18:05:45,FULL_FRAME,0,0,0,0,1156,554,9.87
2026-08-18 18:05:45,FULL_FRAME,0,0,0,0,1156,554,9.87
2026-08-18 18:05:45,FULL_FRAME,0,0,0,0,1156,554,9.87
2026-08-18 18:05:45,FULL_FRAME,0,0,0,0,1156,554,9.87
2026-08-18 18:05:45,FULL_FRAME,0,0,0,0,1156,554,9.87
2026-08-18 18:05:45,FULL_FRAME,0,0,0,0,1156,554,9.87
2026-08-18 18:05:45,FULL_FRAME,0,0,0,0,1156,554,9.87
2026-08-18 18:05:45,FULL_FRAME,0,0,0,0,1156,554,9.87
2026-08-18 18:05:45,FULL_FRAME,1,478,421,399,1156,554,9.87
2026-08-18 18:05:46,FULL_FRAME,0,0,0,0,1156,554,10.13
2026-08-18 18:05:46,FULL_FRAME,1,478,438,321,1156,554,10.13
2026-08-18 18:05:46,FULL_FRAME,1,478,414,303,1156,554,10.13
2026-08-18 18:05:46,FULL_FRAME,1,478,377,295,1156,554,10.13
2026-08-18 18:05:46,FULL_FRAME,1,478,362,301,1156,554,10.13
2026-08-18 18:05:46,FULL_FRAME,1,478,361,304,1156,554,10.13
2026-08-18 18:05:46,FULL_FRAME,1,478,357,342,1156,554,10.13
2026-08-18 18:05:46,FULL_FRAME,1,478,363,357,1156,554,10.13
2026-08-18 18:05:46,FULL_FRAME,0,0,0,0,1156,554,10.13
2026-08-18 18:05:46,FULL_FRAME,0,0,0,0,1156,554,10.13
2026-08-18 18:05:47,FULL_FRAME,1,478,304,354,1156,554,9.86
2026-08-18 18:05:47,FULL_FRAME,0,0,0,0,1156,554,9.86
2026-08-18 18:05:47,FULL_FRAME,1,478,195,136,1156,554,9.86
2026-08-18 18:05:47,FULL_FRAME,0,0,0,0,1156,554,9.86
2026-08-18 18:05:47,FULL_FRAME,1,478,182,205,1156,554,9.86
2026-08-18 18:05:47,FULL_FRAME,1,478,167,188,1156,554,9.86
2026-08-18 18:05:47,FULL_FRAME,0,0,0,0,1156,554,9.86
2026-08-18 18:05:47,FULL_FRAME,0,0,0,0,1156,554,9.86
2026-08-18 18:05:47,FULL_FRAME,0,0,0,0,1156,554,9.86
2026-08-18 18:05:47,FULL_FRAME,0,0,0,0,1156,554,9.86
2026-08-18 18:05:48,FULL_FRAME,0,0,0,0,1156,554,9.86
2026-08-18 18:05:48,FULL_FRAME,0,0,0,0,1156,554,10.15
2026-08-18 18:05:48,FULL_FRAME,0,0,0,0,1156,554,10.15
2026-08-18 18:05:48,FULL_FRAME,0,0,0,0,1156,554,10.15
2026-08-18 18:05:48,FULL_FRAME,0,0,0,0,1156,554,10.15
2026-08-18 18:05:48,FULL_FRAME,0,0,0,0,1156,554,10.15
2026-08-18 18:05:48,FULL_FRAME,0,0,0,0,1156,554,10.15
2026-08-18 18:05:48,FULL_FRAME,0,0,0,0,1156,554,10.15
2026-08-18 18:05:48,FULL_FRAME,0,0,0,0,1156,554,10.15
2026-08-18 18:05:48,FULL_FRAME,0,0,0,0,1156,554,10.15
2026-08-18 18:05:48,FULL_FRAME,0,0,0,0,1156,554,10.15
2026-08-18 18:05:49,FULL_FRAME,0,0,0,0,1156,554,10.15
2026-08-18 18:05:49,FULL_FRAME,0,0,0,0,1156,554,10.0
2026-08-18 18:05:49,FULL_FRAME,0,0,0,0,1156,554,10.0
2026-08-18 18:05:49,FULL_FRAME,0,0,0,0,1156,554,10.0
2026-08-18 18:05:49,FULL_FRAME,0,0,0,0,1156,554,10.0
2026-08-18 18:05:49,FULL_FRAME,0,0,0,0,1156,554,10.0
2026-08-18 18:05:49,FULL_FRAME,0,0,0,0,1156,554,10.0
2026-08-18 18:05:49,FULL_FRAME,0,0,0,0,1156,554,10.0
2026-08-18 18:05:49,FULL_FRAME,0,0,0,0,1156,554,10.0
2026-08-18 18:05:49,FULL_FRAME,0,0,0,0,1156,554,10.0
2026-08-18 18:05:50,FULL_FRAME,0,0,0,0,1156,554,10.0
2026-08-18 18:05:50,FULL_FRAME,0,0,0,0,1156,554,10.0
2026-08-18 18:05:50,FULL_FRAME,0,0,0,0,1156,554,10.12
2026-08-18 18:05:50,FULL_FRAME,0,0,0,0,1156,554,10.12
2026-08-18 18:05:50,FULL_FRAME,0,0,0,0,1156,554,10.12
2026-08-18 18:05:50,FULL_FRAME,0,0,0,0,1156,554,10.12
2026-08-18 18:05:50,FULL_FRAME,0,0,0,0,1156,554,10.12
2026-08-18 18:05:50,FULL_FRAME,0,0,0,0,1156,554,10.12
2026-08-18 18:05:50,FULL_FRAME,0,0,0,0,1156,554,10.12
2026-08-18 18:05:50,FULL_FRAME,0,0,0,0,1156,554,10.12
2026-08-18 18:05:51,FULL_FRAME,0,0,0,0,1156,554,10.12
2026-08-18 18:05:51,FULL_FRAME,0,0,0,0,1156,554,10.12
2026-08-18 18:05:51,FULL_FRAME,0,0,0,0,1156,554,9.9
2026-08-18 18:05:51,FULL_FRAME,0,0,0,0,1156,554,9.9
2026-08-18 18:05:51,FULL_FRAME,0,0,0,0,1156,554,9.9
2026-08-18 18:05:51,FULL_FRAME,0,0,0,0,1156,554,9.9
2026-08-18 18:05:51,FULL_FRAME,0,0,0,0,1156,554,9.9
2026-08-18 18:05:51,FULL_FRAME,0,0,0,0,1156,554,9.9
2026-08-18 18:05:51,FULL_FRAME,0,0,0,0,1156,554,9.9
2026-08-18 18:05:51,FULL_FRAME,0,0,0,0,1156,554,9.9
2026-08-18 18:05:52,FULL_FRAME,0,0,0,0,1156,554,9.9
2026-08-18 18:05:52,FULL_FRAME,0,0,0,0,1156,554,9.9
2026-08-18 18:05:52,FULL_FRAME,0,0,0,0,1156,554,9.9
2026-08-18 18:05:52,FULL_FRAME,0,0,0,0,1156,554,10.11
2026-08-18 18:05:52,FULL_FRAME,0,0,0,0,1156,554,10.11
2026-08-18 18:05:52,FULL_FRAME,0,0,0,0,1156,554,10.11
2026-08-18 18:05:52,FULL_FRAME,0,0,0,0,1156,554,10.11
2026-08-18 18:05:52,FULL_FRAME,1,478,239,279,1156,554,10.11
2026-08-18 18:05:52,FULL_FRAME,1,478,251,274,1156,554,10.11
2026-08-18 18:05:52,FULL_FRAME,0,0,0,0,1156,554,10.11
2026-08-18 18:05:53,FULL_FRAME,0,0,0,0,1156,554,10.11
2026-08-18 18:05:53,FULL_FRAME,0,0,0,0,1156,554,10.11
2026-08-18 18:05:53,FULL_FRAME,0,0,0,0,1156,554,10.11
2026-08-18 18:05:53,FULL_FRAME,0,0,0,0,1156,554,9.92
2026-08-18 18:05:53,FULL_FRAME,0,0,0,0,1156,554,9.92
2026-08-18 18:05:53,FULL_FRAME,0,0,0,0,1156,554,9.92
2026-08-18 18:05:53,FULL_FRAME,0,0,0,0,1156,554,9.92
2026-08-18 18:05:53,FULL_FRAME,0,0,0,0,1156,554,9.92
2026-08-18 18:05:53,FULL_FRAME,0,0,0,0,1156,554,9.92
2026-08-18 18:05:53,FULL_FRAME,0,0,0,0,1156,554,9.92
2026-08-18 18:05:54,FULL_FRAME,0,0,0,0,1156,554,9.92
2026-08-18 18:05:54,FULL_FRAME,0,0,0,0,1156,554,9.92
2026-08-18 18:05:54,FULL_FRAME,0,0,0,0,1156,554,9.92
2026-08-18 18:05:54,FULL_FRAME,0,0,0,0,1156,554,9.92
2026-08-18 18:05:54,FULL_FRAME,0,0,0,0,1156,554,10.09
2026-08-18 18:05:54,FULL_FRAME,0,0,0,0,1156,554,10.09
2026-08-18 18:05:54,FULL_FRAME,0,0,0,0,1156,554,10.09
2026-08-18 18:05:54,FULL_FRAME,0,0,0,0,1156,554,10.09
2026-08-18 18:05:54,FULL_FRAME,0,0,0,0,1156,554,10.09
2026-08-18 18:05:54,FULL_FRAME,0,0,0,0,1156,554,10.09
2026-08-18 18:05:55,FULL_FRAME,0,0,0,0,1156,554,10.09
2026-08-18 18:05:55,FULL_FRAME,0,0,0,0,1156,554,10.09
2026-08-18 18:05:55,FULL_FRAME,0,0,0,0,1156,554,10.09
2026-08-18 18:05:55,FULL_FRAME,0,0,0,0,1156,554,10.09
2026-08-18 18:05:55,FULL_FRAME,0,0,0,0,1156,554,10.09
2026-08-18 18:05:55,FULL_FRAME,0,0,0,0,1156,554,10.03
2026-08-18 18:05:55,FULL_FRAME,0,0,0,0,1156,554,10.03
2026-08-18 18:05:55,FULL_FRAME,0,0,0,0,1156,554,10.03
2026-08-18 18:05:55,FULL_FRAME,0,0,0,0,1156,554,10.03
2026-08-18 18:05:55,FULL_FRAME,0,0,0,0,1156,554,10.03
2026-08-18 18:05:56,FULL_FRAME,0,0,0,0,1156,554,10.03
2026-08-18 18:05:56,FULL_FRAME,0,0,0,0,1156,554,10.03
2026-08-18 18:05:56,FULL_FRAME,0,0,0,0,1156,554,10.03
2026-08-18 18:05:56,FULL_FRAME,0,0,0,0,1156,554,10.03
2026-08-18 18:05:56,FULL_FRAME,0,0,0,0,1156,554,10.03
2026-08-18 18:05:56,FULL_FRAME,0,0,0,0,1156,554,10.03
2026-08-18 18:05:56,FULL_FRAME,0,0,0,0,1156,554,10.12
2026-08-18 18:05:56,FULL_FRAME,0,0,0,0,1156,554,10.12
2026-08-18 18:05:56,FULL_FRAME,0,0,0,0,1156,554,10.12
2026-08-18 18:05:56,FULL_FRAME,0,0,0,0,1156,554,10.12
2026-08-18 18:05:57,FULL_FRAME,0,0,0,0,1156,554,10.12
2026-08-18 18:05:57,FULL_FRAME,0,0,0,0,1156,554,10.12
2026-08-18 18:05:57,FULL_FRAME,0,0,0,0,1156,554,10.12
2026-08-18 18:05:57,FULL_FRAME,0,0,0,0,1156,554,10.12
2026-08-18 18:05:57,FULL_FRAME,0,0,0,0,1156,554,10.12
2026-08-18 18:05:57,FULL_FRAME,0,0,0,0,1156,554,10.12
2026-08-18 18:05:57,FULL_FRAME,0,0,0,0,1156,554,9.87
2026-08-18 18:05:57,FULL_FRAME,0,0,0,0,1156,554,9.87
2026-08-18 18:05:57,FULL_FRAME,0,0,0,0,1156,554,9.87
2026-08-18 18:05:57,FULL_FRAME,0,0,0,0,1156,554,9.87
2026-08-18 18:05:58,FULL_FRAME,0,0,0,0,1156,554,9.87
2026-08-18 18:05:58,FULL_FRAME,0,0,0,0,1156,554,9.87
2026-08-18 18:05:58,FULL_FRAME,0,0,0,0,1156,554,9.87
2026-08-18 18:05:58,FULL_FRAME,0,0,0,0,1156,554,9.87
2026-08-18 18:05:58,FULL_FRAME,0,0,0,0,1156,554,9.87
2026-08-18 18:05:58,FULL_FRAME,0,0,0,0,1156,554,9.87
2026-08-18 18:05:58,FULL_FRAME,0,0,0,0,1156,554,9.87
2026-08-18 18:05:58,FULL_FRAME,0,0,0,0,1156,554,10.11
2026-08-18 18:05:58,FULL_FRAME,0,0,0,0,1156,554,10.11
2026-08-18 18:05:58,FULL_FRAME,0,0,0,0,1156,554,10.11
2026-08-18 18:05:59,FULL_FRAME,0,0,0,0,1156,554,10.11
2026-08-18 18:05:59,FULL_FRAME,0,0,0,0,1156,554,10.11
2026-08-18 18:05:59,FULL_FRAME,0,0,0,0,1156,554,10.11
2026-08-18 18:05:59,FULL_FRAME,0,0,0,0,1156,554,10.11
2026-08-18 18:05:59,FULL_FRAME,0,0,0,0,1156,554,10.11
2026-08-18 18:05:59,FULL_FRAME,0,0,0,0,1156,554,10.11
2026-08-18 18:05:59,FULL_FRAME,0,0,0,0,1156,554,10.11
2026-08-18 18:05:59,FULL_FRAME,0,0,0,0,1156,554,9.92
2026-08-18 18:05:59,FULL_FRAME,0,0,0,0,1156,554,9.92
2026-08-18 18:05:59,FULL_FRAME,0,0,0,0,1156,554,9.92
2026-08-18 18:06:00,FULL_FRAME,0,0,0,0,1156,554,9.92
2026-08-18 18:06:00,FULL_FRAME,0,0,0,0,1156,554,9.92
2026-08-18 18:06:00,FULL_FRAME,0,0,0,0,1156,554,9.92
2026-08-18 18:06:00,FULL_FRAME,0,0,0,0,1156,554,9.92
2026-08-18 18:06:00,FULL_FRAME,0,0,0,0,1156,554,9.92
2026-08-18 18:06:00,FULL_FRAME,0,0,0,0,1156,554,9.92
2026-08-18 18:06:00,FULL_FRAME,0,0,0,0,1156,554,9.92
2026-08-18 18:06:00,FULL_FRAME,0,0,0,0,1156,554,9.92
2026-08-18 18:06:00,FULL_FRAME,0,0,0,0,1156,554,10.1
2026-08-18 18:06:00,FULL_FRAME,0,0,0,0,1156,554,10.1
2026-08-18 18:06:01,FULL_FRAME,0,0,0,0,1156,554,10.1
2026-08-18 18:06:01,FULL_FRAME,0,0,0,0,1156,554,10.1
2026-08-18 18:06:01,FULL_FRAME,0,0,0,0,1156,554,10.1
2026-08-18 18:06:01,FULL_FRAME,0,0,0,0,1156,554,10.1
2026-08-18 18:06:01,FULL_FRAME,0,0,0,0,1156,554,10.1
2026-08-18 18:06:01,FULL_FRAME,0,0,0,0,1156,554,10.1
2026-08-18 18:06:01,FULL_FRAME,0,0,0,0,1156,554,10.1
2026-08-18 18:06:01,FULL_FRAME,0,0,0,0,1156,554,10.1
2026-08-18 18:06:01,FULL_FRAME,0,0,0,0,1156,554,9.91
2026-08-18 18:06:01,FULL_FRAME,0,0,0,0,1156,554,9.91
2026-08-18 18:06:02,FULL_FRAME,0,0,0,0,1156,554,9.91
2026-08-18 18:06:02,FULL_FRAME,0,0,0,0,1156,554,9.91
2026-08-18 18:06:02,FULL_FRAME,0,0,0,0,1156,554,9.91
2026-08-18 18:06:02,FULL_FRAME,0,0,0,0,1156,554,9.91
2026-08-18 18:06:02,FULL_FRAME,0,0,0,0,1156,554,9.91
2026-08-18 18:06:02,FULL_FRAME,0,0,0,0,1156,554,9.91
2026-08-18 18:06:02,FULL_FRAME,0,0,0,0,1156,554,9.91
2026-08-18 18:06:02,FULL_FRAME,0,0,0,0,1156,554,9.91
2026-08-18 18:06:02,FULL_FRAME,0,0,0,0,1156,554,9.91
2026-08-18 18:06:02,FULL_FRAME,0,0,0,0,1156,554,10.14
2026-08-18 18:06:03,FULL_FRAME,0,0,0,0,1156,554,10.14
2026-08-18 18:06:03,FULL_FRAME,0,0,0,0,1156,554,10.14
2026-08-18 18:06:03,FULL_FRAME,0,0,0,0,1156,554,10.14
2026-08-18 18:06:03,FULL_FRAME,0,0,0,0,1156,554,10.14
2026-08-18 18:06:03,FULL_FRAME,0,0,0,0,1156,554,10.14
2026-08-18 18:06:03,FULL_FRAME,0,0,0,0,1156,554,10.14
2026-08-18 18:06:03,FULL_FRAME,0,0,0,0,1156,554,10.14
2026-08-18 18:06:03,FULL_FRAME,0,0,0,0,1156,554,10.14
2026-08-18 18:06:03,FULL_FRAME,0,0,0,0,1156,554,10.14
2026-08-18 18:06:03,FULL_FRAME,0,0,0,0,1156,554,9.87
2026-08-18 18:06:04,FULL_FRAME,0,0,0,0,1156,554,9.87
2026-08-18 18:06:04,FULL_FRAME,0,0,0,0,1156,554,9.87
2026-08-18 18:06:04,FULL_FRAME,0,0,0,0,1156,554,9.87
2026-08-18 18:06:04,FULL_FRAME,0,0,0,0,1156,554,9.87
2026-08-18 18:06:04,FULL_FRAME,0,0,0,0,1156,554,9.87
2026-08-18 18:06:04,FULL_FRAME,0,0,0,0,1156,554,9.87
2026-08-18 18:06:04,FULL_FRAME,0,0,0,0,1156,554,9.87
2026-08-18 18:06:04,FULL_FRAME,0,0,0,0,1156,554,9.87
2026-08-18 18:06:04,FULL_FRAME,0,0,0,0,1156,554,9.87
2026-08-18 18:06:04,FULL_FRAME,0,0,0,0,1156,554,9.87
2026-08-18 18:06:05,FULL_FRAME,0,0,0,0,1156,554,10.15
2026-08-18 18:06:05,FULL_FRAME,0,0,0,0,1156,554,10.15
2026-08-18 18:06:05,FULL_FRAME,0,0,0,0,1156,554,10.15
2026-08-18 18:06:05,FULL_FRAME,0,0,0,0,1156,554,10.15
2026-08-18 18:06:05,FULL_FRAME,0,0,0,0,1156,554,10.15
2026-08-18 18:06:05,FULL_FRAME,0,0,0,0,1156,554,10.15
2026-08-18 18:06:05,FULL_FRAME,0,0,0,0,1156,554,10.15
2026-08-18 18:06:05,FULL_FRAME,0,0,0,0,1156,554,10.15
2026-08-18 18:06:05,FULL_FRAME,0,0,0,0,1156,554,10.15
2026-08-18 18:06:05,FULL_FRAME,0,0,0,0,1156,554,10.15
2026-08-18 18:06:06,FULL_FRAME,0,0,0,0,1156,554,10.15
2026-08-18 18:06:06,FULL_FRAME,0,0,0,0,1156,554,9.99
2026-08-18 18:06:06,FULL_FRAME,0,0,0,0,1156,554,9.99
2026-08-18 18:06:06,FULL_FRAME,0,0,0,0,1156,554,9.99
2026-08-18 18:06:06,FULL_FRAME,0,0,0,0,1156,554,9.99
2026-08-18 18:06:06,FULL_FRAME,0,0,0,0,1156,554,9.99
2026-08-18 18:06:06,FULL_FRAME,0,0,0,0,1156,554,9.99
2026-08-18 18:06:06,FULL_FRAME,0,0,0,0,1156,554,9.99
2026-08-18 18:06:06,FULL_FRAME,0,0,0,0,1156,554,9.99
2026-08-18 18:06:06,FULL_FRAME,0,0,0,0,1156,554,9.99
2026-08-18 18:06:07,FULL_FRAME,0,0,0,0,1156,554,9.99
2026-08-18 18:06:07,FULL_FRAME,0,0,0,0,1156,554,9.99
2026-08-18 18:06:07,FULL_FRAME,0,0,0,0,1156,554,10.02
2026-08-18 18:06:07,FULL_FRAME,0,0,0,0,1156,554,10.02
2026-08-18 18:06:07,FULL_FRAME,0,0,0,0,1156,554,10.02
2026-08-18 18:06:07,FULL_FRAME,0,0,0,0,1156,554,10.02
2026-08-18 18:06:07,FULL_FRAME,0,0,0,0,1156,554,10.02
2026-08-18 18:06:07,FULL_FRAME,0,0,0,0,1156,554,10.02
2026-08-18 18:06:07,FULL_FRAME,0,0,0,0,1156,554,10.02
2026-08-18 18:06:07,FULL_FRAME,0,0,0,0,1156,554,10.02
2026-08-18 18:06:08,FULL_FRAME,0,0,0,0,1156,554,10.02
2026-08-18 18:06:08,FULL_FRAME,0,0,0,0,1156,554,10.02
2026-08-18 18:06:08,FULL_FRAME,0,0,0,0,1156,554,10.02
2026-08-18 18:06:08,FULL_FRAME,0,0,0,0,1156,554,10.04
2026-08-18 18:06:08,FULL_FRAME,0,0,0,0,1156,554,10.04
2026-08-18 18:06:08,FULL_FRAME,0,0,0,0,1156,554,10.04
2026-08-18 18:06:08,FULL_FRAME,0,0,0,0,1156,554,10.04
2026-08-18 18:06:08,FULL_FRAME,0,0,0,0,1156,554,10.04
2026-08-18 18:06:08,FULL_FRAME,0,0,0,0,1156,554,10.04
2026-08-18 18:06:08,FULL_FRAME,0,0,0,0,1156,554,10.04
2026-08-18 18:06:09,FULL_FRAME,0,0,0,0,1156,554,10.04
2026-08-18 18:06:09,FULL_FRAME,0,0,0,0,1156,554,10.04
2026-08-18 18:06:09,FULL_FRAME,0,0,0,0,1156,554,10.04
2026-08-18 18:06:09,FULL_FRAME,0,0,0,0,1156,554,10.04
2026-08-18 18:06:09,FULL_FRAME,0,0,0,0,1156,554,10.08
2026-08-18 18:06:09,FULL_FRAME,0,0,0,0,1156,554,10.08
2026-08-18 18:06:09,FULL_FRAME,0,0,0,0,1156,554,10.08
2026-08-18 18:06:09,FULL_FRAME,0,0,0,0,1156,554,10.08
2026-08-18 18:09:29,ROI_RESIZED,1,478,202,206,1102,485,0.36
2026-08-18 18:09:29,ROI_RESIZED,1,478,202,210,1102,485,0.36
2026-08-18 18:09:29,ROI_RESIZED,1,478,200,211,1102,485,0.36
2026-08-18 18:09:29,ROI_RESIZED,1,478,204,210,1102,485,0.36
2026-08-18 18:09:29,ROI_RESIZED,1,478,206,209,1102,485,0.36
2026-08-18 18:09:30,ROI_RESIZED,1,478,204,210,1102,485,0.36
2026-08-18 18:09:30,ROI_RESIZED,1,478,202,209,1102,485,0.36
2026-08-18 18:09:30,ROI_RESIZED,1,478,202,208,1102,485,0.36
2026-08-18 18:09:30,ROI_RESIZED,1,478,202,207,1102,485,0.36
2026-08-18 18:09:30,ROI_RESIZED,1,478,198,206,1102,485,0.36
2026-08-18 18:09:30,ROI_RESIZED,1,478,199,206,1102,485,9.94
2026-08-18 18:09:30,ROI_RESIZED,1,478,198,207,1102,485,9.94
2026-08-18 18:09:30,ROI_RESIZED,1,478,198,209,1102,485,9.94
2026-08-18 18:09:30,ROI_RESIZED,1,478,196,210,1102,485,9.94
2026-08-18 18:09:30,ROI_RESIZED,1,478,197,212,1102,485,9.94
2026-08-18 18:09:31,ROI_RESIZED,1,478,195,214,1102,485,9.94
2026-08-18 18:09:31,ROI_RESIZED,1,478,195,213,1102,485,9.94
2026-08-18 18:09:31,ROI_RESIZED,1,478,196,214,1102,485,9.94
2026-08-18 18:09:31,ROI_RESIZED,1,478,197,215,1102,485,9.94
2026-08-18 18:09:31,ROI_RESIZED,1,478,195,215,1102,485,9.94
2026-08-18 18:09:31,ROI_RESIZED,1,478,192,214,1102,485,9.94
2026-08-18 18:09:31,ROI_RESIZED,1,478,194,213,1102,485,10.09
2026-08-18 18:09:31,ROI_RESIZED,1,478,196,212,1102,485,10.09
2026-08-18 18:09:31,ROI_RESIZED,1,478,197,211,1102,485,10.09
2026-08-18 18:09:31,ROI_RESIZED,1,478,197,211,1102,485,10.09
2026-08-18 18:09:32,ROI_RESIZED,1,478,197,211,1102,485,10.09
2026-08-18 18:09:32,ROI_RESIZED,1,478,198,211,1102,485,10.09
2026-08-18 18:09:32,ROI_RESIZED,1,478,199,211,1102,485,10.09
2026-08-18 18:09:32,ROI_RESIZED,1,478,196,210,1102,485,10.09
2026-08-18 18:09:32,ROI_RESIZED,1,478,198,210,1102,485,10.09
2026-08-18 18:09:32,ROI_RESIZED,1,478,200,209,1102,485,10.09
2026-08-18 18:09:32,ROI_RESIZED,1,478,199,209,1102,485,9.88
2026-08-18 18:09:32,ROI_RESIZED,1,478,198,209,1102,485,9.88
2026-08-18 18:09:32,ROI_RESIZED,1,478,197,209,1102,485,9.88
2026-08-18 18:09:32,ROI_RESIZED,1,478,197,209,1102,485,9.88
2026-08-18 18:09:33,ROI_RESIZED,1,478,197,208,1102,485,9.88
2026-08-18 18:09:33,ROI_RESIZED,1,478,197,208,1102,485,9.88
2026-08-18 18:09:33,ROI_RESIZED,1,478,198,208,1102,485,9.88
2026-08-18 18:09:33,ROI_RESIZED,1,478,199,209,1102,485,9.88
2026-08-18 18:09:33,ROI_RESIZED,1,478,201,209,1102,485,9.88
2026-08-18 18:09:33,ROI_RESIZED,1,478,201,209,1102,485,9.88
2026-08-18 18:09:33,ROI_RESIZED,1,478,201,209,1102,485,9.88
2026-08-18 18:09:33,ROI_RESIZED,1,478,202,209,1102,485,10.12
2026-08-18 18:09:33,ROI_RESIZED,1,478,207,210,1102,485,10.12
2026-08-18 18:09:33,ROI_RESIZED,1,478,203,210,1102,485,10.12
2026-08-18 18:09:34,ROI_RESIZED,1,478,206,209,1102,485,10.12
2026-08-18 18:09:34,ROI_RESIZED,1,478,207,210,1102,485,10.12
2026-08-18 18:09:34,ROI_RESIZED,1,478,208,210,1102,485,10.12
2026-08-18 18:09:34,ROI_RESIZED,1,478,211,212,1102,485,10.12
2026-08-18 18:09:34,ROI_RESIZED,1,478,215,213,1102,485,10.12
2026-08-18 18:09:34,ROI_RESIZED,1,478,213,214,1102,485,10.12
2026-08-18 18:09:34,ROI_RESIZED,1,478,211,216,1102,485,10.12
2026-08-18 18:09:34,ROI_RESIZED,1,478,209,219,1102,485,9.9
2026-08-18 18:09:34,ROI_RESIZED,1,478,207,219,1102,485,9.9
2026-08-18 18:09:34,ROI_RESIZED,1,478,204,221,1102,485,9.9
2026-08-18 18:09:35,ROI_RESIZED,1,478,204,222,1102,485,9.9
2026-08-18 18:09:35,ROI_RESIZED,1,478,203,223,1102,485,9.9
2026-08-18 18:09:35,ROI_RESIZED,1,478,208,223,1102,485,9.9
2026-08-18 18:09:35,ROI_RESIZED,1,478,208,223,1102,485,9.9
2026-08-18 18:09:35,ROI_RESIZED,1,478,208,223,1102,485,9.9
2026-08-18 18:09:35,ROI_RESIZED,1,478,209,223,1102,485,9.9
2026-08-18 18:09:35,ROI_RESIZED,1,478,209,224,1102,485,9.9
2026-08-18 18:09:35,ROI_RESIZED,1,478,210,224,1102,485,9.9
2026-08-18 18:09:35,ROI_RESIZED,1,478,207,223,1102,485,10.13
2026-08-18 18:09:35,ROI_RESIZED,1,478,206,223,1102,485,10.13
2026-08-18 18:09:36,ROI_RESIZED,1,478,207,224,1102,485,10.13
2026-08-18 18:09:36,ROI_RESIZED,1,478,206,224,1102,485,10.13
2026-08-18 18:09:36,ROI_RESIZED,1,478,207,224,1102,485,10.13
2026-08-18 18:09:36,ROI_RESIZED,1,478,209,224,1102,485,10.13
2026-08-18 18:09:36,ROI_RESIZED,1,478,209,224,1102,485,10.13
2026-08-18 18:09:36,ROI_RESIZED,1,478,208,224,1102,485,10.13
2026-08-18 18:09:36,ROI_RESIZED,1,478,208,224,1102,485,10.13
2026-08-18 18:09:36,ROI_RESIZED,1,478,209,224,1102,485,10.13
2026-08-18 18:09:36,ROI_RESIZED,1,478,208,224,1102,485,10.13
2026-08-18 18:09:36,ROI_RESIZED,1,478,207,224,1102,485,9.96
2026-08-18 18:09:37,ROI_RESIZED,1,478,208,225,1102,485,9.96
2026-08-18 18:09:37,ROI_RESIZED,1,478,208,225,1102,485,9.96
2026-08-18 18:09:37,ROI_RESIZED,1,478,207,224,1102,485,9.96
2026-08-18 18:09:37,ROI_RESIZED,1,478,205,224,1102,485,9.96
2026-08-18 18:09:37,ROI_RESIZED,1,478,205,225,1102,485,9.96
2026-08-18 18:09:37,ROI_RESIZED,1,478,207,225,1102,485,9.96
2026-08-18 18:09:37,ROI_RESIZED,1,478,207,225,1102,485,9.96
2026-08-18 18:09:37,ROI_RESIZED,1,478,207,224,1102,485,9.96
2026-08-18 18:09:37,ROI_RESIZED,1,478,207,224,1102,485,9.96
2026-08-18 18:09:37,ROI_RESIZED,1,478,207,224,1102,485,9.96
2026-08-18 18:09:38,ROI_RESIZED,1,478,207,224,1102,485,10.12
2026-08-18 18:09:38,ROI_RESIZED,1,478,207,224,1102,485,10.12
2026-08-18 18:09:38,ROI_RESIZED,1,478,208,223,1102,485,10.12
2026-08-18 18:09:38,ROI_RESIZED,1,478,208,223,1102,485,10.12
2026-08-18 18:09:38,ROI_RESIZED,1,478,209,223,1102,485,10.12
2026-08-18 18:09:38,ROI_RESIZED,1,478,208,224,1102,485,10.12
2026-08-18 18:09:38,ROI_RESIZED,1,478,208,224,1102,485,10.12
2026-08-18 18:09:38,ROI_RESIZED,1,478,208,224,1102,485,10.12
2026-08-18 18:09:38,ROI_RESIZED,1,478,207,224,1102,485,10.12
2026-08-18 18:09:38,ROI_RESIZED,1,478,206,224,1102,485,10.12
2026-08-18 18:09:39,ROI_RESIZED,1,478,207,224,1102,485,9.92
2026-08-18 18:09:39,ROI_RESIZED,1,478,207,224,1102,485,9.92
2026-08-18 18:09:39,ROI_RESIZED,1,478,207,224,1102,485,9.92
2026-08-18 18:09:39,ROI_RESIZED,1,478,206,224,1102,485,9.92
2026-08-18 18:09:39,ROI_RESIZED,1,478,206,222,1102,485,9.92
2026-08-18 18:09:39,ROI_RESIZED,1,478,203,222,1102,485,9.92
2026-08-18 18:09:39,ROI_RESIZED,1,478,203,222,1102,485,9.92
2026-08-18 18:09:39,ROI_RESIZED,1,478,203,221,1102,485,9.92
2026-08-18 18:09:39,ROI_RESIZED,1,478,205,221,1102,485,9.92
2026-08-18 18:09:39,ROI_RESIZED,1,478,205,221,1102,485,9.92
2026-08-18 18:09:40,ROI_RESIZED,1,478,208,221,1102,485,9.92
2026-08-18 18:09:40,ROI_RESIZED,1,478,207,221,1102,485,10.12
2026-08-18 18:09:40,ROI_RESIZED,1,478,207,221,1102,485,10.12
2026-08-18 18:09:40,ROI_RESIZED,1,478,207,221,1102,485,10.12
2026-08-18 18:09:40,ROI_RESIZED,1,478,206,221,1102,485,10.12
2026-08-18 18:09:40,ROI_RESIZED,1,478,205,220,1102,485,10.12
2026-08-18 18:09:40,ROI_RESIZED,1,478,206,221,1102,485,10.12
2026-08-18 18:09:40,ROI_RESIZED,1,478,206,221,1102,485,10.12
2026-08-18 18:09:40,ROI_RESIZED,1,478,205,221,1102,485,10.12
2026-08-18 18:09:40,ROI_RESIZED,1,478,206,221,1102,485,10.12
2026-08-18 18:09:41,ROI_RESIZED,1,478,206,221,1102,485,10.12
2026-08-18 18:09:41,ROI_RESIZED,1,478,206,222,1102,485,9.92
2026-08-18 18:09:41,ROI_RESIZED,1,478,207,222,1102,485,9.92
2026-08-18 18:09:41,ROI_RESIZED,1,478,208,222,1102,485,9.92
2026-08-18 18:09:41,ROI_RESIZED,1,478,209,222,1102,485,9.92
2026-08-18 18:09:41,ROI_RESIZED,1,478,209,223,1102,485,9.92
2026-08-18 18:09:41,ROI_RESIZED,1,478,210,223,1102,485,9.92
2026-08-18 18:09:41,ROI_RESIZED,1,478,210,223,1102,485,9.92
2026-08-18 18:09:41,ROI_RESIZED,1,478,209,223,1102,485,9.92
2026-08-18 18:09:41,ROI_RESIZED,1,478,206,223,1102,485,9.92
2026-08-18 18:09:42,ROI_RESIZED,1,478,206,221,1102,485,9.92
2026-08-18 18:09:42,ROI_RESIZED,1,478,206,221,1102,485,9.92
2026-08-18 18:09:42,ROI_RESIZED,1,478,206,222,1102,485,10.06
2026-08-18 18:09:42,ROI_RESIZED,1,478,205,222,1102,485,10.06
2026-08-18 18:09:42,ROI_RESIZED,1,478,206,223,1102,485,10.06
2026-08-18 18:09:42,ROI_RESIZED,1,478,204,223,1102,485,10.06
2026-08-18 18:09:42,ROI_RESIZED,1,478,206,223,1102,485,10.06
2026-08-18 18:09:42,ROI_RESIZED,1,478,206,222,1102,485,10.06
2026-08-18 18:09:42,ROI_RESIZED,1,478,206,222,1102,485,10.06
2026-08-18 18:09:42,ROI_RESIZED,1,478,208,223,1102,485,10.06
2026-08-18 18:09:43,ROI_RESIZED,1,478,205,223,1102,485,10.06
2026-08-18 18:09:43,ROI_RESIZED,1,478,206,223,1102,485,10.06
2026-08-18 18:09:43,ROI_RESIZED,1,478,206,223,1102,485,9.98
2026-08-18 18:09:43,ROI_RESIZED,1,478,206,223,1102,485,9.98
2026-08-18 18:09:43,ROI_RESIZED,1,478,205,223,1102,485,9.98
2026-08-18 18:09:43,ROI_RESIZED,1,478,206,223,1102,485,9.98
2026-08-18 18:09:43,ROI_RESIZED,1,478,207,223,1102,485,9.98
2026-08-18 18:09:43,ROI_RESIZED,1,478,206,223,1102,485,9.98
2026-08-18 18:09:43,ROI_RESIZED,1,478,206,223,1102,485,9.98
2026-08-18 18:09:43,ROI_RESIZED,1,478,207,223,1102,485,9.98
2026-08-18 18:09:44,ROI_RESIZED,1,478,207,223,1102,485,9.98
2026-08-18 18:09:44,ROI_RESIZED,1,478,206,223,1102,485,9.98
2026-08-18 18:09:44,ROI_RESIZED,1,478,204,223,1102,485,9.98
2026-08-18 18:09:44,ROI_RESIZED,1,478,205,222,1102,485,10.06
2026-08-18 18:09:44,ROI_RESIZED,1,478,205,222,1102,485,10.06
2026-08-18 18:09:44,ROI_RESIZED,1,478,204,221,1102,485,10.06
2026-08-18 18:09:44,ROI_RESIZED,1,478,204,221,1102,485,10.06
2026-08-18 18:09:44,ROI_RESIZED,1,478,207,221,1102,485,10.06
2026-08-18 18:09:44,ROI_RESIZED,1,478,208,222,1102,485,10.06
2026-08-18 18:09:44,ROI_RESIZED,1,478,208,222,1102,485,10.06
2026-08-18 18:09:45,ROI_RESIZED,1,478,208,221,1102,485,10.06
2026-08-18 18:09:45,ROI_RESIZED,1,478,210,221,1102,485,10.06
2026-08-18 18:09:45,ROI_RESIZED,1,478,209,221,1102,485,10.06
2026-08-18 18:09:45,ROI_RESIZED,1,478,209,219,1102,485,10.06
2026-08-18 18:09:45,ROI_RESIZED,1,478,208,219,1102,485,10.01
2026-08-18 18:09:45,ROI_RESIZED,1,478,209,219,1102,485,10.01
2026-08-18 18:09:45,ROI_RESIZED,1,478,209,217,1102,485,10.01
2026-08-18 18:09:45,ROI_RESIZED,1,478,208,217,1102,485,10.01
2026-08-18 18:09:45,ROI_RESIZED,1,478,209,217,1102,485,10.01
2026-08-18 18:09:45,ROI_RESIZED,1,478,209,216,1102,485,10.01
2026-08-18 18:09:46,ROI_RESIZED,1,478,211,217,1102,485,10.01
2026-08-18 18:09:46,ROI_RESIZED,1,478,211,219,1102,485,10.01
2026-08-18 18:09:46,ROI_RESIZED,1,478,212,219,1102,485,10.01
2026-08-18 18:09:46,ROI_RESIZED,1,478,208,219,1102,485,10.01
2026-08-18 18:09:46,ROI_RESIZED,1,478,207,219,1102,485,10.01
2026-08-18 18:09:46,ROI_RESIZED,1,478,210,219,1102,485,10.12
2026-08-18 18:09:46,ROI_RESIZED,1,478,209,219,1102,485,10.12
2026-08-18 18:09:46,ROI_RESIZED,1,478,209,219,1102,485,10.12
2026-08-18 18:09:46,ROI_RESIZED,1,478,210,219,1102,485,10.12
2026-08-18 18:09:46,ROI_RESIZED,1,478,208,219,1102,485,10.12
2026-08-18 18:09:47,ROI_RESIZED,1,478,208,219,1102,485,10.12
2026-08-18 18:09:47,ROI_RESIZED,1,478,209,219,1102,485,10.12
2026-08-18 18:09:47,ROI_RESIZED,1,478,208,219,1102,485,10.12
2026-08-18 18:09:47,ROI_RESIZED,1,478,208,219,1102,485,10.12
2026-08-18 18:09:47,ROI_RESIZED,1,478,208,220,1102,485,10.12
2026-08-18 18:09:47,ROI_RESIZED,1,478,208,220,1102,485,9.86
2026-08-18 18:09:47,ROI_RESIZED,1,478,204,220,1102,485,9.86
2026-08-18 18:09:47,ROI_RESIZED,1,478,204,219,1102,485,9.86
2026-08-18 18:09:47,ROI_RESIZED,1,478,204,219,1102,485,9.86
2026-08-18 18:09:47,ROI_RESIZED,1,478,207,220,1102,485,9.86
2026-08-18 18:09:48,ROI_RESIZED,1,478,206,220,1102,485,9.86
2026-08-18 18:09:48,ROI_RESIZED,1,478,205,220,1102,485,9.86
2026-08-18 18:09:48,ROI_RESIZED,1,478,206,220,1102,485,9.86
2026-08-18 18:09:48,ROI_RESIZED,1,478,206,220,1102,485,9.86
2026-08-18 18:09:48,ROI_RESIZED,1,478,205,220,1102,485,9.86
2026-08-18 18:09:48,ROI_RESIZED,1,478,204,220,1102,485,9.86
2026-08-18 18:09:48,ROI_RESIZED,1,478,207,221,1102,485,10.17
2026-08-18 18:09:48,ROI_RESIZED,1,478,210,221,1102,485,10.17
2026-08-18 18:09:48,ROI_RESIZED,1,478,209,221,1102,485,10.17
2026-08-18 18:09:48,ROI_RESIZED,1,478,208,222,1102,485,10.17
2026-08-18 18:09:49,ROI_RESIZED,1,478,208,222,1102,485,10.17
2026-08-18 18:09:49,ROI_RESIZED,1,478,206,221,1102,485,10.17
2026-08-18 18:09:49,ROI_RESIZED,1,478,206,221,1102,485,10.17
2026-08-18 18:09:49,ROI_RESIZED,1,478,206,220,1102,485,10.17
2026-08-18 18:09:49,ROI_RESIZED,1,478,208,220,1102,485,10.17
2026-08-18 18:09:49,ROI_RESIZED,1,478,208,220,1102,485,10.17
2026-08-18 18:09:49,ROI_RESIZED,1,478,208,220,1102,485,9.87
2026-08-18 18:09:49,ROI_RESIZED,1,478,208,220,1102,485,9.87
2026-08-18 18:09:49,ROI_RESIZED,1,478,209,220,1102,485,9.87
2026-08-18 18:09:49,ROI_RESIZED,1,478,211,220,1102,485,9.87
2026-08-18 18:09:50,ROI_RESIZED,1,478,210,221,1102,485,9.87
2026-08-18 18:09:50,ROI_RESIZED,1,478,210,220,1102,485,9.87
2026-08-18 18:09:50,ROI_RESIZED,1,478,209,220,1102,485,9.87
2026-08-18 18:09:50,ROI_RESIZED,1,478,209,221,1102,485,9.87
2026-08-18 18:09:50,ROI_RESIZED,1,478,208,221,1102,485,9.87
2026-08-18 18:09:50,ROI_RESIZED,1,478,207,220,1102,485,9.87
2026-08-18 18:09:50,ROI_RESIZED,1,478,209,219,1102,485,9.87
2026-08-18 18:09:50,ROI_RESIZED,1,478,212,219,1102,485,10.16
2026-08-18 18:09:50,ROI_RESIZED,1,478,212,219,1102,485,10.16
2026-08-18 18:09:50,ROI_RESIZED,1,478,211,219,1102,485,10.16
2026-08-18 18:09:51,ROI_RESIZED,1,478,209,219,1102,485,10.16
2026-08-18 18:09:51,ROI_RESIZED,1,478,211,219,1102,485,10.16
2026-08-18 18:09:51,ROI_RESIZED,1,478,210,220,1102,485,10.16
2026-08-18 18:09:51,ROI_RESIZED,1,478,212,220,1102,485,10.16
2026-08-18 18:09:51,ROI_RESIZED,1,478,210,220,1102,485,10.16
2026-08-18 18:09:51,ROI_RESIZED,1,478,208,219,1102,485,10.16
2026-08-18 18:09:51,ROI_RESIZED,1,478,207,217,1102,485,10.16
2026-08-18 18:09:51,ROI_RESIZED,1,478,211,215,1102,485,9.86
2026-08-18 18:09:51,ROI_RESIZED,1,478,208,215,1102,485,9.86
2026-08-18 18:09:51,ROI_RESIZED,1,478,209,214,1102,485,9.86
2026-08-18 18:09:52,ROI_RESIZED,1,478,204,216,1102,485,9.86
2026-08-18 18:09:52,ROI_RESIZED,1,478,200,216,1102,485,9.86
2026-08-18 18:09:52,ROI_RESIZED,1,478,202,216,1102,485,9.86
2026-08-18 18:09:52,ROI_RESIZED,1,478,206,216,1102,485,9.86
2026-08-18 18:09:52,ROI_RESIZED,1,478,210,215,1102,485,9.86
2026-08-18 18:09:52,ROI_RESIZED,1,478,211,216,1102,485,9.86
2026-08-18 18:09:52,ROI_RESIZED,1,478,216,215,1102,485,9.86
2026-08-18 18:09:52,ROI_RESIZED,1,478,215,216,1102,485,9.86
2026-08-18 18:09:52,ROI_RESIZED,1,478,214,217,1102,485,10.19
2026-08-18 18:09:52,ROI_RESIZED,1,478,213,217,1102,485,10.19
2026-08-18 18:09:53,ROI_RESIZED,1,478,215,219,1102,485,10.19
2026-08-18 18:09:53,ROI_RESIZED,1,478,214,219,1102,485,10.19
2026-08-18 18:09:53,ROI_RESIZED,1,478,215,219,1102,485,10.19
2026-08-18 18:09:53,ROI_RESIZED,1,478,215,220,1102,485,10.19
2026-08-18 18:09:53,ROI_RESIZED,1,478,215,221,1102,485,10.19
2026-08-18 18:09:53,ROI_RESIZED,1,478,214,222,1102,485,10.19
2026-08-18 18:09:53,ROI_RESIZED,1,478,214,223,1102,485,10.19
2026-08-18 18:09:53,ROI_RESIZED,1,478,213,223,1102,485,10.19
2026-08-18 18:09:53,ROI_RESIZED,1,478,213,223,1102,485,10.19
2026-08-18 18:09:53,ROI_RESIZED,1,478,211,223,1102,485,9.96
2026-08-18 18:09:53,ROI_RESIZED,1,478,211,223,1102,485,9.96
2026-08-18 18:09:54,ROI_RESIZED,1,478,211,222,1102,485,9.96
2026-08-18 18:09:54,ROI_RESIZED,1,478,209,222,1102,485,9.96
2026-08-18 18:09:54,ROI_RESIZED,1,478,208,223,1102,485,9.96
2026-08-18 18:09:54,ROI_RESIZED,1,478,208,223,1102,485,9.96
2026-08-18 18:09:54,ROI_RESIZED,1,478,210,223,1102,485,9.96
2026-08-18 18:09:54,ROI_RESIZED,1,478,210,223,1102,485,9.96
2026-08-18 18:09:54,ROI_RESIZED,1,478,211,224,1102,485,9.96
2026-08-18 18:09:54,ROI_RESIZED,1,478,211,224,1102,485,9.96
2026-08-18 18:09:54,ROI_RESIZED,1,478,210,224,1102,485,9.96
2026-08-18 18:09:54,ROI_RESIZED,1,478,210,224,1102,485,10.12
2026-08-18 18:09:55,ROI_RESIZED,1,478,213,224,1102,485,10.12
2026-08-18 18:09:55,ROI_RESIZED,1,478,211,224,1102,485,10.12
2026-08-18 18:09:55,ROI_RESIZED,1,478,210,223,1102,485,10.12
2026-08-18 18:09:55,ROI_RESIZED,1,478,212,223,1102,485,10.12
2026-08-18 18:09:55,ROI_RESIZED,1,478,211,223,1102,485,10.12
2026-08-18 18:09:55,ROI_RESIZED,1,478,211,223,1102,485,10.12
2026-08-18 18:09:55,ROI_RESIZED,1,478,211,223,1102,485,10.12
2026-08-18 18:09:55,ROI_RESIZED,1,478,211,223,1102,485,10.12
2026-08-18 18:09:55,ROI_RESIZED,1,478,208,223,1102,485,10.12
2026-08-18 18:09:55,ROI_RESIZED,1,478,211,223,1102,485,9.91
2026-08-18 18:09:56,ROI_RESIZED,1,478,213,223,1102,485,9.91
2026-08-18 18:09:56,ROI_RESIZED,1,478,212,223,1102,485,9.91
2026-08-18 18:09:56,ROI_RESIZED,1,478,212,222,1102,485,9.91
2026-08-18 18:09:56,ROI_RESIZED,1,478,207,222,1102,485,9.91
2026-08-18 18:09:56,ROI_RESIZED,1,478,207,222,1102,485,9.91
2026-08-18 18:09:56,ROI_RESIZED,1,478,209,222,1102,485,9.91
2026-08-18 18:09:56,ROI_RESIZED,1,478,210,223,1102,485,9.91
2026-08-18 18:09:56,ROI_RESIZED,1,478,209,224,1102,485,9.91
2026-08-18 18:09:56,ROI_RESIZED,1,478,209,224,1102,485,9.91
2026-08-18 18:09:56,ROI_RESIZED,1,478,208,224,1102,485,9.91
2026-08-18 18:09:57,ROI_RESIZED,1,478,209,224,1102,485,10.13
2026-08-18 18:09:57,ROI_RESIZED,1,478,210,224,1102,485,10.13
2026-08-18 18:09:57,ROI_RESIZED,1,478,211,224,1102,485,10.13
2026-08-18 18:09:57,ROI_RESIZED,1,478,212,224,1102,485,10.13
2026-08-18 18:09:57,ROI_RESIZED,1,478,212,223,1102,485,10.13
2026-08-18 18:09:57,ROI_RESIZED,1,478,212,224,1102,485,10.13
2026-08-18 18:09:57,ROI_RESIZED,1,478,209,224,1102,485,10.13
2026-08-18 18:09:57,ROI_RESIZED,1,478,205,222,1102,485,10.13
2026-08-18 18:09:57,ROI_RESIZED,1,478,204,221,1102,485,10.13
2026-08-18 18:09:57,ROI_RESIZED,1,478,205,220,1102,485,10.13
2026-08-18 18:09:58,ROI_RESIZED,1,478,204,218,1102,485,9.93
2026-08-18 18:09:58,ROI_RESIZED,1,478,205,218,1102,485,9.93
2026-08-18 18:09:58,ROI_RESIZED,1,478,207,219,1102,485,9.93
2026-08-18 18:09:58,ROI_RESIZED,1,478,208,219,1102,485,9.93
2026-08-18 18:09:58,ROI_RESIZED,1,478,208,220,1102,485,9.93
2026-08-18 18:09:58,ROI_RESIZED,1,478,207,220,1102,485,9.93
2026-08-18 18:09:58,ROI_RESIZED,1,478,208,220,1102,485,9.93
2026-08-18 18:09:58,ROI_RESIZED,1,478,207,220,1102,485,9.93
2026-08-18 18:09:58,ROI_RESIZED,1,478,207,220,1102,485,9.93
2026-08-18 18:09:58,ROI_RESIZED,1,478,207,221,1102,485,9.93
2026-08-18 18:09:59,ROI_RESIZED,1,478,207,221,1102,485,9.93
2026-08-18 18:09:59,ROI_RESIZED,1,478,209,221,1102,485,10.1
2026-08-18 18:09:59,ROI_RESIZED,1,478,209,221,1102,485,10.1
2026-08-18 18:09:59,ROI_RESIZED,1,478,208,221,1102,485,10.1
2026-08-18 18:09:59,ROI_RESIZED,1,478,208,221,1102,485,10.1
2026-08-18 18:09:59,ROI_RESIZED,1,478,209,221,1102,485,10.1
2026-08-18 18:09:59,ROI_RESIZED,1,478,210,221,1102,485,10.1
2026-08-18 18:09:59,ROI_RESIZED,1,478,208,221,1102,485,10.1
2026-08-18 18:09:59,ROI_RESIZED,1,478,207,222,1102,485,10.1
2026-08-18 18:10:00,ROI_RESIZED,1,478,210,223,1102,485,10.1
2026-08-18 18:10:00,ROI_RESIZED,1,478,212,223,1102,485,10.1
2026-08-18 18:10:00,ROI_RESIZED,1,478,210,223,1102,485,9.88
2026-08-18 18:10:00,ROI_RESIZED,1,478,210,222,1102,485,9.88
2026-08-18 18:10:00,ROI_RESIZED,1,478,209,222,1102,485,9.88
2026-08-18 18:10:00,ROI_RESIZED,1,478,209,222,1102,485,9.88
2026-08-18 18:10:00,ROI_RESIZED,1,478,209,223,1102,485,9.88
2026-08-18 18:10:00,ROI_RESIZED,1,478,210,223,1102,485,9.88
2026-08-18 18:10:00,ROI_RESIZED,1,478,212,222,1102,485,9.88
2026-08-18 18:10:00,ROI_RESIZED,1,478,210,222,1102,485,9.88
2026-08-18 18:10:00,ROI_RESIZED,1,478,209,222,1102,485,9.88
2026-08-18 18:10:01,ROI_RESIZED,1,478,208,222,1102,485,9.88
2026-08-18 18:10:01,ROI_RESIZED,1,478,208,221,1102,485,9.88
2026-08-18 18:10:01,ROI_RESIZED,1,478,210,221,1102,485,10.09
2026-08-18 18:10:01,ROI_RESIZED,1,478,214,221,1102,485,10.09
2026-08-18 18:10:01,ROI_RESIZED,1,478,217,221,1102,485,10.09
2026-08-18 18:10:01,ROI_RESIZED,1,478,216,221,1102,485,10.09
2026-08-18 18:10:01,ROI_RESIZED,1,478,211,220,1102,485,10.09
2026-08-18 18:10:01,ROI_RESIZED,1,478,212,220,1102,485,10.09
2026-08-18 18:10:01,ROI_RESIZED,1,478,214,220,1102,485,10.09
2026-08-18 18:10:01,ROI_RESIZED,1,478,211,220,1102,485,10.09
2026-08-18 18:10:02,ROI_RESIZED,1,478,212,221,1102,485,10.09
2026-08-18 18:10:02,ROI_RESIZED,1,478,214,222,1102,485,10.09
2026-08-18 18:10:02,ROI_RESIZED,1,478,216,221,1102,485,10.09
2026-08-18 18:10:02,ROI_RESIZED,1,478,213,221,1102,485,9.93
2026-08-18 18:10:02,ROI_RESIZED,1,478,212,219,1102,485,9.93
2026-08-18 18:10:02,ROI_RESIZED,1,478,216,219,1102,485,9.93
2026-08-18 18:10:02,ROI_RESIZED,1,478,210,220,1102,485,9.93
2026-08-18 18:10:02,ROI_RESIZED,1,478,207,221,1102,485,9.93
2026-08-18 18:10:02,ROI_RESIZED,1,478,212,221,1102,485,9.93
2026-08-18 18:10:02,ROI_RESIZED,1,478,211,223,1102,485,9.93
2026-08-18 18:10:03,ROI_RESIZED,1,478,210,223,1102,485,9.93
2026-08-18 18:10:03,ROI_RESIZED,1,478,209,223,1102,485,9.93
2026-08-18 18:10:03,ROI_RESIZED,1,478,210,223,1102,485,9.93
2026-08-18 18:10:03,ROI_RESIZED,1,478,210,223,1102,485,9.93
2026-08-18 18:10:03,ROI_RESIZED,1,478,212,223,1102,485,10.17
2026-08-18 18:10:03,ROI_RESIZED,1,478,210,223,1102,485,10.17
2026-08-18 18:10:03,ROI_RESIZED,1,478,210,223,1102,485,10.17
2026-08-18 18:10:03,ROI_RESIZED,1,478,207,223,1102,485,10.17
2026-08-18 18:10:03,ROI_RESIZED,1,478,208,223,1102,485,10.17
2026-08-18 18:10:03,ROI_RESIZED,1,478,210,223,1102,485,10.17
2026-08-18 18:10:04,ROI_RESIZED,1,478,213,224,1102,485,10.17
2026-08-18 18:10:04,ROI_RESIZED,1,478,219,221,1102,485,10.17
2026-08-18 18:10:04,ROI_RESIZED,1,478,227,215,1102,485,10.17
2026-08-18 18:10:04,ROI_RESIZED,1,478,219,205,1102,485,10.17
2026-08-18 18:10:04,ROI_RESIZED,1,478,204,199,1102,485,9.98
2026-08-18 18:10:04,ROI_RESIZED,1,478,199,192,1102,485,9.98
2026-08-18 18:10:04,ROI_RESIZED,1,478,203,195,1102,485,9.98
2026-08-18 18:10:04,ROI_RESIZED,1,478,205,195,1102,485,9.98
2026-08-18 18:10:04,ROI_RESIZED,1,478,212,194,1102,485,9.98
2026-08-18 18:10:04,ROI_RESIZED,1,478,208,191,1102,485,9.98
2026-08-18 18:10:05,ROI_RESIZED,1,478,205,189,1102,485,9.98
2026-08-18 18:10:05,ROI_RESIZED,1,478,204,194,1102,485,9.98
2026-08-18 18:10:05,ROI_RESIZED,1,478,208,209,1102,485,9.98
2026-08-18 18:10:05,ROI_RESIZED,1,478,215,213,1102,485,9.98
2026-08-18 18:10:05,ROI_RESIZED,1,478,206,211,1102,485,9.99
2026-08-18 18:10:05,ROI_RESIZED,1,478,201,212,1102,485,9.99
2026-08-18 18:10:05,ROI_RESIZED,1,478,205,213,1102,485,9.99
2026-08-18 18:10:05,ROI_RESIZED,1,478,202,212,1102,485,9.99
2026-08-18 18:10:05,ROI_RESIZED,1,478,202,212,1102,485,9.99
2026-08-18 18:10:05,ROI_RESIZED,1,478,201,211,1102,485,9.99
2026-08-18 18:10:06,ROI_RESIZED,1,478,200,208,1102,485,9.99
2026-08-18 18:10:06,ROI_RESIZED,1,478,203,206,1102,485,9.99
2026-08-18 18:10:06,ROI_RESIZED,1,478,203,206,1102,485,9.99
2026-08-18 18:10:06,ROI_RESIZED,1,478,204,208,1102,485,9.99
2026-08-18 18:10:06,ROI_RESIZED,1,478,200,211,1102,485,9.99
2026-08-18 18:10:06,ROI_RESIZED,1,478,201,212,1102,485,9.96
2026-08-18 18:10:06,ROI_RESIZED,1,478,207,212,1102,485,9.96
2026-08-18 18:10:06,ROI_RESIZED,1,478,210,214,1102,485,9.96
2026-08-18 18:10:06,ROI_RESIZED,1,478,210,214,1102,485,9.96
2026-08-18 18:10:06,ROI_RESIZED,1,478,205,214,1102,485,9.96
2026-08-18 18:10:07,ROI_RESIZED,1,478,201,215,1102,485,9.96
2026-08-18 18:10:07,ROI_RESIZED,1,478,199,215,1102,485,9.96
2026-08-18 18:10:07,ROI_RESIZED,1,478,198,216,1102,485,9.96
2026-08-18 18:10:07,ROI_RESIZED,1,478,199,216,1102,485,9.96
2026-08-18 18:10:07,ROI_RESIZED,1,478,198,211,1102,485,9.96
2026-08-18 18:10:07,ROI_RESIZED,1,478,193,207,1102,485,9.96
2026-08-18 18:10:07,ROI_RESIZED,1,478,184,201,1102,485,10.17
2026-08-18 18:10:07,ROI_RESIZED,1,478,179,196,1102,485,10.17
2026-08-18 18:10:07,ROI_RESIZED,1,478,179,192,1102,485,10.17
2026-08-18 18:10:07,ROI_RESIZED,1,478,179,190,1102,485,10.17
2026-08-18 18:10:08,ROI_RESIZED,1,478,178,187,1102,485,10.17
2026-08-18 18:10:08,ROI_RESIZED,1,478,177,189,1102,485,10.17
2026-08-18 18:10:08,ROI_RESIZED,1,478,179,189,1102,485,10.17
2026-08-18 18:10:08,ROI_RESIZED,1,478,179,188,1102,485,10.17
2026-08-18 18:10:08,ROI_RESIZED,1,478,180,188,1102,485,10.17
2026-08-18 18:10:08,ROI_RESIZED,1,478,180,187,1102,485,10.17
2026-08-18 18:10:08,ROI_RESIZED,1,478,182,187,1102,485,9.91
2026-08-18 18:10:08,ROI_RESIZED,1,478,185,188,1102,485,9.91
2026-08-18 18:10:08,ROI_RESIZED,1,478,184,190,1102,485,9.91
2026-08-18 18:10:08,ROI_RESIZED,1,478,185,191,1102,485,9.91
2026-08-18 18:10:09,ROI_RESIZED,1,478,186,191,1102,485,9.91
2026-08-18 18:10:09,ROI_RESIZED,1,478,186,193,1102,485,9.91
2026-08-18 18:10:09,ROI_RESIZED,1,478,193,193,1102,485,9.91
2026-08-18 18:10:09,ROI_RESIZED,1,478,201,193,1102,485,9.91
2026-08-18 18:10:09,ROI_RESIZED,1,478,199,192,1102,485,9.91
2026-08-18 18:10:09,ROI_RESIZED,1,478,203,192,1102,485,9.91
2026-08-18 18:10:09,ROI_RESIZED,1,478,202,194,1102,485,9.91
2026-08-18 18:10:09,ROI_RESIZED,1,478,202,194,1102,485,10.08
2026-08-18 18:10:09,ROI_RESIZED,1,478,202,195,1102,485,10.08
2026-08-18 18:10:09,ROI_RESIZED,1,478,195,197,1102,485,10.08
2026-08-18 18:10:10,ROI_RESIZED,1,478,194,197,1102,485,10.08
2026-08-18 18:10:10,ROI_RESIZED,1,478,192,197,1102,485,10.08
2026-08-18 18:10:10,ROI_RESIZED,1,478,188,197,1102,485,10.08
2026-08-18 18:10:10,ROI_RESIZED,1,478,189,198,1102,485,10.08
2026-08-18 18:10:10,ROI_RESIZED,1,478,184,198,1102,485,10.08
2026-08-18 18:10:10,ROI_RESIZED,1,478,183,198,1102,485,10.08
2026-08-18 18:10:10,ROI_RESIZED,1,478,183,198,1102,485,10.08
2026-08-18 18:10:10,ROI_RESIZED,1,478,189,199,1102,485,10.08
2026-08-18 18:10:10,ROI_RESIZED,1,478,190,199,1102,485,10.0
2026-08-18 18:10:10,ROI_RESIZED,1,478,192,197,1102,485,10.0
2026-08-18 18:10:11,ROI_RESIZED,1,478,190,194,1102,485,10.0
2026-08-18 18:10:11,ROI_RESIZED,1,478,185,192,1102,485,10.0
2026-08-18 18:10:11,ROI_RESIZED,1,478,182,191,1102,485,10.0
2026-08-18 18:10:11,ROI_RESIZED,1,478,182,192,1102,485,10.0
2026-08-18 18:10:11,ROI_RESIZED,1,478,181,191,1102,485,10.0
2026-08-18 18:10:11,ROI_RESIZED,1,478,185,190,1102,485,10.0
2026-08-18 18:10:11,ROI_RESIZED,1,478,187,192,1102,485,10.0
2026-08-18 18:10:11,ROI_RESIZED,1,478,192,192,1102,485,10.0
2026-08-18 18:10:11,ROI_RESIZED,1,478,194,193,1102,485,10.0
2026-08-18 18:10:11,ROI_RESIZED,1,478,191,192,1102,485,10.1
2026-08-18 18:10:12,ROI_RESIZED,1,478,192,192,1102,485,10.1
2026-08-18 18:10:12,ROI_RESIZED,1,478,192,192,1102,485,10.1
2026-08-18 18:10:12,ROI_RESIZED,1,478,184,191,1102,485,10.1
2026-08-18 18:10:12,ROI_RESIZED,0,0,0,0,1102,485,10.1
2026-08-18 18:10:12,ROI_RESIZED,1,478,198,191,1102,485,10.1
2026-08-18 18:10:12,ROI_RESIZED,1,478,191,191,1102,485,10.1
2026-08-18 18:10:12,ROI_RESIZED,1,478,188,191,1102,485,10.1
2026-08-18 18:10:12,ROI_RESIZED,1,478,184,191,1102,485,10.1
2026-08-18 18:10:12,ROI_RESIZED,1,478,183,192,1102,485,10.1
2026-08-18 18:10:12,ROI_RESIZED,1,478,184,193,1102,485,9.93
2026-08-18 18:10:13,ROI_RESIZED,1,478,188,194,1102,485,9.93
2026-08-18 18:10:13,ROI_RESIZED,1,478,190,193,1102,485,9.93
2026-08-18 18:10:13,ROI_RESIZED,1,478,201,196,1102,485,9.93
2026-08-18 18:10:13,ROI_RESIZED,1,478,198,195,1102,485,9.93
2026-08-18 18:10:13,ROI_RESIZED,1,478,192,195,1102,485,9.93
2026-08-18 18:10:13,ROI_RESIZED,1,478,192,195,1102,485,9.93
2026-08-18 18:10:13,ROI_RESIZED,1,478,192,194,1102,485,9.93
2026-08-18 18:10:13,ROI_RESIZED,1,478,190,194,1102,485,9.93
2026-08-18 18:10:13,ROI_RESIZED,1,478,191,195,1102,485,9.93
2026-08-18 18:10:13,ROI_RESIZED,1,478,191,195,1102,485,9.93
2026-08-18 18:10:14,ROI_RESIZED,1,478,192,195,1102,485,10.11
2026-08-18 18:10:14,ROI_RESIZED,1,478,192,195,1102,485,10.11
2026-08-18 18:10:14,ROI_RESIZED,1,478,193,196,1102,485,10.11
2026-08-18 18:10:14,ROI_RESIZED,1,478,192,197,1102,485,10.11
2026-08-18 18:10:14,ROI_RESIZED,1,478,192,198,1102,485,10.11
2026-08-18 18:10:14,ROI_RESIZED,1,478,192,198,1102,485,10.11
2026-08-18 18:10:14,ROI_RESIZED,1,478,191,198,1102,485,10.11
2026-08-18 18:10:14,ROI_RESIZED,1,478,191,198,1102,485,10.11
2026-08-18 18:10:14,ROI_RESIZED,1,478,191,198,1102,485,10.11
2026-08-18 18:10:14,ROI_RESIZED,1,478,190,198,1102,485,10.11
2026-08-18 18:10:15,ROI_RESIZED,1,478,195,199,1102,485,9.9
2026-08-18 18:10:15,ROI_RESIZED,1,478,192,199,1102,485,9.9
2026-08-18 18:10:15,ROI_RESIZED,1,478,192,198,1102,485,9.9
2026-08-18 18:10:15,FULL_FRAME,1,478,284,284,1102,485,9.9
2026-08-18 18:10:15,FULL_FRAME,1,478,236,270,1102,485,9.9
2026-08-18 18:10:15,FULL_FRAME,1,478,223,214,1102,485,9.9
2026-08-18 18:10:15,FULL_FRAME,1,478,176,210,1102,485,9.9
2026-08-18 18:10:15,FULL_FRAME,1,478,169,206,1102,485,9.9
2026-08-18 18:10:15,FULL_FRAME,1,478,169,204,1102,485,9.9
2026-08-18 18:10:15,FULL_FRAME,1,478,169,204,1102,485,9.9
2026-08-18 18:10:16,FULL_FRAME,1,478,169,204,1102,485,9.9
2026-08-18 18:10:16,FULL_FRAME,1,478,168,202,1102,485,10.12
2026-08-18 18:10:16,FULL_FRAME,1,478,167,203,1102,485,10.12
2026-08-18 18:10:16,FULL_FRAME,1,478,167,202,1102,485,10.12
2026-08-18 18:10:16,FULL_FRAME,1,478,168,202,1102,485,10.12
2026-08-18 18:10:16,FULL_FRAME,1,478,167,201,1102,485,10.12
2026-08-18 18:10:16,FULL_FRAME,1,478,167,200,1102,485,10.12
2026-08-18 18:10:16,FULL_FRAME,1,478,164,199,1102,485,10.12
2026-08-18 18:10:16,FULL_FRAME,1,478,165,198,1102,485,10.12
2026-08-18 18:10:16,FULL_FRAME,1,478,168,196,1102,485,10.12
2026-08-18 18:10:17,FULL_FRAME,1,478,168,195,1102,485,10.12
2026-08-18 18:10:17,FULL_FRAME,1,478,173,195,1102,485,9.9
2026-08-18 18:10:17,FULL_FRAME,1,478,173,194,1102,485,9.9
2026-08-18 18:10:17,FULL_FRAME,1,478,172,195,1102,485,9.9
2026-08-18 18:10:17,FULL_FRAME,1,478,173,194,1102,485,9.9
2026-08-18 18:10:17,FULL_FRAME,1,478,171,194,1102,485,9.9
2026-08-18 18:10:17,FULL_FRAME,1,478,170,194,1102,485,9.9
2026-08-18 18:10:17,FULL_FRAME,1,478,170,195,1102,485,9.9
2026-08-18 18:10:17,FULL_FRAME,1,478,170,192,1102,485,9.9
2026-08-18 18:10:17,FULL_FRAME,1,478,171,191,1102,485,9.9
2026-08-18 18:10:18,FULL_FRAME,1,478,164,184,1102,485,9.9
2026-08-18 18:10:18,FULL_FRAME,1,478,158,181,1102,485,9.9
2026-08-18 18:10:18,FULL_FRAME,1,478,157,180,1102,485,10.08
2026-08-18 18:10:18,FULL_FRAME,1,478,156,180,1102,485,10.08
2026-08-18 18:10:18,FULL_FRAME,1,478,155,178,1102,485,10.08
2026-08-18 18:10:18,FULL_FRAME,1,478,153,178,1102,485,10.08
2026-08-18 18:10:18,FULL_FRAME,1,478,158,177,1102,485,10.08
2026-08-18 18:10:18,FULL_FRAME,1,478,157,177,1102,485,10.08
2026-08-18 18:10:18,FULL_FRAME,1,478,154,178,1102,485,10.08
2026-08-18 18:10:18,FULL_FRAME,1,478,156,179,1102,485,10.08
2026-08-18 18:10:19,FULL_FRAME,1,478,155,179,1102,485,10.08
2026-08-18 18:10:19,FULL_FRAME,1,478,157,182,1102,485,10.08
2026-08-18 18:10:19,FULL_FRAME,1,478,157,182,1102,485,10.08
2026-08-18 18:10:19,FULL_FRAME,1,478,158,184,1102,485,9.98
2026-08-18 18:10:19,FULL_FRAME,1,478,160,186,1102,485,9.98
2026-08-18 18:10:19,FULL_FRAME,1,478,163,186,1102,485,9.98
2026-08-18 18:10:19,FULL_FRAME,1,478,163,188,1102,485,9.98
2026-08-18 18:10:19,FULL_FRAME,1,478,167,190,1102,485,9.98
2026-08-18 18:10:19,FULL_FRAME,1,478,164,191,1102,485,9.98
2026-08-18 18:10:19,FULL_FRAME,1,478,164,191,1102,485,9.98
2026-08-18 18:10:20,FULL_FRAME,1,478,167,192,1102,485,9.98
2026-08-18 18:10:20,FULL_FRAME,1,478,159,192,1102,485,9.98
2026-08-18 18:10:20,FULL_FRAME,1,478,163,194,1102,485,9.98
2026-08-18 18:10:20,FULL_FRAME,1,478,162,194,1102,485,9.98
2026-08-18 18:10:20,FULL_FRAME,1,478,163,193,1102,485,10.13
2026-08-18 18:10:20,FULL_FRAME,1,478,163,192,1102,485,10.13
2026-08-18 18:10:20,FULL_FRAME,1,478,165,192,1102,485,10.13
2026-08-18 18:10:20,FULL_FRAME,1,478,167,192,1102,485,10.13
2026-08-18 18:10:20,FULL_FRAME,1,478,165,193,1102,485,10.13
2026-08-18 18:10:20,FULL_FRAME,1,478,164,194,1102,485,10.13
2026-08-18 18:10:21,FULL_FRAME,1,478,164,195,1102,485,10.13
2026-08-18 18:10:21,FULL_FRAME,1,478,165,195,1102,485,10.13
2026-08-18 18:10:21,FULL_FRAME,1,478,169,197,1102,485,10.13
2026-08-18 18:10:21,FULL_FRAME,1,478,169,198,1102,485,10.13
2026-08-18 18:10:21,FULL_FRAME,1,478,176,201,1102,485,9.87
2026-08-18 18:10:21,FULL_FRAME,1,478,182,204,1102,485,9.87
2026-08-18 18:10:21,FULL_FRAME,1,478,197,218,1102,485,9.87
2026-08-18 18:10:21,FULL_FRAME,1,478,175,193,1102,485,9.87
2026-08-18 18:10:21,FULL_FRAME,1,478,184,185,1102,485,9.87
2026-08-18 18:10:21,FULL_FRAME,1,478,189,188,1102,485,9.87
2026-08-18 18:10:22,FULL_FRAME,1,478,193,205,1102,485,9.87
2026-08-18 18:10:22,FULL_FRAME,1,478,198,217,1102,485,9.87
2026-08-18 18:10:22,FULL_FRAME,1,478,203,224,1102,485,9.87
2026-08-18 18:10:22,FULL_FRAME,1,478,207,237,1102,485,9.87
2026-08-18 18:10:22,FULL_FRAME,1,478,220,245,1102,485,9.87
2026-08-18 18:10:22,FULL_FRAME,1,478,228,247,1102,485,10.15
2026-08-18 18:10:22,FULL_FRAME,1,478,227,259,1102,485,10.15
2026-08-18 18:10:22,FULL_FRAME,1,478,230,266,1102,485,10.15
2026-08-18 18:10:22,FULL_FRAME,1,478,236,270,1102,485,10.15
2026-08-18 18:10:22,FULL_FRAME,1,478,238,279,1102,485,10.15
2026-08-18 18:10:23,FULL_FRAME,1,478,247,288,1102,485,10.15
2026-08-18 18:10:23,FULL_FRAME,1,478,254,304,1102,485,10.15
2026-08-18 18:10:23,FULL_FRAME,1,478,273,321,1102,485,10.15
2026-08-18 18:10:23,FULL_FRAME,1,478,290,342,1102,485,10.15
2026-08-18 18:10:23,FULL_FRAME,1,478,309,360,1102,485,10.15
2026-08-18 18:10:23,FULL_FRAME,1,478,309,356,1102,485,9.91
2026-08-18 18:10:23,FULL_FRAME,1,478,350,357,1102,485,9.91
2026-08-18 18:10:23,FULL_FRAME,1,478,345,335,1102,485,9.91
2026-08-18 18:10:23,FULL_FRAME,0,0,0,0,1102,485,9.91
2026-08-18 18:10:23,FULL_FRAME,0,0,0,0,1102,485,9.91
2026-08-18 18:10:24,FULL_FRAME,0,0,0,0,1102,485,9.91
2026-08-18 18:10:24,FULL_FRAME,1,478,325,363,1102,485,9.91
2026-08-18 18:10:24,FULL_FRAME,1,478,280,340,1102,485,9.91
2026-08-18 18:10:24,FULL_FRAME,1,478,245,306,1102,485,9.91
2026-08-18 18:10:24,FULL_FRAME,1,478,232,276,1102,485,9.91
2026-08-18 18:10:24,FULL_FRAME,1,478,214,253,1102,485,9.91
2026-08-18 18:10:24,FULL_FRAME,1,478,199,235,1102,485,10.14
2026-08-18 18:10:24,FULL_FRAME,1,478,193,226,1102,485,10.14
2026-08-18 18:10:24,FULL_FRAME,1,478,193,220,1102,485,10.14
2026-08-18 18:10:24,FULL_FRAME,1,478,180,215,1102,485,10.14
2026-08-18 18:10:25,FULL_FRAME,1,478,188,215,1102,485,10.14
2026-08-18 18:10:25,FULL_FRAME,1,478,190,218,1102,485,10.14
2026-08-18 18:10:25,FULL_FRAME,1,478,194,227,1102,485,10.14
2026-08-18 18:10:25,FULL_FRAME,1,478,224,243,1102,485,10.14
2026-08-18 18:10:25,FULL_FRAME,1,478,246,273,1102,485,10.14
2026-08-18 18:10:25,FULL_FRAME,1,478,268,310,1102,485,10.14
2026-08-18 18:10:25,FULL_FRAME,1,478,285,331,1102,485,9.89
2026-08-18 18:10:25,FULL_FRAME,0,0,0,0,1102,485,9.89
2026-08-18 18:10:25,FULL_FRAME,1,478,289,353,1102,485,9.89
2026-08-18 18:10:25,FULL_FRAME,1,478,257,325,1102,485,9.89
2026-08-18 18:10:26,FULL_FRAME,1,478,240,293,1102,485,9.89
2026-08-18 18:10:26,FULL_FRAME,0,0,0,0,1102,485,9.89
2026-08-18 18:10:26,FULL_FRAME,1,478,181,213,1102,485,9.89
2026-08-18 18:10:26,FULL_FRAME,1,478,174,204,1102,485,9.89
2026-08-18 18:10:26,FULL_FRAME,1,478,179,196,1102,485,9.89
2026-08-18 18:10:26,FULL_FRAME,1,478,167,187,1102,485,9.89
2026-08-18 18:10:26,FULL_FRAME,1,478,165,183,1102,485,9.89
2026-08-18 18:10:26,FULL_FRAME,1,478,157,179,1102,485,10.14
2026-08-18 18:10:26,FULL_FRAME,0,0,0,0,1102,485,10.14
2026-08-18 18:10:26,FULL_FRAME,0,0,0,0,1102,485,10.14
2026-08-18 18:10:27,FULL_FRAME,0,0,0,0,1102,485,10.14
2026-08-18 18:10:27,FULL_FRAME,0,0,0,0,1102,485,10.14
2026-08-18 18:10:27,FULL_FRAME,0,0,0,0,1102,485,10.14
2026-08-18 18:10:27,FULL_FRAME,0,0,0,0,1102,485,10.14
2026-08-18 18:10:27,FULL_FRAME,0,0,0,0,1102,485,10.14
2026-08-18 18:10:27,FULL_FRAME,0,0,0,0,1102,485,10.14
2026-08-18 18:10:27,FULL_FRAME,0,0,0,0,1102,485,10.14
2026-08-18 18:10:27,FULL_FRAME,0,0,0,0,1102,485,10.14
2026-08-18 18:10:27,FULL_FRAME,0,0,0,0,1102,485,9.96
2026-08-18 18:10:27,FULL_FRAME,1,478,165,176,1102,485,9.96
2026-08-18 18:10:28,FULL_FRAME,1,478,159,171,1102,485,9.96
2026-08-18 18:10:28,FULL_FRAME,1,478,161,169,1102,485,9.96
2026-08-18 18:10:28,FULL_FRAME,1,478,156,170,1102,485,9.96
2026-08-18 18:10:28,FULL_FRAME,1,478,158,171,1102,485,9.96
2026-08-18 18:10:28,FULL_FRAME,1,478,155,173,1102,485,9.96
2026-08-18 18:10:28,FULL_FRAME,1,478,153,173,1102,485,9.96
2026-08-18 18:10:28,FULL_FRAME,1,478,155,173,1102,485,9.96
2026-08-18 18:10:28,FULL_FRAME,1,478,155,173,1102,485,9.96
2026-08-18 18:10:28,FULL_FRAME,1,478,156,173,1102,485,9.96
2026-08-18 18:10:28,FULL_FRAME,1,478,155,173,1102,485,10.11
2026-08-18 18:10:29,FULL_FRAME,1,478,156,172,1102,485,10.11
2026-08-18 18:10:29,FULL_FRAME,1,478,152,172,1102,485,10.11
2026-08-18 18:10:29,FULL_FRAME,1,478,147,171,1102,485,10.11
2026-08-18 18:10:29,FULL_FRAME,1,478,142,171,1102,485,10.11
2026-08-18 18:10:29,FULL_FRAME,1,478,143,171,1102,485,10.11
2026-08-18 18:10:29,FULL_FRAME,1,478,145,172,1102,485,10.11
2026-08-18 18:10:29,FULL_FRAME,1,478,152,170,1102,485,10.11
2026-08-18 18:10:29,FULL_FRAME,1,478,154,169,1102,485,10.11
2026-08-18 18:10:29,FULL_FRAME,1,478,152,166,1102,485,10.11
2026-08-18 18:10:29,FULL_FRAME,1,478,148,163,1102,485,9.92
2026-08-18 18:10:30,FULL_FRAME,1,478,136,160,1102,485,9.92
2026-08-18 18:10:30,FULL_FRAME,1,478,136,159,1102,485,9.92
2026-08-18 18:10:30,FULL_FRAME,1,478,140,158,1102,485,9.92
2026-08-18 18:10:30,FULL_FRAME,1,478,136,158,1102,485,9.92
2026-08-18 18:10:30,FULL_FRAME,1,478,135,160,1102,485,9.92
2026-08-18 18:10:30,FULL_FRAME,1,478,135,157,1102,485,9.92
2026-08-18 18:10:30,FULL_FRAME,1,478,138,156,1102,485,9.92
2026-08-18 18:10:30,FULL_FRAME,1,478,144,157,1102,485,9.92
2026-08-18 18:10:30,FULL_FRAME,1,478,143,158,1102,485,9.92
2026-08-18 18:10:30,FULL_FRAME,1,478,140,158,1102,485,9.92
2026-08-18 18:10:31,FULL_FRAME,1,478,145,159,1102,485,10.11
2026-08-18 18:10:31,FULL_FRAME,1,478,145,160,1102,485,10.11
2026-08-18 18:10:31,FULL_FRAME,1,478,140,160,1102,485,10.11
2026-08-18 18:10:31,FULL_FRAME,1,478,141,160,1102,485,10.11
2026-08-18 18:10:31,FULL_FRAME,1,478,144,160,1102,485,10.11
2026-08-18 18:10:31,FULL_FRAME,1,478,143,160,1102,485,10.11
2026-08-18 18:10:31,FULL_FRAME,1,478,142,159,1102,485,10.11
2026-08-18 18:10:31,FULL_FRAME,1,478,142,159,1102,485,10.11
2026-08-18 18:10:31,FULL_FRAME,1,478,137,158,1102,485,10.11
2026-08-18 18:10:31,FULL_FRAME,1,478,137,158,1102,485,10.11
2026-08-18 18:10:32,FULL_FRAME,1,478,135,158,1102,485,9.93
2026-08-18 18:10:32,FULL_FRAME,1,478,132,158,1102,485,9.93
2026-08-18 18:10:32,FULL_FRAME,1,478,133,158,1102,485,9.93
2026-08-18 18:10:32,FULL_FRAME,1,478,135,157,1102,485,9.93
2026-08-18 18:10:32,FULL_FRAME,1,478,136,158,1102,485,9.93
2026-08-18 18:10:32,FULL_FRAME,1,478,136,158,1102,485,9.93
2026-08-18 18:10:32,FULL_FRAME,1,478,136,159,1102,485,9.93
2026-08-18 18:10:32,FULL_FRAME,1,478,140,159,1102,485,9.93
2026-08-18 18:10:32,FULL_FRAME,1,478,141,159,1102,485,9.93
2026-08-18 18:10:32,FULL_FRAME,1,478,138,159,1102,485,9.93
2026-08-18 18:10:33,FULL_FRAME,1,478,139,158,1102,485,9.93
2026-08-18 18:10:33,FULL_FRAME,1,478,137,158,1102,485,10.07
2026-08-18 18:10:33,FULL_FRAME,1,478,139,158,1102,485,10.07
2026-08-18 18:10:33,FULL_FRAME,1,478,139,159,1102,485,10.07
2026-08-18 18:10:33,FULL_FRAME,1,478,137,159,1102,485,10.07
2026-08-18 18:10:33,FULL_FRAME,1,478,137,158,1102,485,10.07
2026-08-18 18:10:33,FULL_FRAME,1,478,135,157,1102,485,10.07
2026-08-18 18:10:33,FULL_FRAME,1,478,136,157,1102,485,10.07
2026-08-18 18:10:33,FULL_FRAME,1,478,135,157,1102,485,10.07
2026-08-18 18:10:33,FULL_FRAME,1,478,135,157,1102,485,10.07
2026-08-18 18:10:33,FULL_FRAME,1,478,135,156,1102,485,10.07
2026-08-18 18:10:34,FULL_FRAME,1,478,137,157,1102,485,9.96
2026-08-18 18:10:34,FULL_FRAME,1,478,137,157,1102,485,9.96
2026-08-18 18:10:34,FULL_FRAME,1,478,136,158,1102,485,9.96
2026-08-18 18:10:34,FULL_FRAME,1,478,138,158,1102,485,9.96
2026-08-18 18:10:34,FULL_FRAME,1,478,138,158,1102,485,9.96
2026-08-18 18:10:34,FULL_FRAME,1,478,135,158,1102,485,9.96
2026-08-18 18:10:34,FULL_FRAME,1,478,136,158,1102,485,9.96
2026-08-18 18:10:34,FULL_FRAME,1,478,138,159,1102,485,9.96
2026-08-18 18:10:34,FULL_FRAME,1,478,135,159,1102,485,9.96
2026-08-18 18:10:35,FULL_FRAME,1,478,136,157,1102,485,9.96
2026-08-18 18:10:35,FULL_FRAME,1,478,132,154,1102,485,9.96
2026-08-18 18:10:35,FULL_FRAME,1,478,133,153,1102,485,10.07
2026-08-18 18:10:35,FULL_FRAME,1,478,136,152,1102,485,10.07
2026-08-18 18:10:35,FULL_FRAME,1,478,137,151,1102,485,10.07
2026-08-18 18:10:35,FULL_FRAME,1,478,136,150,1102,485,10.07
2026-08-18 18:10:35,FULL_FRAME,1,478,133,148,1102,485,10.07
2026-08-18 18:10:35,FULL_FRAME,1,478,131,147,1102,485,10.07
2026-08-18 18:10:35,FULL_FRAME,1,478,131,148,1102,485,10.07
2026-08-18 18:10:35,FULL_FRAME,1,478,133,148,1102,485,10.07
2026-08-18 18:10:36,FULL_FRAME,1,478,135,148,1102,485,10.07
2026-08-18 18:10:36,FULL_FRAME,1,478,131,149,1102,485,10.07
2026-08-18 18:10:36,FULL_FRAME,1,478,129,149,1102,485,10.07
2026-08-18 18:10:36,FULL_FRAME,1,478,130,150,1102,485,9.99
2026-08-18 18:10:36,FULL_FRAME,1,478,127,149,1102,485,9.99
2026-08-18 18:10:36,FULL_FRAME,1,478,128,148,1102,485,9.99
2026-08-18 18:10:36,FULL_FRAME,1,478,128,148,1102,485,9.99
2026-08-18 18:10:36,FULL_FRAME,1,478,125,146,1102,485,9.99
2026-08-18 18:10:36,FULL_FRAME,1,478,125,144,1102,485,9.99
2026-08-18 18:10:36,FULL_FRAME,1,478,127,143,1102,485,9.99
2026-08-18 18:10:36,FULL_FRAME,1,478,125,143,1102,485,9.99
2026-08-18 18:10:37,FULL_FRAME,1,478,123,141,1102,485,9.99
2026-08-18 18:10:37,FULL_FRAME,1,478,122,141,1102,485,9.99
2026-08-18 18:10:37,FULL_FRAME,1,478,124,142,1102,485,9.99
2026-08-18 18:10:37,FULL_FRAME,1,478,124,140,1102,485,10.15
2026-08-18 18:10:37,FULL_FRAME,1,478,122,139,1102,485,10.15
2026-08-18 18:10:37,FULL_FRAME,1,478,123,139,1102,485,10.15
2026-08-18 18:10:37,FULL_FRAME,1,478,125,139,1102,485,10.15
2026-08-18 18:10:37,FULL_FRAME,1,478,126,140,1102,485,10.15
2026-08-18 18:10:37,FULL_FRAME,1,478,123,139,1102,485,10.15
2026-08-18 18:10:37,FULL_FRAME,1,478,124,140,1102,485,10.15
2026-08-18 18:10:38,FULL_FRAME,1,478,123,141,1102,485,10.15
2026-08-18 18:10:38,FULL_FRAME,1,478,123,142,1102,485,10.15
2026-08-18 18:10:38,FULL_FRAME,1,478,122,142,1102,485,10.15
2026-08-18 18:10:38,FULL_FRAME,1,478,126,143,1102,485,9.84
2026-08-18 18:10:38,FULL_FRAME,1,478,125,142,1102,485,9.84
2026-08-18 18:10:38,FULL_FRAME,1,478,126,142,1102,485,9.84
2026-08-18 18:10:38,FULL_FRAME,1,478,126,142,1102,485,9.84
2026-08-18 18:10:38,FULL_FRAME,1,478,128,142,1102,485,9.84
2026-08-18 18:10:38,FULL_FRAME,1,478,128,143,1102,485,9.84
2026-08-18 18:10:38,FULL_FRAME,1,478,126,143,1102,485,9.84
2026-08-18 18:10:39,FULL_FRAME,1,478,123,142,1102,485,9.84
2026-08-18 18:10:39,FULL_FRAME,1,478,122,140,1102,485,9.84
2026-08-18 18:10:39,FULL_FRAME,1,478,123,141,1102,485,9.84
2026-08-18 18:10:39,FULL_FRAME,1,478,125,142,1102,485,9.84
2026-08-18 18:10:39,FULL_FRAME,1,478,126,142,1102,485,10.17
2026-08-18 18:10:39,FULL_FRAME,1,478,125,142,1102,485,10.17
2026-08-18 18:10:39,FULL_FRAME,1,478,120,141,1102,485,10.17
2026-08-18 18:10:39,FULL_FRAME,1,478,119,140,1102,485,10.17
2026-08-18 18:10:39,FULL_FRAME,1,478,119,139,1102,485,10.17
2026-08-18 18:10:39,FULL_FRAME,1,478,119,139,1102,485,10.17
2026-08-18 18:10:40,FULL_FRAME,1,478,119,139,1102,485,10.17
2026-08-18 18:10:40,FULL_FRAME,1,478,123,140,1102,485,10.17
2026-08-18 18:10:40,FULL_FRAME,1,478,123,141,1102,485,10.17
2026-08-18 18:10:40,FULL_FRAME,1,478,127,142,1102,485,10.17
2026-08-18 18:10:40,FULL_FRAME,1,478,125,140,1102,485,9.88
2026-08-18 18:10:40,FULL_FRAME,1,478,125,140,1102,485,9.88
2026-08-18 18:10:40,FULL_FRAME,1,478,121,141,1102,485,9.88
2026-08-18 18:10:40,FULL_FRAME,1,478,121,141,1102,485,9.88
2026-08-18 18:10:40,FULL_FRAME,1,478,123,142,1102,485,9.88
2026-08-18 18:10:40,FULL_FRAME,1,478,122,141,1102,485,9.88
2026-08-18 18:10:41,FULL_FRAME,1,478,121,141,1102,485,9.88
2026-08-18 18:10:41,FULL_FRAME,1,478,124,141,1102,485,9.88
2026-08-18 18:10:41,FULL_FRAME,1,478,123,141,1102,485,9.88
2026-08-18 18:10:41,FULL_FRAME,1,478,121,141,1102,485,9.88
2026-08-18 18:10:41,FULL_FRAME,1,478,120,141,1102,485,9.88
2026-08-18 18:10:41,FULL_FRAME,1,478,123,141,1102,485,10.2
2026-08-18 18:10:41,FULL_FRAME,1,478,122,141,1102,485,10.2
2026-08-18 18:10:41,FULL_FRAME,1,478,120,141,1102,485,10.2
2026-08-18 18:10:41,FULL_FRAME,1,478,122,141,1102,485,10.2
2026-08-18 18:10:41,FULL_FRAME,1,478,119,140,1102,485,10.2
2026-08-18 18:10:42,FULL_FRAME,1,478,122,141,1102,485,10.2
2026-08-18 18:10:42,FULL_FRAME,1,478,129,140,1102,485,10.2
2026-08-18 18:10:42,FULL_FRAME,1,478,133,135,1102,485,10.2
2026-08-18 18:10:42,FULL_FRAME,1,478,114,113,1102,485,10.2
2026-08-18 18:10:42,FULL_FRAME,0,0,0,0,1102,485,10.2
2026-08-18 18:10:42,FULL_FRAME,1,478,193,206,1102,485,9.83
2026-08-18 18:10:42,FULL_FRAME,1,478,184,207,1102,485,9.83
2026-08-18 18:10:42,FULL_FRAME,0,0,0,0,1102,485,9.83
2026-08-18 18:10:42,FULL_FRAME,1,478,225,268,1102,485,9.83
2026-08-18 18:10:42,FULL_FRAME,0,0,0,0,1102,485,9.83
2026-08-18 18:10:43,FULL_FRAME,0,0,0,0,1102,485,9.83
2026-08-18 18:10:43,FULL_FRAME,0,0,0,0,1102,485,9.83
2026-08-18 18:10:43,FULL_FRAME,0,0,0,0,1102,485,9.83
2026-08-18 18:10:43,FULL_FRAME,0,0,0,0,1102,485,9.83
2026-08-18 18:10:43,FULL_FRAME,0,0,0,0,1102,485,9.83
2026-08-18 18:10:43,FULL_FRAME,0,0,0,0,1102,485,9.83
2026-08-18 18:10:43,FULL_FRAME,0,0,0,0,1102,485,10.15
2026-08-18 18:10:43,FULL_FRAME,0,0,0,0,1102,485,10.15
2026-08-18 18:10:43,FULL_FRAME,0,0,0,0,1102,485,10.15
2026-08-18 18:10:43,FULL_FRAME,0,0,0,0,1102,485,10.15
2026-08-18 18:10:44,FULL_FRAME,0,0,0,0,1102,485,10.15
2026-08-18 18:10:44,FULL_FRAME,0,0,0,0,1102,485,10.15
2026-08-18 18:10:44,FULL_FRAME,0,0,0,0,1102,485,10.15
2026-08-18 18:10:44,FULL_FRAME,0,0,0,0,1102,485,10.15
2026-08-18 18:10:44,FULL_FRAME,1,478,279,312,1102,485,10.15
2026-08-18 18:10:44,FULL_FRAME,1,478,260,303,1102,485,10.15
2026-08-18 18:10:44,FULL_FRAME,1,478,241,286,1102,485,10.15
2026-08-18 18:10:44,FULL_FRAME,1,478,224,272,1102,485,9.96
2026-08-18 18:10:44,FULL_FRAME,1,478,221,265,1102,485,9.96
2026-08-18 18:10:44,FULL_FRAME,1,478,224,258,1102,485,9.96
2026-08-18 18:10:45,FULL_FRAME,1,478,224,251,1102,485,9.96
2026-08-18 18:10:45,FULL_FRAME,1,478,225,248,1102,485,9.96
2026-08-18 18:10:45,FULL_FRAME,1,478,236,249,1102,485,9.96
2026-08-18 18:10:45,FULL_FRAME,1,478,239,259,1102,485,9.96
2026-08-18 18:10:45,FULL_FRAME,1,478,237,269,1102,485,9.96
2026-08-18 18:10:45,FULL_FRAME,1,478,243,282,1102,485,9.96
2026-08-18 18:10:45,FULL_FRAME,1,478,237,293,1102,485,9.96
2026-08-18 18:10:45,FULL_FRAME,1,478,241,302,1102,485,9.96
2026-08-18 18:10:45,FULL_FRAME,1,478,258,306,1102,485,10.15
2026-08-18 18:10:45,FULL_FRAME,1,478,263,311,1102,485,10.15
2026-08-18 18:10:46,FULL_FRAME,1,478,261,319,1102,485,10.15
2026-08-18 18:10:46,FULL_FRAME,1,478,267,323,1102,485,10.15
2026-08-18 18:10:46,FULL_FRAME,1,478,270,328,1102,485,10.15
2026-08-18 18:10:46,FULL_FRAME,1,478,269,332,1102,485,10.15
2026-08-18 18:10:46,FULL_FRAME,1,478,269,334,1102,485,10.15
2026-08-18 18:10:46,FULL_FRAME,1,478,272,334,1102,485,10.15
2026-08-18 18:10:46,FULL_FRAME,1,478,269,333,1102,485,10.15
2026-08-18 18:10:46,FULL_FRAME,1,478,270,335,1102,485,10.15
2026-08-18 18:10:46,FULL_FRAME,1,478,267,335,1102,485,9.87
2026-08-18 18:10:46,FULL_FRAME,1,478,270,335,1102,485,9.87
2026-08-18 18:10:47,FULL_FRAME,1,478,270,334,1102,485,9.87
2026-08-18 18:10:47,FULL_FRAME,1,478,269,336,1102,485,9.87
2026-08-18 18:10:47,FULL_FRAME,1,478,271,336,1102,485,9.87
2026-08-18 18:10:47,FULL_FRAME,1,478,275,336,1102,485,9.87
2026-08-18 18:10:47,FULL_FRAME,1,478,277,336,1102,485,9.87
2026-08-18 18:10:47,FULL_FRAME,1,478,276,337,1102,485,9.87
2026-08-18 18:10:47,FULL_FRAME,1,478,274,336,1102,485,9.87
2026-08-18 18:10:47,FULL_FRAME,1,478,272,336,1102,485,9.87
2026-08-18 18:10:47,FULL_FRAME,1,478,271,335,1102,485,9.87
2026-08-18 18:10:47,FULL_FRAME,1,478,271,333,1102,485,10.13
2026-08-18 18:10:48,FULL_FRAME,1,478,274,331,1102,485,10.13
2026-08-18 18:10:48,FULL_FRAME,1,478,272,326,1102,485,10.13
2026-08-18 18:10:48,FULL_FRAME,1,478,268,322,1102,485,10.13
2026-08-18 18:10:48,FULL_FRAME,1,478,265,318,1102,485,10.13
2026-08-18 18:10:48,FULL_FRAME,1,478,261,317,1102,485,10.13
2026-08-18 18:10:48,FULL_FRAME,1,478,260,316,1102,485,10.13
2026-08-18 18:10:48,FULL_FRAME,1,478,265,317,1102,485,10.13
2026-08-18 18:10:48,FULL_FRAME,1,478,268,316,1102,485,10.13
2026-08-18 18:10:48,FULL_FRAME,1,478,264,315,1102,485,10.13
2026-08-18 18:10:48,FULL_FRAME,1,478,272,317,1102,485,9.91
2026-08-18 18:10:49,FULL_FRAME,1,478,271,311,1102,485,9.91
2026-08-18 18:10:49,FULL_FRAME,1,478,276,308,1102,485,9.91
2026-08-18 18:10:49,FULL_FRAME,1,478,275,310,1102,485,9.91
2026-08-18 18:10:49,FULL_FRAME,1,478,273,312,1102,485,9.91
2026-08-18 18:10:49,FULL_FRAME,1,478,274,304,1102,485,9.91
2026-08-18 18:10:49,FULL_FRAME,1,478,264,306,1102,485,9.91
2026-08-18 18:10:49,FULL_FRAME,1,478,251,307,1102,485,9.91
2026-08-18 18:10:49,FULL_FRAME,1,478,251,306,1102,485,9.91
2026-08-18 18:10:49,FULL_FRAME,1,478,253,302,1102,485,9.91
2026-08-18 18:10:49,FULL_FRAME,1,478,253,297,1102,485,9.91
2026-08-18 18:10:50,FULL_FRAME,1,478,252,290,1102,485,10.08
2026-08-18 18:10:50,FULL_FRAME,1,478,234,284,1102,485,10.08
2026-08-18 18:10:50,FULL_FRAME,1,478,237,275,1102,485,10.08
2026-08-18 18:10:50,FULL_FRAME,1,478,235,265,1102,485,10.08
2026-08-18 18:10:50,FULL_FRAME,1,478,234,265,1102,485,10.08
2026-08-18 18:10:50,FULL_FRAME,1,478,248,271,1102,485,10.08
2026-08-18 18:10:50,FULL_FRAME,1,478,307,294,1102,485,10.08
2026-08-18 18:10:50,FULL_FRAME,1,478,357,330,1102,485,10.08
2026-08-18 18:10:50,FULL_FRAME,1,478,390,340,1102,485,10.08
2026-08-18 18:10:50,FULL_FRAME,0,0,0,0,1102,485,10.08
2026-08-18 18:10:51,FULL_FRAME,0,0,0,0,1102,485,9.97
2026-08-18 18:10:51,FULL_FRAME,0,0,0,0,1102,485,9.97
2026-08-18 18:10:51,FULL_FRAME,0,0,0,0,1102,485,9.97
2026-08-18 18:10:51,FULL_FRAME,0,0,0,0,1102,485,9.97
2026-08-18 18:10:51,FULL_FRAME,1,478,391,445,1102,485,9.97
2026-08-18 18:10:51,FULL_FRAME,1,478,362,409,1102,485,9.97
2026-08-18 18:10:51,FULL_FRAME,1,478,325,371,1102,485,9.97
2026-08-18 18:10:51,FULL_FRAME,1,478,273,334,1102,485,9.97
2026-08-18 18:10:51,FULL_FRAME,1,478,265,308,1102,485,9.97
2026-08-18 18:10:51,FULL_FRAME,1,478,248,290,1102,485,9.97
2026-08-18 18:10:52,FULL_FRAME,1,478,231,278,1102,485,9.97
2026-08-18 18:10:52,FULL_FRAME,1,478,230,274,1102,485,10.07
2026-08-18 18:10:52,FULL_FRAME,1,478,240,277,1102,485,10.07
2026-08-18 18:10:52,FULL_FRAME,1,478,237,277,1102,485,10.07
2026-08-18 18:10:52,FULL_FRAME,1,478,245,281,1102,485,10.07
2026-08-18 18:10:52,FULL_FRAME,1,478,242,266,1102,485,10.07
2026-08-18 18:10:52,FULL_FRAME,1,478,220,252,1102,485,10.07
2026-08-18 18:10:52,FULL_FRAME,1,478,209,247,1102,485,10.07
2026-08-18 18:10:52,FULL_FRAME,1,478,204,242,1102,485,10.07
2026-08-18 18:10:52,FULL_FRAME,1,478,207,239,1102,485,10.07
2026-08-18 18:10:53,FULL_FRAME,1,478,205,238,1102,485,10.07
2026-08-18 18:10:53,FULL_FRAME,1,478,210,242,1102,485,10.07
2026-08-18 18:10:53,FULL_FRAME,1,478,224,245,1102,485,9.97
2026-08-18 18:10:53,FULL_FRAME,1,478,236,246,1102,485,9.97
2026-08-18 18:10:53,FULL_FRAME,1,478,223,245,1102,485,9.97
2026-08-18 18:10:53,FULL_FRAME,1,478,216,244,1102,485,9.97
2026-08-18 18:10:53,FULL_FRAME,1,478,212,244,1102,485,9.97
2026-08-18 18:10:53,FULL_FRAME,1,478,211,244,1102,485,9.97
2026-08-18 18:10:53,FULL_FRAME,1,478,208,244,1102,485,9.97
2026-08-18 18:10:53,FULL_FRAME,1,478,207,245,1102,485,9.97
2026-08-18 18:10:54,FULL_FRAME,1,478,211,244,1102,485,9.97
2026-08-18 18:10:54,FULL_FRAME,1,478,210,246,1102,485,9.97
2026-08-18 18:10:54,FULL_FRAME,1,478,214,247,1102,485,9.97
2026-08-18 18:10:54,FULL_FRAME,1,478,213,247,1102,485,10.15
2026-08-18 18:10:54,FULL_FRAME,1,478,216,247,1102,485,10.15
2026-08-18 18:10:54,FULL_FRAME,1,478,217,247,1102,485,10.15
2026-08-18 18:10:54,FULL_FRAME,1,478,219,243,1102,485,10.15
2026-08-18 18:10:54,FULL_FRAME,1,478,213,241,1102,485,10.15
2026-08-18 18:10:54,FULL_FRAME,1,478,212,242,1102,485,10.15
2026-08-18 18:10:54,FULL_FRAME,1,478,206,242,1102,485,10.15
2026-08-18 18:10:55,FULL_FRAME,1,478,206,242,1102,485,10.15
2026-08-18 18:10:55,FULL_FRAME,1,478,210,243,1102,485,10.15
2026-08-18 18:10:55,FULL_FRAME,1,478,204,243,1102,485,10.15
2026-08-18 18:10:55,FULL_FRAME,1,478,211,243,1102,485,9.89
2026-08-18 18:10:55,FULL_FRAME,1,478,209,245,1102,485,9.89
2026-08-18 18:10:55,FULL_FRAME,1,478,210,246,1102,485,9.89
2026-08-18 18:10:55,FULL_FRAME,1,478,212,247,1102,485,9.89
2026-08-18 18:10:55,FULL_FRAME,1,478,215,246,1102,485,9.89
2026-08-18 18:10:55,FULL_FRAME,1,478,212,248,1102,485,9.89
2026-08-18 18:10:55,FULL_FRAME,1,478,229,249,1102,485,9.89
2026-08-18 18:10:56,FULL_FRAME,0,0,0,0,1102,485,9.89
2026-08-18 18:10:56,FULL_FRAME,0,0,0,0,1102,485,9.89
2026-08-18 18:10:56,FULL_FRAME,0,0,0,0,1102,485,9.89
2026-08-18 18:10:56,FULL_FRAME,0,0,0,0,1102,485,9.89
2026-08-18 18:10:56,FULL_FRAME,0,0,0,0,1102,485,10.12
2026-08-18 18:10:56,FULL_FRAME,0,0,0,0,1102,485,10.12
2026-08-18 18:10:56,FULL_FRAME,0,0,0,0,1102,485,10.12
2026-08-18 18:10:56,FULL_FRAME,0,0,0,0,1102,485,10.12
2026-08-18 18:10:56,FULL_FRAME,0,0,0,0,1102,485,10.12
2026-08-18 18:10:56,FULL_FRAME,0,0,0,0,1102,485,10.12
2026-08-18 18:10:57,FULL_FRAME,0,0,0,0,1102,485,10.12
2026-08-18 18:10:57,FULL_FRAME,0,0,0,0,1102,485,10.12
2026-08-18 18:10:57,FULL_FRAME,0,0,0,0,1102,485,10.12
2026-08-18 18:10:57,FULL_FRAME,0,0,0,0,1102,485,10.12
2026-08-18 18:10:57,FULL_FRAME,0,0,0,0,1102,485,9.91
2026-08-18 18:10:57,FULL_FRAME,0,0,0,0,1102,485,9.91
2026-08-18 18:10:57,FULL_FRAME,0,0,0,0,1102,485,9.91
2026-08-18 18:10:57,FULL_FRAME,0,0,0,0,1102,485,9.91
2026-08-18 18:10:57,FULL_FRAME,0,0,0,0,1102,485,9.91
2026-08-18 18:10:57,FULL_FRAME,0,0,0,0,1102,485,9.91
2026-08-18 18:10:58,FULL_FRAME,0,0,0,0,1102,485,9.91
2026-08-18 18:10:58,FULL_FRAME,0,0,0,0,1102,485,9.91
2026-08-18 18:10:58,FULL_FRAME,0,0,0,0,1102,485,9.91
2026-08-18 18:10:58,FULL_FRAME,0,0,0,0,1102,485,9.91
2026-08-18 18:10:58,FULL_FRAME,0,0,0,0,1102,485,9.91
2026-08-18 18:10:58,FULL_FRAME,0,0,0,0,1102,485,10.11
2026-08-18 18:10:58,FULL_FRAME,0,0,0,0,1102,485,10.11
2026-08-18 18:10:58,FULL_FRAME,0,0,0,0,1102,485,10.11
2026-08-18 18:10:58,FULL_FRAME,0,0,0,0,1102,485,10.11
2026-08-18 18:10:58,FULL_FRAME,0,0,0,0,1102,485,10.11
2026-08-18 18:10:59,FULL_FRAME,0,0,0,0,1102,485,10.11
2026-08-18 18:10:59,FULL_FRAME,0,0,0,0,1102,485,10.11
2026-08-18 18:10:59,FULL_FRAME,0,0,0,0,1102,485,10.11
2026-08-18 18:10:59,FULL_FRAME,0,0,0,0,1102,485,10.11
2026-08-18 18:10:59,FULL_FRAME,0,0,0,0,1102,485,10.11
2026-08-18 18:10:59,FULL_FRAME,0,0,0,0,1102,485,9.91
2026-08-18 18:10:59,FULL_FRAME,0,0,0,0,1102,485,9.91
2026-08-18 18:10:59,FULL_FRAME,0,0,0,0,1102,485,9.91
2026-08-18 18:10:59,FULL_FRAME,0,0,0,0,1102,485,9.91
2026-08-18 18:10:59,FULL_FRAME,0,0,0,0,1102,485,9.91
2026-08-18 18:11:00,FULL_FRAME,0,0,0,0,1102,485,9.91
2026-08-18 18:11:00,FULL_FRAME,0,0,0,0,1102,485,9.91
2026-08-18 18:11:00,FULL_FRAME,0,0,0,0,1102,485,9.91
2026-08-18 18:11:00,FULL_FRAME,0,0,0,0,1102,485,9.91
2026-08-18 18:11:00,FULL_FRAME,0,0,0,0,1102,485,9.91
2026-08-18 18:11:00,FULL_FRAME,0,0,0,0,1102,485,9.91
2026-08-18 18:11:00,FULL_FRAME,0,0,0,0,1102,485,10.14
2026-08-18 18:11:00,FULL_FRAME,0,0,0,0,1102,485,10.14
2026-08-18 18:11:00,FULL_FRAME,0,0,0,0,1102,485,10.14
2026-08-18 18:11:00,FULL_FRAME,0,0,0,0,1102,485,10.14
2026-08-18 18:11:01,FULL_FRAME,0,0,0,0,1102,485,10.14
2026-08-18 18:11:01,FULL_FRAME,0,0,0,0,1102,485,10.14
2026-08-18 18:11:01,FULL_FRAME,0,0,0,0,1102,485,10.14
2026-08-18 18:11:01,FULL_FRAME,0,0,0,0,1102,485,10.14
2026-08-18 18:11:01,FULL_FRAME,0,0,0,0,1102,485,10.14
2026-08-18 18:11:01,FULL_FRAME,0,0,0,0,1102,485,10.14
2026-08-18 18:11:01,FULL_FRAME,0,0,0,0,1102,485,10.14
2026-08-18 18:11:01,FULL_FRAME,0,0,0,0,1102,485,9.95
2026-08-18 18:11:01,FULL_FRAME,0,0,0,0,1102,485,9.95
2026-08-18 18:11:01,FULL_FRAME,0,0,0,0,1102,485,9.95
2026-08-18 18:11:02,FULL_FRAME,0,0,0,0,1102,485,9.95
2026-08-18 18:11:02,FULL_FRAME,0,0,0,0,1102,485,9.95
2026-08-18 18:11:02,FULL_FRAME,0,0,0,0,1102,485,9.95
2026-08-18 18:11:02,FULL_FRAME,0,0,0,0,1102,485,9.95
2026-08-18 18:11:02,FULL_FRAME,0,0,0,0,1102,485,9.95
2026-08-18 18:11:02,FULL_FRAME,0,0,0,0,1102,485,9.95
2026-08-18 18:11:02,FULL_FRAME,0,0,0,0,1102,485,9.95
2026-08-18 18:11:02,FULL_FRAME,0,0,0,0,1102,485,9.95
2026-08-18 18:11:02,FULL_FRAME,0,0,0,0,1102,485,10.12
2026-08-18 18:11:02,FULL_FRAME,0,0,0,0,1102,485,10.12
2026-08-18 18:11:03,FULL_FRAME,0,0,0,0,1102,485,10.12
2026-08-18 18:11:03,FULL_FRAME,0,0,0,0,1102,485,10.12
2026-08-18 18:11:03,FULL_FRAME,0,0,0,0,1102,485,10.12
2026-08-18 18:11:03,FULL_FRAME,0,0,0,0,1102,485,10.12
2026-08-18 18:11:03,FULL_FRAME,0,0,0,0,1102,485,10.12
2026-08-18 18:11:03,FULL_FRAME,0,0,0,0,1102,485,10.12
2026-08-18 18:11:03,FULL_FRAME,0,0,0,0,1102,485,10.12
2026-08-18 18:11:03,FULL_FRAME,0,0,0,0,1102,485,10.12
2026-08-18 18:11:03,FULL_FRAME,0,0,0,0,1102,485,9.93
2026-08-18 18:11:03,FULL_FRAME,0,0,0,0,1102,485,9.93
2026-08-18 18:11:04,FULL_FRAME,0,0,0,0,1102,485,9.93
2026-08-18 18:11:04,FULL_FRAME,0,0,0,0,1102,485,9.93
2026-08-18 18:11:04,FULL_FRAME,0,0,0,0,1102,485,9.93
2026-08-18 18:11:04,FULL_FRAME,0,0,0,0,1102,485,9.93
2026-08-18 18:11:04,FULL_FRAME,0,0,0,0,1102,485,9.93
2026-08-18 18:11:04,FULL_FRAME,0,0,0,0,1102,485,9.93
2026-08-18 18:11:04,FULL_FRAME,0,0,0,0,1102,485,9.93
2026-08-18 18:11:04,FULL_FRAME,0,0,0,0,1102,485,9.93
2026-08-18 18:11:04,FULL_FRAME,0,0,0,0,1102,485,9.93
2026-08-18 18:11:04,FULL_FRAME,0,0,0,0,1102,485,10.13
2026-08-18 18:11:05,FULL_FRAME,0,0,0,0,1102,485,10.13
2026-08-18 18:11:05,FULL_FRAME,0,0,0,0,1102,485,10.13
2026-08-18 18:11:05,FULL_FRAME,0,0,0,0,1102,485,10.13
2026-08-18 18:11:05,FULL_FRAME,0,0,0,0,1102,485,10.13
2026-08-18 18:11:05,FULL_FRAME,0,0,0,0,1102,485,10.13
2026-08-18 18:11:05,FULL_FRAME,0,0,0,0,1102,485,10.13
2026-08-18 18:11:05,FULL_FRAME,0,0,0,0,1102,485,10.13
2026-08-18 18:11:05,FULL_FRAME,0,0,0,0,1102,485,10.13
2026-08-18 18:11:05,FULL_FRAME,0,0,0,0,1102,485,10.13
2026-08-18 18:11:05,FULL_FRAME,0,0,0,0,1102,485,9.91
2026-08-18 18:11:06,FULL_FRAME,0,0,0,0,1102,485,9.91
2026-08-18 18:11:06,FULL_FRAME,0,0,0,0,1102,485,9.91
2026-08-18 18:11:06,FULL_FRAME,0,0,0,0,1102,485,9.91
2026-08-18 18:11:06,FULL_FRAME,0,0,0,0,1102,485,9.91
2026-08-18 18:11:06,FULL_FRAME,0,0,0,0,1102,485,9.91
2026-08-18 18:11:06,FULL_FRAME,0,0,0,0,1102,485,9.91
2026-08-18 18:11:06,FULL_FRAME,0,0,0,0,1102,485,9.91
2026-08-18 18:11:06,FULL_FRAME,0,0,0,0,1102,485,9.91
2026-08-18 18:11:06,FULL_FRAME,0,0,0,0,1102,485,9.91
2026-08-18 18:11:06,FULL_FRAME,0,0,0,0,1102,485,9.91
2026-08-18 18:11:07,FULL_FRAME,0,0,0,0,1102,485,10.1
2026-08-18 18:11:07,FULL_FRAME,0,0,0,0,1102,485,10.1
2026-08-18 18:11:07,FULL_FRAME,0,0,0,0,1102,485,10.1
2026-08-18 18:11:07,FULL_FRAME,0,0,0,0,1102,485,10.1
2026-08-18 18:11:07,FULL_FRAME,0,0,0,0,1102,485,10.1
2026-08-18 18:11:07,FULL_FRAME,0,0,0,0,1102,485,10.1
2026-08-18 18:11:07,FULL_FRAME,0,0,0,0,1102,485,10.1
2026-08-18 18:11:07,FULL_FRAME,0,0,0,0,1102,485,10.1
2026-08-18 18:11:07,FULL_FRAME,0,0,0,0,1102,485,10.1
2026-08-18 18:11:07,FULL_FRAME,0,0,0,0,1102,485,10.1
2026-08-18 18:11:08,FULL_FRAME,0,0,0,0,1102,485,9.92
2026-08-18 18:11:08,FULL_FRAME,0,0,0,0,1102,485,9.92
2026-08-18 18:11:08,FULL_FRAME,0,0,0,0,1102,485,9.92
2026-08-18 18:11:08,FULL_FRAME,0,0,0,0,1102,485,9.92
2026-08-18 18:11:08,FULL_FRAME,0,0,0,0,1102,485,9.92
2026-08-18 18:11:08,FULL_FRAME,0,0,0,0,1102,485,9.92
2026-08-18 18:11:08,FULL_FRAME,0,0,0,0,1102,485,9.92
2026-08-18 18:11:08,FULL_FRAME,0,0,0,0,1102,485,9.92
2026-08-18 18:11:08,FULL_FRAME,0,0,0,0,1102,485,9.92
2026-08-18 18:11:08,FULL_FRAME,0,0,0,0,1102,485,9.92
2026-08-18 18:11:09,FULL_FRAME,0,0,0,0,1102,485,9.92
2026-08-18 18:11:09,FULL_FRAME,0,0,0,0,1102,485,10.07
2026-08-18 18:11:09,FULL_FRAME,0,0,0,0,1102,485,10.07
2026-08-18 18:11:09,FULL_FRAME,0,0,0,0,1102,485,10.07
2026-08-18 18:11:09,FULL_FRAME,0,0,0,0,1102,485,10.07
2026-08-18 18:11:09,FULL_FRAME,0,0,0,0,1102,485,10.07
2026-08-18 18:11:09,FULL_FRAME,0,0,0,0,1102,485,10.07
2026-08-18 18:11:09,FULL_FRAME,0,0,0,0,1102,485,10.07
2026-08-18 18:11:09,FULL_FRAME,0,0,0,0,1102,485,10.07
2026-08-18 18:11:09,FULL_FRAME,0,0,0,0,1102,485,10.07
2026-08-18 18:11:10,FULL_FRAME,0,0,0,0,1102,485,10.07
2026-08-18 18:11:10,FULL_FRAME,0,0,0,0,1102,485,10.07
2026-08-18 18:11:10,FULL_FRAME,0,0,0,0,1102,485,10.0
2026-08-18 18:11:10,FULL_FRAME,0,0,0,0,1102,485,10.0
2026-08-18 18:11:10,FULL_FRAME,0,0,0,0,1102,485,10.0
2026-08-18 18:11:10,FULL_FRAME,0,0,0,0,1102,485,10.0
2026-08-18 18:11:10,FULL_FRAME,0,0,0,0,1102,485,10.0
2026-08-18 18:11:10,FULL_FRAME,0,0,0,0,1102,485,10.0
2026-08-18 18:11:10,FULL_FRAME,0,0,0,0,1102,485,10.0
2026-08-18 18:11:10,FULL_FRAME,0,0,0,0,1102,485,10.0
2026-08-18 18:11:11,FULL_FRAME,0,0,0,0,1102,485,10.0
2026-08-18 18:11:11,FULL_FRAME,0,0,0,0,1102,485,10.0
2026-08-18 18:11:11,FULL_FRAME,0,0,0,0,1102,485,10.0
2026-08-18 18:11:11,FULL_FRAME,0,0,0,0,1102,485,10.11
2026-08-18 18:11:11,FULL_FRAME,0,0,0,0,1102,485,10.11
2026-08-18 18:11:11,FULL_FRAME,0,0,0,0,1102,485,10.11
2026-08-18 18:11:11,FULL_FRAME,0,0,0,0,1102,485,10.11
2026-08-18 18:11:11,FULL_FRAME,0,0,0,0,1102,485,10.11
2026-08-18 18:11:11,FULL_FRAME,0,0,0,0,1102,485,10.11
2026-08-18 18:11:11,FULL_FRAME,0,0,0,0,1102,485,10.11
2026-08-18 18:11:12,FULL_FRAME,0,0,0,0,1102,485,10.11
2026-08-18 18:11:12,FULL_FRAME,0,0,0,0,1102,485,10.11
2026-08-18 18:11:12,FULL_FRAME,0,0,0,0,1102,485,10.11
2026-08-18 18:11:12,FULL_FRAME,0,0,0,0,1102,485,9.87
2026-08-18 18:11:12,FULL_FRAME,0,0,0,0,1102,485,9.87
2026-08-18 18:11:12,FULL_FRAME,0,0,0,0,1102,485,9.87
2026-08-18 18:11:12,FULL_FRAME,0,0,0,0,1102,485,9.87
2026-08-18 18:11:12,FULL_FRAME,0,0,0,0,1102,485,9.87
2026-08-18 18:11:12,FULL_FRAME,0,0,0,0,1102,485,9.87
2026-08-18 18:11:12,FULL_FRAME,0,0,0,0,1102,485,9.87
2026-08-18 18:11:13,FULL_FRAME,0,0,0,0,1102,485,9.87
2026-08-18 18:11:13,FULL_FRAME,0,0,0,0,1102,485,9.87
2026-08-18 18:11:13,FULL_FRAME,0,0,0,0,1102,485,9.87
2026-08-18 18:11:13,FULL_FRAME,0,0,0,0,1102,485,9.87
2026-08-18 18:11:13,FULL_FRAME,0,0,0,0,1102,485,10.16
2026-08-18 18:11:13,FULL_FRAME,0,0,0,0,1102,485,10.16
2026-08-18 18:11:13,FULL_FRAME,0,0,0,0,1102,485,10.16
2026-08-18 18:11:13,FULL_FRAME,0,0,0,0,1102,485,10.16
2026-08-18 18:11:13,FULL_FRAME,0,0,0,0,1102,485,10.16
2026-08-18 18:11:13,FULL_FRAME,0,0,0,0,1102,485,10.16
2026-08-18 18:11:14,FULL_FRAME,0,0,0,0,1102,485,10.16
2026-08-18 18:11:14,FULL_FRAME,0,0,0,0,1102,485,10.16
2026-08-18 18:11:14,FULL_FRAME,0,0,0,0,1102,485,10.16
2026-08-18 18:11:14,FULL_FRAME,0,0,0,0,1102,485,10.16
2026-08-18 18:11:14,FULL_FRAME,0,0,0,0,1102,485,9.89
2026-08-18 18:11:14,FULL_FRAME,0,0,0,0,1102,485,9.89
2026-08-18 18:11:14,FULL_FRAME,0,0,0,0,1102,485,9.89
2026-08-18 18:11:14,FULL_FRAME,0,0,0,0,1102,485,9.89
2026-08-18 18:11:14,FULL_FRAME,0,0,0,0,1102,485,9.89
2026-08-18 18:11:14,FULL_FRAME,0,0,0,0,1102,485,9.89
2026-08-18 18:11:15,FULL_FRAME,0,0,0,0,1102,485,9.89
2026-08-18 18:11:15,FULL_FRAME,0,0,0,0,1102,485,9.89
2026-08-18 18:11:15,FULL_FRAME,0,0,0,0,1102,485,9.89
2026-08-18 18:11:15,FULL_FRAME,0,0,0,0,1102,485,9.89
2026-08-18 18:11:15,FULL_FRAME,0,0,0,0,1102,485,9.89
2026-08-18 18:11:15,FULL_FRAME,0,0,0,0,1102,485,10.16
2026-08-18 18:11:15,FULL_FRAME,0,0,0,0,1102,485,10.16
2026-08-18 18:11:15,FULL_FRAME,0,0,0,0,1102,485,10.16
2026-08-18 18:11:15,FULL_FRAME,0,0,0,0,1102,485,10.16
2026-08-18 18:11:15,FULL_FRAME,0,0,0,0,1102,485,10.16
2026-08-18 18:11:15,FULL_FRAME,0,0,0,0,1102,485,10.16
2026-08-18 18:11:16,FULL_FRAME,0,0,0,0,1102,485,10.16
2026-08-18 18:11:16,FULL_FRAME,0,0,0,0,1102,485,10.16
2026-08-18 18:11:16,FULL_FRAME,0,0,0,0,1102,485,10.16
2026-08-18 18:11:16,FULL_FRAME,0,0,0,0,1102,485,10.16
2026-08-18 18:11:16,FULL_FRAME,0,0,0,0,1102,485,9.9
2026-08-18 18:11:16,FULL_FRAME,0,0,0,0,1102,485,9.9
2026-08-18 18:11:16,FULL_FRAME,0,0,0,0,1102,485,9.9
2026-08-18 18:11:16,FULL_FRAME,0,0,0,0,1102,485,9.9
2026-08-18 18:11:16,FULL_FRAME,0,0,0,0,1102,485,9.9
2026-08-18 18:11:17,FULL_FRAME,0,0,0,0,1102,485,9.9
2026-08-18 18:11:17,FULL_FRAME,0,0,0,0,1102,485,9.9
2026-08-18 18:11:17,FULL_FRAME,0,0,0,0,1102,485,9.9
2026-08-18 18:11:17,FULL_FRAME,0,0,0,0,1102,485,9.9
2026-08-18 18:11:17,FULL_FRAME,0,0,0,0,1102,485,9.9
2026-08-18 18:11:17,FULL_FRAME,0,0,0,0,1102,485,9.9
2026-08-18 18:11:17,FULL_FRAME,0,0,0,0,1102,485,10.12
2026-08-18 18:11:17,FULL_FRAME,0,0,0,0,1102,485,10.12
2026-08-18 18:11:17,FULL_FRAME,0,0,0,0,1102,485,10.12
2026-08-18 18:11:17,FULL_FRAME,0,0,0,0,1102,485,10.12
2026-08-18 18:11:17,FULL_FRAME,0,0,0,0,1102,485,10.12
2026-08-18 18:11:18,FULL_FRAME,0,0,0,0,1102,485,10.12
2026-08-18 18:11:18,FULL_FRAME,0,0,0,0,1102,485,10.12
2026-08-18 18:11:18,FULL_FRAME,0,0,0,0,1102,485,10.12
2026-08-18 18:11:18,FULL_FRAME,0,0,0,0,1102,485,10.12
2026-08-18 18:11:18,FULL_FRAME,0,0,0,0,1102,485,10.12
2026-08-18 18:11:18,FULL_FRAME,0,0,0,0,1102,485,10.12
2026-08-18 18:11:18,FULL_FRAME,0,0,0,0,1102,485,9.98
2026-08-18 18:11:18,FULL_FRAME,0,0,0,0,1102,485,9.98
2026-08-18 18:11:18,FULL_FRAME,0,0,0,0,1102,485,9.98
2026-08-18 18:11:18,FULL_FRAME,0,0,0,0,1102,485,9.98
2026-08-18 18:11:19,FULL_FRAME,0,0,0,0,1102,485,9.98
2026-08-18 18:11:19,FULL_FRAME,0,0,0,0,1102,485,9.98
2026-08-18 18:11:19,FULL_FRAME,0,0,0,0,1102,485,9.98
2026-08-18 18:11:19,FULL_FRAME,0,0,0,0,1102,485,9.98
2026-08-18 18:11:19,FULL_FRAME,0,0,0,0,1102,485,9.98
2026-08-18 18:11:19,FULL_FRAME,0,0,0,0,1102,485,9.98
2026-08-18 18:11:19,FULL_FRAME,0,0,0,0,1102,485,9.98
2026-08-18 18:11:19,FULL_FRAME,0,0,0,0,1102,485,10.09
2026-08-18 18:11:19,FULL_FRAME,0,0,0,0,1102,485,10.09
2026-08-18 18:11:19,FULL_FRAME,0,0,0,0,1102,485,10.09
2026-08-18 18:11:20,FULL_FRAME,0,0,0,0,1102,485,10.09
2026-08-18 18:11:20,FULL_FRAME,0,0,0,0,1102,485,10.09
2026-08-18 18:11:20,FULL_FRAME,0,0,0,0,1102,485,10.09
2026-08-18 18:11:20,FULL_FRAME,0,0,0,0,1102,485,10.09
2026-08-18 18:11:20,FULL_FRAME,0,0,0,0,1102,485,10.09
2026-08-18 18:11:20,FULL_FRAME,0,0,0,0,1102,485,10.09
2026-08-18 18:11:20,FULL_FRAME,0,0,0,0,1102,485,10.09
2026-08-18 18:11:20,FULL_FRAME,0,0,0,0,1102,485,9.95
2026-08-18 18:11:20,FULL_FRAME,0,0,0,0,1102,485,9.95
2026-08-18 18:11:20,FULL_FRAME,0,0,0,0,1102,485,9.95
2026-08-18 18:11:21,FULL_FRAME,0,0,0,0,1102,485,9.95
2026-08-18 18:11:21,FULL_FRAME,0,0,0,0,1102,485,9.95
2026-08-18 18:11:21,FULL_FRAME,0,0,0,0,1102,485,9.95
2026-08-18 18:11:21,FULL_FRAME,0,0,0,0,1102,485,9.95
2026-08-18 18:11:21,FULL_FRAME,0,0,0,0,1102,485,9.95
2026-08-18 18:11:21,FULL_FRAME,0,0,0,0,1102,485,9.95
2026-08-18 18:11:21,FULL_FRAME,0,0,0,0,1102,485,9.95
2026-08-18 18:11:21,FULL_FRAME,0,0,0,0,1102,485,9.95
2026-08-18 18:11:21,FULL_FRAME,0,0,0,0,1102,485,10.11
2026-08-18 18:11:21,FULL_FRAME,0,0,0,0,1102,485,10.11
2026-08-18 18:11:22,FULL_FRAME,0,0,0,0,1102,485,10.11
2026-08-18 18:11:22,FULL_FRAME,0,0,0,0,1102,485,10.11
2026-08-18 18:11:22,FULL_FRAME,0,0,0,0,1102,485,10.11
2026-08-18 18:11:22,FULL_FRAME,0,0,0,0,1102,485,10.11
2026-08-18 18:11:22,FULL_FRAME,0,0,0,0,1102,485,10.11
2026-08-18 18:11:22,FULL_FRAME,0,0,0,0,1102,485,10.11
2026-08-18 18:11:22,FULL_FRAME,0,0,0,0,1102,485,10.11
2026-08-18 18:11:22,FULL_FRAME,0,0,0,0,1102,485,10.11
2026-08-18 18:11:22,FULL_FRAME,0,0,0,0,1102,485,9.88
2026-08-18 18:11:22,FULL_FRAME,0,0,0,0,1102,485,9.88
2026-08-18 18:11:23,FULL_FRAME,0,0,0,0,1102,485,9.88
2026-08-18 18:11:23,FULL_FRAME,0,0,0,0,1102,485,9.88
2026-08-18 18:11:23,FULL_FRAME,0,0,0,0,1102,485,9.88
2026-08-18 18:11:23,FULL_FRAME,0,0,0,0,1102,485,9.88
2026-08-18 18:11:23,FULL_FRAME,0,0,0,0,1102,485,9.88
2026-08-18 18:11:23,FULL_FRAME,0,0,0,0,1102,485,9.88
2026-08-18 18:11:23,FULL_FRAME,0,0,0,0,1102,485,9.88
2026-08-18 18:11:23,FULL_FRAME,0,0,0,0,1102,485,9.88
2026-08-18 18:11:23,FULL_FRAME,0,0,0,0,1102,485,9.88
2026-08-18 18:11:23,FULL_FRAME,0,0,0,0,1102,485,10.15
2026-08-18 18:11:24,FULL_FRAME,0,0,0,0,1102,485,10.15
2026-08-18 18:11:24,FULL_FRAME,0,0,0,0,1102,485,10.15
2026-08-18 18:11:24,FULL_FRAME,0,0,0,0,1102,485,10.15
2026-08-18 18:11:24,FULL_FRAME,0,0,0,0,1102,485,10.15
2026-08-18 18:11:24,FULL_FRAME,0,0,0,0,1102,485,10.15
2026-08-18 18:11:24,FULL_FRAME,0,0,0,0,1102,485,10.15
2026-08-18 18:11:24,FULL_FRAME,0,0,0,0,1102,485,10.15
2026-08-18 18:11:24,FULL_FRAME,0,0,0,0,1102,485,10.15
2026-08-18 18:11:24,FULL_FRAME,0,0,0,0,1102,485,10.15
2026-08-18 18:11:24,FULL_FRAME,0,0,0,0,1102,485,9.92
2026-08-18 18:11:25,FULL_FRAME,0,0,0,0,1102,485,9.92
2026-08-18 18:11:25,FULL_FRAME,0,0,0,0,1102,485,9.92
2026-08-18 18:11:25,FULL_FRAME,0,0,0,0,1102,485,9.92
2026-08-18 18:11:25,FULL_FRAME,0,0,0,0,1102,485,9.92
2026-08-18 18:11:25,FULL_FRAME,0,0,0,0,1102,485,9.92
2026-08-18 18:11:25,FULL_FRAME,0,0,0,0,1102,485,9.92
2026-08-18 18:11:25,FULL_FRAME,0,0,0,0,1102,485,9.92
2026-08-18 18:11:25,FULL_FRAME,0,0,0,0,1102,485,9.92
2026-08-18 18:11:25,FULL_FRAME,0,0,0,0,1102,485,9.92
2026-08-18 18:11:25,FULL_FRAME,0,0,0,0,1102,485,9.92
2026-08-18 18:11:26,FULL_FRAME,0,0,0,0,1102,485,10.08
2026-08-18 18:11:26,FULL_FRAME,0,0,0,0,1102,485,10.08
2026-08-18 18:11:26,FULL_FRAME,0,0,0,0,1102,485,10.08
2026-08-18 18:11:26,FULL_FRAME,0,0,0,0,1102,485,10.08
2026-08-18 18:11:26,FULL_FRAME,0,0,0,0,1102,485,10.08
2026-08-18 18:11:26,FULL_FRAME,0,0,0,0,1102,485,10.08
2026-08-18 18:11:26,FULL_FRAME,0,0,0,0,1102,485,10.08
2026-08-18 18:11:26,FULL_FRAME,0,0,0,0,1102,485,10.08
2026-08-18 18:11:26,FULL_FRAME,0,0,0,0,1102,485,10.08
2026-08-18 18:11:26,FULL_FRAME,0,0,0,0,1102,485,10.08
2026-08-18 18:11:27,FULL_FRAME,0,0,0,0,1102,485,10.08
2026-08-18 18:11:27,FULL_FRAME,0,0,0,0,1102,485,9.95
2026-08-18 18:11:27,FULL_FRAME,0,0,0,0,1102,485,9.95
2026-08-18 18:11:27,FULL_FRAME,0,0,0,0,1102,485,9.95
2026-08-18 18:11:27,FULL_FRAME,0,0,0,0,1102,485,9.95
2026-08-18 18:11:27,FULL_FRAME,0,0,0,0,1102,485,9.95
2026-08-18 18:11:27,FULL_FRAME,0,0,0,0,1102,485,9.95
2026-08-18 18:11:27,FULL_FRAME,0,0,0,0,1102,485,9.95
2026-08-18 18:11:27,FULL_FRAME,0,0,0,0,1102,485,9.95
2026-08-18 18:11:27,FULL_FRAME,0,0,0,0,1102,485,9.95
2026-08-18 18:11:28,FULL_FRAME,0,0,0,0,1102,485,9.95
2026-08-18 18:11:28,FULL_FRAME,0,0,0,0,1102,485,9.95
2026-08-18 18:11:28,FULL_FRAME,0,0,0,0,1102,485,10.17
2026-08-18 18:11:28,FULL_FRAME,0,0,0,0,1102,485,10.17
2026-08-18 18:11:28,FULL_FRAME,0,0,0,0,1102,485,10.17
2026-08-18 18:11:28,FULL_FRAME,0,0,0,0,1102,485,10.17
2026-08-18 18:11:28,FULL_FRAME,0,0,0,0,1102,485,10.17
2026-08-18 18:11:28,FULL_FRAME,0,0,0,0,1102,485,10.17
2026-08-18 18:11:28,FULL_FRAME,0,0,0,0,1102,485,10.17
2026-08-18 18:11:28,FULL_FRAME,0,0,0,0,1102,485,10.17
2026-08-18 18:11:29,FULL_FRAME,0,0,0,0,1102,485,10.17
2026-08-18 18:11:29,FULL_FRAME,0,0,0,0,1102,485,10.17
2026-08-18 18:11:29,FULL_FRAME,0,0,0,0,1102,485,9.88
2026-08-18 18:11:29,FULL_FRAME,0,0,0,0,1102,485,9.88
2026-08-18 18:11:29,FULL_FRAME,0,0,0,0,1102,485,9.88
2026-08-18 18:11:29,FULL_FRAME,0,0,0,0,1102,485,9.88
2026-08-18 18:11:29,FULL_FRAME,0,0,0,0,1102,485,9.88
2026-08-18 18:11:29,FULL_FRAME,0,0,0,0,1102,485,9.88
2026-08-18 18:11:29,FULL_FRAME,0,0,0,0,1102,485,9.88
2026-08-18 18:11:29,FULL_FRAME,0,0,0,0,1102,485,9.88
2026-08-18 18:11:30,FULL_FRAME,0,0,0,0,1102,485,9.88
2026-08-18 18:11:30,FULL_FRAME,0,0,0,0,1102,485,9.88
2026-08-18 18:11:30,FULL_FRAME,0,0,0,0,1102,485,9.88
2026-08-18 18:11:30,FULL_FRAME,0,0,0,0,1102,485,10.15
2026-08-18 18:11:30,FULL_FRAME,0,0,0,0,1102,485,10.15
2026-08-18 18:11:30,FULL_FRAME,0,0,0,0,1102,485,10.15
2026-08-18 18:11:30,FULL_FRAME,0,0,0,0,1102,485,10.15
2026-08-18 18:11:30,FULL_FRAME,0,0,0,0,1102,485,10.15
2026-08-18 18:11:30,FULL_FRAME,0,0,0,0,1102,485,10.15
2026-08-18 18:11:30,FULL_FRAME,0,0,0,0,1102,485,10.15
2026-08-18 18:11:31,FULL_FRAME,0,0,0,0,1102,485,10.15
2026-08-18 18:11:31,FULL_FRAME,0,0,0,0,1102,485,10.15
2026-08-18 18:11:31,FULL_FRAME,0,0,0,0,1102,485,10.15
2026-08-18 18:11:31,FULL_FRAME,0,0,0,0,1102,485,9.88
2026-08-18 18:11:31,FULL_FRAME,0,0,0,0,1102,485,9.88
2026-08-18 18:11:31,FULL_FRAME,0,0,0,0,1102,485,9.88
2026-08-18 18:11:31,FULL_FRAME,0,0,0,0,1102,485,9.88
2026-08-18 18:11:31,FULL_FRAME,0,0,0,0,1102,485,9.88
2026-08-18 18:11:31,FULL_FRAME,0,0,0,0,1102,485,9.88
2026-08-18 18:11:31,FULL_FRAME,0,0,0,0,1102,485,9.88
2026-08-18 18:11:32,FULL_FRAME,0,0,0,0,1102,485,9.88
2026-08-18 18:11:32,FULL_FRAME,0,0,0,0,1102,485,9.88
2026-08-18 18:11:32,FULL_FRAME,0,0,0,0,1102,485,9.88
2026-08-18 18:11:32,FULL_FRAME,0,0,0,0,1102,485,9.88
2026-08-18 18:11:32,FULL_FRAME,0,0,0,0,1102,485,10.14
2026-08-18 18:11:32,FULL_FRAME,0,0,0,0,1102,485,10.14
2026-08-18 18:11:32,FULL_FRAME,0,0,0,0,1102,485,10.14
2026-08-18 18:11:32,FULL_FRAME,0,0,0,0,1102,485,10.14
2026-08-18 18:11:32,FULL_FRAME,0,0,0,0,1102,485,10.14
2026-08-18 18:11:32,FULL_FRAME,0,0,0,0,1102,485,10.14
2026-08-18 18:11:33,FULL_FRAME,0,0,0,0,1102,485,10.14
2026-08-18 18:11:33,FULL_FRAME,0,0,0,0,1102,485,10.14
2026-08-18 18:11:33,FULL_FRAME,0,0,0,0,1102,485,10.14
2026-08-18 18:11:33,FULL_FRAME,0,0,0,0,1102,485,10.14
2026-08-18 18:11:33,FULL_FRAME,0,0,0,0,1102,485,9.89
2026-08-18 18:11:33,FULL_FRAME,0,0,0,0,1102,485,9.89
2026-08-18 18:11:33,FULL_FRAME,0,0,0,0,1102,485,9.89
2026-08-18 18:11:33,FULL_FRAME,0,0,0,0,1102,485,9.89
2026-08-18 18:11:33,FULL_FRAME,0,0,0,0,1102,485,9.89
2026-08-18 18:11:33,FULL_FRAME,0,0,0,0,1102,485,9.89
2026-08-18 18:11:34,FULL_FRAME,0,0,0,0,1102,485,9.89
2026-08-18 18:11:34,FULL_FRAME,0,0,0,0,1102,485,9.89
2026-08-18 18:11:34,FULL_FRAME,0,0,0,0,1102,485,9.89
2026-08-18 18:11:34,FULL_FRAME,0,0,0,0,1102,485,9.89
2026-08-18 18:11:34,FULL_FRAME,0,0,0,0,1102,485,9.89
2026-08-18 18:11:34,FULL_FRAME,0,0,0,0,1102,485,10.13
2026-08-18 18:11:34,FULL_FRAME,0,0,0,0,1102,485,10.13
2026-08-18 18:11:34,FULL_FRAME,0,0,0,0,1102,485,10.13
2026-08-18 18:11:34,FULL_FRAME,0,0,0,0,1102,485,10.13
2026-08-18 18:11:34,FULL_FRAME,0,0,0,0,1102,485,10.13
2026-08-18 18:11:35,FULL_FRAME,0,0,0,0,1102,485,10.13
2026-08-18 18:11:35,FULL_FRAME,0,0,0,0,1102,485,10.13
2026-08-18 18:11:35,FULL_FRAME,0,0,0,0,1102,485,10.13
2026-08-18 18:11:35,FULL_FRAME,0,0,0,0,1102,485,10.13
2026-08-18 18:11:35,FULL_FRAME,0,0,0,0,1102,485,10.13
2026-08-18 18:11:35,FULL_FRAME,0,0,0,0,1102,485,10.13
2026-08-18 18:11:35,FULL_FRAME,0,0,0,0,1102,485,9.96
2026-08-18 18:11:35,FULL_FRAME,0,0,0,0,1102,485,9.96
2026-08-18 18:11:35,FULL_FRAME,0,0,0,0,1102,485,9.96
2026-08-18 18:11:35,FULL_FRAME,0,0,0,0,1102,485,9.96
2026-08-18 18:11:36,FULL_FRAME,0,0,0,0,1102,485,9.96
2026-08-18 18:11:36,FULL_FRAME,0,0,0,0,1102,485,9.96
2026-08-18 18:11:36,FULL_FRAME,0,0,0,0,1102,485,9.96
2026-08-18 18:11:36,FULL_FRAME,0,0,0,0,1102,485,9.96
2026-08-18 18:11:36,FULL_FRAME,0,0,0,0,1102,485,9.96
2026-08-18 18:11:36,FULL_FRAME,0,0,0,0,1102,485,9.96
2026-08-18 18:11:36,FULL_FRAME,0,0,0,0,1102,485,9.96
2026-08-18 18:11:36,FULL_FRAME,0,0,0,0,1102,485,10.11
2026-08-18 18:11:36,FULL_FRAME,0,0,0,0,1102,485,10.11
2026-08-18 18:11:36,FULL_FRAME,0,0,0,0,1102,485,10.11
2026-08-18 18:11:37,FULL_FRAME,0,0,0,0,1102,485,10.11
2026-08-18 18:11:37,FULL_FRAME,0,0,0,0,1102,485,10.11
2026-08-18 18:11:37,FULL_FRAME,0,0,0,0,1102,485,10.11
2026-08-18 18:11:37,FULL_FRAME,0,0,0,0,1102,485,10.11
2026-08-18 18:11:37,FULL_FRAME,0,0,0,0,1102,485,10.11
2026-08-18 18:11:37,FULL_FRAME,0,0,0,0,1102,485,10.11
2026-08-18 18:11:37,FULL_FRAME,0,0,0,0,1102,485,10.11
2026-08-18 18:11:37,FULL_FRAME,0,0,0,0,1102,485,9.9
2026-08-18 18:11:37,FULL_FRAME,0,0,0,0,1102,485,9.9
2026-08-18 18:11:37,FULL_FRAME,0,0,0,0,1102,485,9.9
2026-08-18 18:11:38,FULL_FRAME,0,0,0,0,1102,485,9.9
2026-08-18 18:11:38,FULL_FRAME,0,0,0,0,1102,485,9.9
2026-08-18 18:11:38,FULL_FRAME,0,0,0,0,1102,485,9.9
2026-08-18 18:11:38,FULL_FRAME,0,0,0,0,1102,485,9.9
2026-08-18 18:11:38,FULL_FRAME,0,0,0,0,1102,485,9.9
2026-08-18 18:11:38,FULL_FRAME,0,0,0,0,1102,485,9.9
2026-08-18 18:11:38,FULL_FRAME,0,0,0,0,1102,485,9.9
2026-08-18 18:11:38,FULL_FRAME,0,0,0,0,1102,485,9.9
2026-08-18 18:11:38,FULL_FRAME,0,0,0,0,1102,485,10.12
2026-08-18 18:11:38,FULL_FRAME,0,0,0,0,1102,485,10.12
2026-08-18 18:11:39,FULL_FRAME,0,0,0,0,1102,485,10.12
2026-08-18 18:11:39,FULL_FRAME,0,0,0,0,1102,485,10.12
2026-08-18 18:11:39,FULL_FRAME,0,0,0,0,1102,485,10.12
2026-08-18 18:11:39,FULL_FRAME,0,0,0,0,1102,485,10.12
2026-08-18 18:11:39,FULL_FRAME,0,0,0,0,1102,485,10.12
2026-08-18 18:11:39,FULL_FRAME,0,0,0,0,1102,485,10.12
2026-08-18 18:11:39,FULL_FRAME,0,0,0,0,1102,485,10.12
2026-08-18 18:11:39,FULL_FRAME,0,0,0,0,1102,485,10.12
2026-08-18 18:11:39,FULL_FRAME,0,0,0,0,1102,485,9.93
2026-08-18 18:11:39,FULL_FRAME,0,0,0,0,1102,485,9.93
2026-08-18 18:11:40,FULL_FRAME,0,0,0,0,1102,485,9.93
2026-08-18 18:11:40,FULL_FRAME,0,0,0,0,1102,485,9.93
2026-08-18 18:11:40,FULL_FRAME,0,0,0,0,1102,485,9.93
2026-08-18 18:11:40,FULL_FRAME,0,0,0,0,1102,485,9.93
2026-08-18 18:11:40,FULL_FRAME,0,0,0,0,1102,485,9.93
2026-08-18 18:11:40,FULL_FRAME,0,0,0,0,1102,485,9.93
2026-08-18 18:11:40,FULL_FRAME,0,0,0,0,1102,485,9.93
2026-08-18 18:11:40,FULL_FRAME,0,0,0,0,1102,485,9.93
2026-08-18 18:11:40,FULL_FRAME,0,0,0,0,1102,485,9.93
2026-08-18 18:11:40,FULL_FRAME,0,0,0,0,1102,485,10.1
2026-08-18 18:11:41,FULL_FRAME,0,0,0,0,1102,485,10.1
2026-08-18 18:11:41,FULL_FRAME,0,0,0,0,1102,485,10.1
2026-08-18 18:11:41,FULL_FRAME,0,0,0,0,1102,485,10.1
2026-08-18 18:11:41,FULL_FRAME,0,0,0,0,1102,485,10.1
2026-08-18 18:11:41,FULL_FRAME,0,0,0,0,1102,485,10.1
2026-08-18 18:11:41,FULL_FRAME,0,0,0,0,1102,485,10.1
2026-08-18 18:11:41,FULL_FRAME,0,0,0,0,1102,485,10.1
2026-08-18 18:11:41,FULL_FRAME,0,0,0,0,1102,485,10.1
2026-08-18 18:11:41,FULL_FRAME,0,0,0,0,1102,485,10.1
2026-08-18 18:11:41,FULL_FRAME,0,0,0,0,1102,485,9.92
2026-08-18 18:11:42,FULL_FRAME,0,0,0,0,1102,485,9.92
2026-08-18 18:11:42,FULL_FRAME,0,0,0,0,1102,485,9.92
2026-08-18 18:11:42,FULL_FRAME,0,0,0,0,1102,485,9.92
2026-08-18 18:11:42,FULL_FRAME,0,0,0,0,1102,485,9.92
2026-08-18 18:11:42,FULL_FRAME,0,0,0,0,1102,485,9.92
2026-08-18 18:11:42,FULL_FRAME,0,0,0,0,1102,485,9.92
2026-08-18 18:11:42,FULL_FRAME,0,0,0,0,1102,485,9.92
2026-08-18 18:11:42,FULL_FRAME,0,0,0,0,1102,485,9.92
2026-08-18 18:11:42,FULL_FRAME,0,0,0,0,1102,485,9.92
2026-08-18 18:11:42,FULL_FRAME,0,0,0,0,1102,485,9.92
2026-08-18 18:11:43,FULL_FRAME,0,0,0,0,1102,485,10.09
2026-08-18 18:11:43,FULL_FRAME,0,0,0,0,1102,485,10.09
2026-08-18 18:11:43,FULL_FRAME,0,0,0,0,1102,485,10.09
2026-08-18 18:11:43,FULL_FRAME,0,0,0,0,1102,485,10.09
2026-08-18 18:11:43,FULL_FRAME,0,0,0,0,1102,485,10.09
2026-08-18 18:11:43,FULL_FRAME,0,0,0,0,1102,485,10.09
2026-08-18 18:11:43,FULL_FRAME,0,0,0,0,1102,485,10.09
2026-08-18 18:11:43,FULL_FRAME,0,0,0,0,1102,485,10.09
2026-08-18 18:11:43,FULL_FRAME,0,0,0,0,1102,485,10.09
2026-08-18 18:11:43,FULL_FRAME,0,0,0,0,1102,485,10.09
2026-08-18 18:11:44,FULL_FRAME,0,0,0,0,1102,485,9.94
2026-08-18 18:11:44,FULL_FRAME,0,0,0,0,1102,485,9.94
2026-08-18 18:11:44,FULL_FRAME,0,0,0,0,1102,485,9.94
2026-08-18 18:11:44,FULL_FRAME,0,0,0,0,1102,485,9.94
2026-08-18 18:11:44,FULL_FRAME,0,0,0,0,1102,485,9.94
2026-08-18 18:11:44,FULL_FRAME,0,0,0,0,1102,485,9.94
2026-08-18 18:11:44,FULL_FRAME,0,0,0,0,1102,485,9.94
2026-08-18 18:11:44,FULL_FRAME,0,0,0,0,1102,485,9.94
2026-08-18 18:11:44,FULL_FRAME,0,0,0,0,1102,485,9.94
2026-08-18 18:11:44,FULL_FRAME,0,0,0,0,1102,485,9.94
2026-08-18 18:11:45,FULL_FRAME,0,0,0,0,1102,485,9.94
2026-08-18 18:11:45,FULL_FRAME,0,0,0,0,1102,485,10.09
2026-08-18 18:11:45,FULL_FRAME,0,0,0,0,1102,485,10.09
2026-08-18 18:11:45,FULL_FRAME,0,0,0,0,1102,485,10.09
2026-08-18 18:11:45,FULL_FRAME,0,0,0,0,1102,485,10.09
2026-08-18 18:11:45,FULL_FRAME,0,0,0,0,1102,485,10.09
2026-08-18 18:11:45,FULL_FRAME,0,0,0,0,1102,485,10.09
2026-08-18 18:11:45,FULL_FRAME,0,0,0,0,1102,485,10.09
2026-08-18 18:11:45,FULL_FRAME,0,0,0,0,1102,485,10.09
2026-08-18 18:11:45,FULL_FRAME,0,0,0,0,1102,485,10.09
2026-08-18 18:11:46,FULL_FRAME,0,0,0,0,1102,485,10.09
2026-08-18 18:11:46,FULL_FRAME,0,0,0,0,1102,485,10.09
2026-08-18 18:11:46,FULL_FRAME,0,0,0,0,1102,485,9.96
2026-08-18 18:11:46,FULL_FRAME,0,0,0,0,1102,485,9.96
2026-08-18 18:11:46,FULL_FRAME,0,0,0,0,1102,485,9.96
2026-08-18 18:11:46,FULL_FRAME,0,0,0,0,1102,485,9.96
2026-08-18 18:11:46,FULL_FRAME,0,0,0,0,1102,485,9.96
2026-08-18 18:11:46,FULL_FRAME,0,0,0,0,1102,485,9.96
2026-08-18 18:11:46,FULL_FRAME,0,0,0,0,1102,485,9.96
2026-08-18 18:11:46,FULL_FRAME,0,0,0,0,1102,485,9.96
2026-08-18 18:11:47,FULL_FRAME,0,0,0,0,1102,485,9.96
2026-08-18 18:11:47,FULL_FRAME,0,0,0,0,1102,485,9.96
2026-08-18 18:11:47,FULL_FRAME,0,0,0,0,1102,485,9.96
2026-08-18 18:11:47,FULL_FRAME,0,0,0,0,1102,485,10.15
2026-08-18 18:11:47,FULL_FRAME,0,0,0,0,1102,485,10.15
2026-08-18 18:11:47,FULL_FRAME,0,0,0,0,1102,485,10.15
2026-08-18 18:11:47,FULL_FRAME,0,0,0,0,1102,485,10.15
2026-08-18 18:11:47,FULL_FRAME,0,0,0,0,1102,485,10.15
2026-08-18 18:11:47,FULL_FRAME,0,0,0,0,1102,485,10.15
2026-08-18 18:11:47,FULL_FRAME,0,0,0,0,1102,485,10.15
2026-08-18 18:11:48,FULL_FRAME,0,0,0,0,1102,485,10.15
2026-08-18 18:11:48,FULL_FRAME,0,0,0,0,1102,485,10.15
2026-08-18 18:11:48,FULL_FRAME,0,0,0,0,1102,485,10.15
2026-08-18 18:11:48,FULL_FRAME,0,0,0,0,1102,485,9.89
2026-08-18 18:11:48,FULL_FRAME,0,0,0,0,1102,485,9.89
2026-08-18 18:11:48,FULL_FRAME,0,0,0,0,1102,485,9.89
2026-08-18 18:11:48,FULL_FRAME,0,0,0,0,1102,485,9.89
2026-08-18 18:11:48,FULL_FRAME,0,0,0,0,1102,485,9.89
2026-08-18 18:11:48,FULL_FRAME,0,0,0,0,1102,485,9.89
2026-08-18 18:11:48,FULL_FRAME,0,0,0,0,1102,485,9.89
2026-08-18 18:11:49,FULL_FRAME,0,0,0,0,1102,485,9.89
2026-08-18 18:11:49,FULL_FRAME,0,0,0,0,1102,485,9.89
2026-08-18 18:11:49,FULL_FRAME,0,0,0,0,1102,485,9.89
2026-08-18 18:11:49,FULL_FRAME,0,0,0,0,1102,485,9.89
2026-08-18 18:11:49,FULL_FRAME,0,0,0,0,1102,485,10.13
2026-08-18 18:11:49,FULL_FRAME,0,0,0,0,1102,485,10.13
2026-08-18 18:11:49,FULL_FRAME,0,0,0,0,1102,485,10.13
2026-08-18 18:11:49,FULL_FRAME,0,0,0,0,1102,485,10.13
2026-08-18 18:11:49,FULL_FRAME,0,0,0,0,1102,485,10.13
2026-08-18 18:11:49,FULL_FRAME,0,0,0,0,1102,485,10.13
2026-08-18 18:11:50,FULL_FRAME,0,0,0,0,1102,485,10.13
2026-08-18 18:11:50,FULL_FRAME,0,0,0,0,1102,485,10.13
2026-08-18 18:11:50,FULL_FRAME,0,0,0,0,1102,485,10.13
2026-08-18 18:11:50,FULL_FRAME,0,0,0,0,1102,485,10.13
2026-08-18 18:11:50,FULL_FRAME,0,0,0,0,1102,485,9.89
2026-08-18 18:11:50,FULL_FRAME,0,0,0,0,1102,485,9.89
2026-08-18 18:11:50,FULL_FRAME,0,0,0,0,1102,485,9.89
2026-08-18 18:11:50,FULL_FRAME,0,0,0,0,1102,485,9.89
2026-08-18 18:11:50,FULL_FRAME,0,0,0,0,1102,485,9.89
2026-08-18 18:11:50,FULL_FRAME,0,0,0,0,1102,485,9.89
2026-08-18 18:11:51,FULL_FRAME,0,0,0,0,1102,485,9.89
2026-08-18 18:11:51,FULL_FRAME,0,0,0,0,1102,485,9.89
2026-08-18 18:11:51,FULL_FRAME,0,0,0,0,1102,485,9.89
2026-08-18 18:11:51,FULL_FRAME,0,0,0,0,1102,485,9.89
2026-08-18 18:11:51,FULL_FRAME,0,0,0,0,1102,485,9.89
2026-08-18 18:11:51,FULL_FRAME,0,0,0,0,1102,485,10.14
2026-08-18 18:11:51,FULL_FRAME,0,0,0,0,1102,485,10.14
2026-08-18 18:11:51,FULL_FRAME,0,0,0,0,1102,485,10.14
2026-08-18 18:11:51,FULL_FRAME,0,0,0,0,1102,485,10.14
2026-08-18 18:11:51,FULL_FRAME,0,0,0,0,1102,485,10.14
2026-08-18 18:11:52,FULL_FRAME,0,0,0,0,1102,485,10.14
2026-08-18 18:11:52,FULL_FRAME,0,0,0,0,1102,485,10.14
2026-08-18 18:11:52,FULL_FRAME,0,0,0,0,1102,485,10.14
2026-08-18 18:11:52,FULL_FRAME,0,0,0,0,1102,485,10.14
2026-08-18 18:11:52,FULL_FRAME,0,0,0,0,1102,485,10.14
2026-08-18 18:11:52,FULL_FRAME,0,0,0,0,1102,485,9.91
2026-08-18 18:11:52,FULL_FRAME,0,0,0,0,1102,485,9.91
2026-08-18 18:11:52,FULL_FRAME,0,0,0,0,1102,485,9.91
2026-08-18 18:11:52,FULL_FRAME,0,0,0,0,1102,485,9.91
2026-08-18 18:11:52,FULL_FRAME,0,0,0,0,1102,485,9.91
2026-08-18 18:11:53,FULL_FRAME,0,0,0,0,1102,485,9.91
2026-08-18 18:11:53,FULL_FRAME,0,0,0,0,1102,485,9.91
2026-08-18 18:11:53,FULL_FRAME,0,0,0,0,1102,485,9.91
2026-08-18 18:11:53,FULL_FRAME,0,0,0,0,1102,485,9.91
2026-08-18 18:11:53,FULL_FRAME,0,0,0,0,1102,485,9.91
2026-08-18 18:11:53,FULL_FRAME,0,0,0,0,1102,485,9.91
2026-08-18 18:11:53,FULL_FRAME,0,0,0,0,1102,485,10.11
2026-08-18 18:11:53,FULL_FRAME,0,0,0,0,1102,485,10.11
2026-08-18 18:11:53,FULL_FRAME,0,0,0,0,1102,485,10.11
2026-08-18 18:11:53,FULL_FRAME,0,0,0,0,1102,485,10.11
2026-08-18 18:11:54,FULL_FRAME,0,0,0,0,1102,485,10.11
2026-08-18 18:11:54,FULL_FRAME,0,0,0,0,1102,485,10.11
2026-08-18 18:11:54,FULL_FRAME,0,0,0,0,1102,485,10.11
2026-08-18 18:11:54,FULL_FRAME,0,0,0,0,1102,485,10.11
2026-08-18 18:11:54,FULL_FRAME,0,0,0,0,1102,485,10.11
2026-08-18 18:11:54,FULL_FRAME,0,0,0,0,1102,485,10.11
2026-08-18 18:11:54,FULL_FRAME,0,0,0,0,1102,485,10.11
2026-08-18 18:11:54,FULL_FRAME,0,0,0,0,1102,485,10.03
2026-08-18 18:11:54,FULL_FRAME,0,0,0,0,1102,485,10.03
2026-08-18 18:11:54,FULL_FRAME,0,0,0,0,1102,485,10.03
2026-08-18 18:11:54,FULL_FRAME,0,0,0,0,1102,485,10.03
2026-08-18 18:11:55,FULL_FRAME,0,0,0,0,1102,485,10.03
2026-08-18 18:11:55,FULL_FRAME,0,0,0,0,1102,485,10.03
2026-08-18 18:11:55,FULL_FRAME,0,0,0,0,1102,485,10.03
2026-08-18 18:11:55,FULL_FRAME,0,0,0,0,1102,485,10.03
2026-08-18 18:11:55,FULL_FRAME,0,0,0,0,1102,485,10.03
2026-08-18 18:11:55,FULL_FRAME,0,0,0,0,1102,485,10.03
2026-08-18 18:11:55,FULL_FRAME,0,0,0,0,1102,485,10.03
2026-08-18 18:11:55,FULL_FRAME,0,0,0,0,1102,485,10.05
2026-08-18 18:11:55,FULL_FRAME,0,0,0,0,1102,485,10.05
2026-08-18 18:11:56,FULL_FRAME,0,0,0,0,1102,485,10.05
2026-08-18 18:11:56,FULL_FRAME,0,0,0,0,1102,485,10.05
2026-08-18 18:11:56,FULL_FRAME,0,0,0,0,1102,485,10.05
2026-08-18 18:11:56,FULL_FRAME,0,0,0,0,1102,485,10.05
2026-08-18 18:11:56,FULL_FRAME,0,0,0,0,1102,485,10.05
2026-08-18 18:11:56,FULL_FRAME,0,0,0,0,1102,485,10.05
2026-08-18 18:11:56,FULL_FRAME,0,0,0,0,1102,485,10.05
2026-08-18 18:11:56,FULL_FRAME,0,0,0,0,1102,485,10.05
2026-08-18 18:11:56,FULL_FRAME,0,0,0,0,1102,485,9.97
2026-08-18 18:11:56,FULL_FRAME,0,0,0,0,1102,485,9.97
2026-08-18 18:11:57,FULL_FRAME,0,0,0,0,1102,485,9.97
2026-08-18 18:11:57,FULL_FRAME,0,0,0,0,1102,485,9.97
2026-08-18 18:11:57,FULL_FRAME,0,0,0,0,1102,485,9.97
